[10mai.2026 15:06:15.404] [main/INFO] [cpw.mods.modlauncher.Launcher/MODLAUNCHER]: ModLauncher running: args [--launchTarget, forgeclientuserdev, --version, MOD_DEV, --assetIndex, 5, --assetsDir, D:\\Users\\diogo\\.gradle\\caches\\neoformruntime\\assets, --gameDir, ., --fml.forgeVersion, 47.4.0, --fml.mcVersion, 1.20.1, --fml.forgeGroup, net.minecraftforge, --fml.mcpVersion, 20230612.114412, --mixin.config, diggycore.mixins.json, --refresh-dependencies]
[10mai.2026 15:06:15.408] [main/INFO] [cpw.mods.modlauncher.Launcher/MODLAUNCHER]: ModLauncher 10.0.10+10.0.10+main.22f00f84 starting: java version 17.0.12 by Oracle Corporation; OS Windows 11 arch amd64 version 10.0
[10mai.2026 15:06:15.748] [main/INFO] [net.minecraftforge.fml.loading.ImmediateWindowHandler/]: Loading ImmediateWindowProvider fmlearlywindow
[10mai.2026 15:06:16.799] [main/INFO] [EARLYDISPLAY/]: Trying GL version 4.6
[10mai.2026 15:06:22.363] [main/INFO] [EARLYDISPLAY/]: Requested GL version 4.6 got version 4.6
[10mai.2026 15:06:22.968] [pool-2-thread-1/INFO] [EARLYDISPLAY/]: GL info: NVIDIA GeForce GTX 1060 3GB/PCIe/SSE2 GL version 4.6.0 NVIDIA 560.94, NVIDIA Corporation
[10mai.2026 15:06:22.997] [main/INFO] [mixin/]: SpongePowered MIXIN Subsystem Version=0.8.5 Source=union:/D:/Users/diogo/.gradle/caches/modules-2/files-2.1/org.spongepowered/mixin/0.8.5/9d1c0c3a304ae6697ecd477218fa61b850bf57fc/mixin-0.8.5.jar%23186!/ Service=ModLauncher Env=CLIENT
[10mai.2026 15:06:27.886] [main/WARN] [net.minecraftforge.fml.loading.moddiscovery.ModFileParser/LOADING]: Mod file D:\Users\diogo\.gradle\caches\modules-2\files-2.1\net.minecraftforge\fmlcore\1.20.1-47.4.0\235975dafa4309945b59c56b53f31dc5b65a6051\fmlcore-1.20.1-47.4.0.jar is missing mods.toml file
[10mai.2026 15:06:27.902] [main/WARN] [net.minecraftforge.fml.loading.moddiscovery.ModFileParser/LOADING]: Mod file D:\Users\diogo\.gradle\caches\modules-2\files-2.1\net.minecraftforge\javafmllanguage\1.20.1-47.4.0\f0c0b352173d0a378cbdcec9cfc4ba65899a721\javafmllanguage-1.20.1-47.4.0.jar is missing mods.toml file
[10mai.2026 15:06:27.902] [main/WARN] [net.minecraftforge.fml.loading.moddiscovery.ModFileParser/LOADING]: Mod file D:\Users\diogo\.gradle\caches\modules-2\files-2.1\net.minecraftforge\lowcodelanguage\1.20.1-47.4.0\e862740d8c84d08dbfedea412bef88fe42e727c5\lowcodelanguage-1.20.1-47.4.0.jar is missing mods.toml file
[10mai.2026 15:06:27.902] [main/WARN] [net.minecraftforge.fml.loading.moddiscovery.ModFileParser/LOADING]: Mod file D:\Users\diogo\.gradle\caches\modules-2\files-2.1\net.minecraftforge\mclanguage\1.20.1-47.4.0\5719b3a297a33f877ed5dde4cb4bd75c859096af\mclanguage-1.20.1-47.4.0.jar is missing mods.toml file
[10mai.2026 15:06:28.657] [main/INFO] [net.minecraftforge.fml.loading.moddiscovery.JarInJarDependencyLocator/]: Found 2 dependencies adding them to mods collection
[10mai.2026 15:06:46.566] [main/INFO] [mixin/]: Compatibility level set to JAVA_17
[10mai.2026 15:06:46.583] [main/INFO] [cpw.mods.modlauncher.LaunchServiceHandler/MODLAUNCHER]: Launching target 'forgeclientuserdev' with arguments [--version, MOD_DEV, --gameDir, ., --assetsDir, D:\Users\diogo\.gradle\caches\neoformruntime\assets, --assetIndex, 5, --refresh-dependencies]
[10mai.2026 15:06:47.051] [main/INFO] [mixin/]: Remapping refMap emi-xplat-refmap.json using D:\\Users\\diogo\\OneDrive\\Documentos\\GitHub\\DiggyCore\\build\\moddev\\artifacts\\intermediateToNamed.srg
[10mai.2026 15:06:47.052] [main/WARN] [mixin/]: Reference map 'emi-forge-refmap.json' for emi-forge.mixins.json could not be read. If this is a development environment you can ignore this message
[10mai.2026 15:06:47.143] [main/INFO] [mixin/]: Remapping refMap configuration.refmap.json using D:\\Users\\diogo\\OneDrive\\Documentos\\GitHub\\DiggyCore\\build\\moddev\\artifacts\\intermediateToNamed.srg
[10mai.2026 15:06:47.145] [main/INFO] [mixin/]: Remapping refMap jade.refmap.json using D:\\Users\\diogo\\OneDrive\\Documentos\\GitHub\\DiggyCore\\build\\moddev\\artifacts\\intermediateToNamed.srg
[10mai.2026 15:06:47.147] [main/INFO] [mixin/]: Remapping refMap ldlib-common-1.20.1-ldlib-common-refmap.json using D:\\Users\\diogo\\OneDrive\\Documentos\\GitHub\\DiggyCore\\build\\moddev\\artifacts\\intermediateToNamed.srg
[10mai.2026 15:06:47.148] [main/INFO] [mixin/]: Remapping refMap ldlib-forge-1.20.1-ldlib-forge-refmap.json using D:\\Users\\diogo\\OneDrive\\Documentos\\GitHub\\DiggyCore\\build\\moddev\\artifacts\\intermediateToNamed.srg
[10mai.2026 15:06:47.152] [main/INFO] [mixin/]: Remapping refMap gtceu.refmap.json using D:\\Users\\diogo\\OneDrive\\Documentos\\GitHub\\DiggyCore\\build\\moddev\\artifacts\\intermediateToNamed.srg
[10mai.2026 15:06:47.698] [main/INFO] [MixinExtras|Service/]: Initializing MixinExtras via com.llamalad7.mixinextras.service.MixinExtrasServiceImpl(version=0.3.5).
[10mai.2026 15:06:54.371] [Datafixer Bootstrap/INFO] [com.mojang.datafixers.DataFixerBuilder/]: 188 Datafixer optimizations took 122 milliseconds
[10mai.2026 15:06:56.232] [Render thread/WARN] [net.minecraft.server.packs.VanillaPackResourcesBuilder/]: Assets URL 'union:/D:/Users/diogo/OneDrive/Documentos/GitHub/DiggyCore/build/moddev/artifacts/forge-1.20.1-47.4.0-merged.jar%23189!/assets/.mcassetsroot' uses unexpected schema
[10mai.2026 15:06:56.232] [Render thread/WARN] [net.minecraft.server.packs.VanillaPackResourcesBuilder/]: Assets URL 'union:/D:/Users/diogo/OneDrive/Documentos/GitHub/DiggyCore/build/moddev/artifacts/forge-1.20.1-47.4.0-merged.jar%23189!/data/.mcassetsroot' uses unexpected schema
[10mai.2026 15:06:56.252] [Render thread/INFO] [com.mojang.authlib.yggdrasil.YggdrasilAuthenticationService/]: Environment: authHost='https://authserver.mojang.com', accountsHost='https://api.mojang.com', sessionHost='https://sessionserver.mojang.com', servicesHost='https://api.minecraftservices.com', name='PROD'
[10mai.2026 15:06:56.258] [Render thread/INFO] [net.minecraft.client.Minecraft/]: Setting user: Dev
[10mai.2026 15:06:56.365] [Render thread/INFO] [net.minecraft.client.Minecraft/]: Backend library: LWJGL version 3.3.1 build 7
[10mai.2026 15:06:56.933] [modloading-worker-0/INFO] [GregTechCEu/]: GregTechCEu is initializing...
[10mai.2026 15:06:56.966] [modloading-worker-0/INFO] [LowDragLib/]: LowDragLib is initializing on platform: Forge
[10mai.2026 15:06:56.999] [modloading-worker-0/INFO] [net.minecraftforge.common.ForgeMod/FORGEMOD]: Forge mod loading, version 47.4.0, for MC 1.20.1 with MCP 20230612.114412
[10mai.2026 15:06:56.999] [modloading-worker-0/INFO] [net.minecraftforge.common.MinecraftForge/FORGE]: MinecraftForge v47.4.0 Initialized
[10mai.2026 15:06:57.156] [modloading-worker-0/INFO] [Configuration/FileWatching]: Registered configuration config for auto-sync function
[10mai.2026 15:06:57.248] [modloading-worker-0/INFO] [Configuration/FileWatching]: Registered gtceu config for auto-sync function
[10mai.2026 15:06:57.248] [modloading-worker-0/INFO] [GregTechCEu/]: High-Tier is Enabled.
[10mai.2026 15:06:57.485] [modloading-worker-0/INFO] [mezz.jei.library.load.PluginCaller/]: Sending ConfigManager...
[10mai.2026 15:06:57.498] [modloading-worker-0/INFO] [mezz.jei.library.load.PluginCaller/]: Sending ConfigManager took 1.778 ms
[10mai.2026 15:06:57.617] [Render thread/INFO] [GregTechCEu/]: GTCEu common proxy init!
[10mai.2026 15:06:57.699] [Render thread/INFO] [GregTechCEu/]: Registering material registries
[10mai.2026 15:06:57.699] [Render thread/INFO] [GregTechCEu/]: Registering GTCEu Materials
[10mai.2026 15:06:57.886] [Render thread/INFO] [GregTechCEu/]: Registering addon Materials
[10mai.2026 15:06:58.447] [Render thread/WARN] [GregTechCEu/]: FluidStorageKey{gtceu:liquid} already has an associated fluid for material gtceu:lava
[10mai.2026 15:06:58.455] [Render thread/WARN] [GregTechCEu/]: FluidStorageKey{gtceu:liquid} already has an associated fluid for material gtceu:water
[10mai.2026 15:06:58.464] [Render thread/WARN] [GregTechCEu/]: FluidStorageKey{gtceu:liquid} already has an associated fluid for material gtceu:milk
[10mai.2026 15:06:59.510] [Render thread/INFO] [GregTechCEu/]: Registering KeyBinds
[10mai.2026 15:06:59.532] [Render thread/WARN] [net.minecraftforge.fml.DeferredWorkQueue/LOADING]: Mod 'gtceu' took 1.914 s to run a deferred task.
[10mai.2026 15:07:04.055] [Render thread/WARN] [mixin/]: Error loading class: dev/latvian/mods/kubejs/KubeJSPlugin (java.lang.ClassNotFoundException: dev.latvian.mods.kubejs.KubeJSPlugin)
[10mai.2026 15:07:04.057] [Render thread/WARN] [mixin/]: Error loading class: org/embeddedt/modernfix/api/entrypoint/ModernFixClientIntegration (java.lang.ClassNotFoundException: org.embeddedt.modernfix.api.entrypoint.ModernFixClientIntegration)
[10mai.2026 15:07:04.367] [Render thread/INFO] [net.minecraftforge.gametest.ForgeGameTestHooks/]: Enabled Gametest Namespaces: [diggycore]
[10mai.2026 15:07:05.007] [Render thread/INFO] [net.minecraft.server.packs.resources.ReloadableResourceManager/]: Reloading ResourceManager: gtceu:dynamic_assets, vanilla, mod_resources, ldlib
[10mai.2026 15:07:05.622] [Render thread/INFO] [GregTechCEu/]: GregTech Model loading took 491ms
[10mai.2026 15:07:06.683] [Worker-Main-3/INFO] [net.minecraft.client.gui.font.providers.UnihexProvider/]: Found unifont_all_no_pua-15.0.06.hex, loading
[10mai.2026 15:07:07.032] [Forge Version Check/INFO] [net.minecraftforge.fml.VersionChecker/]: [configuration] Starting version check at https://raw.githubusercontent.com/Toma1O6/UpdateSchemas/master/configuration-forge.json
[10mai.2026 15:07:07.406] [Render thread/INFO] [net.phoenix.diggycore.DiggyCore/]: Hello from common setup! This is *after* registries are done, so we can do this:
[10mai.2026 15:07:07.406] [Render thread/INFO] [net.phoenix.diggycore.DiggyCore/]: Look, I found a diamond!
[10mai.2026 15:07:07.783] [Worker-Main-5/INFO] [net.phoenix.diggycore.DiggyCore/]: Hey, we're on Minecraft version MOD_DEV!
[10mai.2026 15:07:08.708] [Forge Version Check/INFO] [net.minecraftforge.fml.VersionChecker/]: [configuration] Found status: OUTDATED Current: 2.2.0 Target: 2.2.1
[10mai.2026 15:07:08.708] [Forge Version Check/INFO] [net.minecraftforge.fml.VersionChecker/]: [forge] Starting version check at https://files.minecraftforge.net/net/minecraftforge/forge/promotions_slim.json
[10mai.2026 15:07:09.131] [Worker-Main-2/WARN] [net.minecraft.client.resources.model.ModelBakery/]: gtceu:item/material_sets/dull/nanites
java.io.FileNotFoundException: gtceu:models/item/material_sets/dull/nanites.json
	at net.minecraft.client.resources.model.ModelBakery.loadBlockModel(ModelBakery.java:417) ~[forge-1.20.1-47.4.0-merged.jar%23189!/:?]
	at net.minecraft.client.resources.model.ModelBakery.loadModel(ModelBakery.java:262) ~[forge-1.20.1-47.4.0-merged.jar%23189!/:?]
	at net.minecraft.client.resources.model.ModelBakery.getModel(ModelBakery.java:243) ~[forge-1.20.1-47.4.0-merged.jar%23189!/:?]
	at net.minecraft.client.resources.model.ModelBakery.loadTopLevel(ModelBakery.java:384) ~[forge-1.20.1-47.4.0-merged.jar%23189!/:?]
	at net.minecraft.client.resources.model.ModelBakery.<init>(ModelBakery.java:150) ~[forge-1.20.1-47.4.0-merged.jar%23189!/:?]
	at net.minecraft.client.resources.model.ModelManager.lambda$reload$0(ModelManager.java:83) ~[forge-1.20.1-47.4.0-merged.jar%23189!/:?]
	at java.util.concurrent.CompletableFuture.biApply(CompletableFuture.java:1311) ~[?:?]
	at java.util.concurrent.CompletableFuture$BiApply.tryFire(CompletableFuture.java:1280) ~[?:?]
	at java.util.concurrent.CompletableFuture$Completion.exec(CompletableFuture.java:483) ~[?:?]
	at java.util.concurrent.ForkJoinTask.doExec(ForkJoinTask.java:373) ~[?:?]
	at java.util.concurrent.ForkJoinPool$WorkQueue.topLevelExec(ForkJoinPool.java:1182) ~[?:?]
	at java.util.concurrent.ForkJoinPool.scan(ForkJoinPool.java:1655) ~[?:?]
	at java.util.concurrent.ForkJoinPool.runWorker(ForkJoinPool.java:1622) ~[?:?]
	at java.util.concurrent.ForkJoinWorkerThread.run(ForkJoinWorkerThread.java:165) ~[?:?]
[10mai.2026 15:07:11.375] [Forge Version Check/INFO] [net.minecraftforge.fml.VersionChecker/]: [forge] Found status: OUTDATED Current: 47.4.0 Target: 47.4.10
[10mai.2026 15:07:11.634] [Worker-Main-10/INFO] [Jade/]: Start loading plugin at snownee.jade.addon.vanilla.VanillaPlugin
[10mai.2026 15:07:11.666] [Worker-Main-10/INFO] [Jade/]: Start loading plugin at snownee.jade.addon.universal.UniversalPlugin
[10mai.2026 15:07:11.668] [Worker-Main-10/INFO] [Jade/]: Start loading plugin at snownee.jade.addon.core.CorePlugin
[10mai.2026 15:07:11.672] [Worker-Main-10/INFO] [Jade/]: Start loading plugin at com.gregtechceu.gtceu.integration.jade.GTJadePlugin
[10mai.2026 15:07:11.689] [Worker-Main-10/INFO] [Jade/]: Dev environment detected, loading test plugin
[10mai.2026 15:07:13.626] [Render thread/WARN] [net.minecraft.client.sounds.SoundEngine/]: Missing sound for event: minecraft:item.goat_horn.play
[10mai.2026 15:07:13.626] [Render thread/WARN] [net.minecraft.client.sounds.SoundEngine/]: Missing sound for event: minecraft:entity.goat.screaming.horn_break
[10mai.2026 15:07:13.687] [Render thread/INFO] [com.mojang.blaze3d.audio.Library/]: OpenAL initialized on device OpenAL Soft on Altifalantes (High Definition Audio Device)
[10mai.2026 15:07:13.688] [Render thread/INFO] [net.minecraft.client.sounds.SoundEngine/SOUNDS]: Sound engine started
[10mai.2026 15:07:13.775] [Render thread/INFO] [net.minecraft.client.renderer.texture.TextureAtlas/]: Created: 2048x1024x4 minecraft:textures/atlas/blocks.png-atlas
[10mai.2026 15:07:13.788] [Render thread/INFO] [net.minecraft.client.renderer.texture.TextureAtlas/]: Created: 256x256x4 minecraft:textures/atlas/signs.png-atlas
[10mai.2026 15:07:13.793] [Render thread/INFO] [net.minecraft.client.renderer.texture.TextureAtlas/]: Created: 512x512x4 minecraft:textures/atlas/shield_patterns.png-atlas
[10mai.2026 15:07:13.794] [Render thread/INFO] [net.minecraft.client.renderer.texture.TextureAtlas/]: Created: 512x512x4 minecraft:textures/atlas/banner_patterns.png-atlas
[10mai.2026 15:07:13.794] [Render thread/INFO] [net.minecraft.client.renderer.texture.TextureAtlas/]: Created: 1024x1024x4 minecraft:textures/atlas/armor_trims.png-atlas
[10mai.2026 15:07:13.795] [Render thread/INFO] [net.minecraft.client.renderer.texture.TextureAtlas/]: Created: 128x64x4 minecraft:textures/atlas/decorated_pot.png-atlas
[10mai.2026 15:07:13.798] [Render thread/INFO] [net.minecraft.client.renderer.texture.TextureAtlas/]: Created: 256x256x4 minecraft:textures/atlas/chest.png-atlas
[10mai.2026 15:07:13.799] [Render thread/INFO] [net.minecraft.client.renderer.texture.TextureAtlas/]: Created: 512x256x4 minecraft:textures/atlas/beds.png-atlas
[10mai.2026 15:07:13.799] [Render thread/INFO] [net.minecraft.client.renderer.texture.TextureAtlas/]: Created: 512x256x4 minecraft:textures/atlas/shulker_boxes.png-atlas
[10mai.2026 15:07:13.909] [Render thread/WARN] [net.minecraft.client.renderer.ShaderInstance/]: Shader rendertype_entity_translucent_emissive could not find sampler named Sampler2 in the specified shader program.
[10mai.2026 15:07:14.067] [Render thread/INFO] [net.minecraft.client.renderer.texture.TextureAtlas/]: Created: 256x256x0 minecraft:textures/atlas/particles.png-atlas
[10mai.2026 15:07:14.068] [Render thread/INFO] [net.minecraft.client.renderer.texture.TextureAtlas/]: Created: 256x256x0 minecraft:textures/atlas/paintings.png-atlas
[10mai.2026 15:07:14.068] [Render thread/INFO] [net.minecraft.client.renderer.texture.TextureAtlas/]: Created: 128x128x0 minecraft:textures/atlas/mob_effects.png-atlas
[10mai.2026 15:07:14.102] [Render thread/INFO] [net.minecraft.client.renderer.texture.TextureAtlas/]: Created: 256x256x0 jei:textures/atlas/gui.png-atlas
[10mai.2026 15:07:15.245] [Realms Notification Availability checker #1/INFO] [com.mojang.realmsclient.client.RealmsClient/]: Could not authorize you against Realms server: java.lang.RuntimeException: Failed to parse into SignedJWT: 0
[10mai.2026 15:07:52.080] [Render thread/INFO] [GregTechCEu/]: Registering dungeon loot...
[10mai.2026 15:07:52.084] [Render thread/INFO] [GregTechCEu/]: GregTech Data loading took 3679ms
[10mai.2026 15:07:52.128] [Render thread/INFO] [net.minecraftforge.registries.GameData/REGISTRIES]: Injecting existing registry data into this CLIENT instance
[10mai.2026 15:07:54.922] [Render thread/INFO] [net.minecraft.world.item.crafting.RecipeManager/]: Loaded 63 recipes
[10mai.2026 15:07:55.231] [Render thread/INFO] [net.minecraft.advancements.AdvancementList/]: Loaded 1271 advancements
[10mai.2026 15:07:55.660] [Render thread/INFO] [EMI/]: [EMI] Recipes synchronized, waiting for tags to reload EMI...
[10mai.2026 15:07:55.661] [Render thread/INFO] [EMI/]: [EMI] Disconnecting from server, EMI data cleared
[10mai.2026 15:07:55.662] [Thread-7/INFO] [EMI/]: [EMI] Clearing data
[10mai.2026 15:07:55.983] [Server thread/INFO] [net.minecraft.client.server.IntegratedServer/]: Starting integrated minecraft server version 1.20.1
[10mai.2026 15:07:55.983] [Server thread/INFO] [net.minecraft.server.MinecraftServer/]: Generating keypair
[10mai.2026 15:07:56.974] [Server thread/INFO] [net.minecraft.server.MinecraftServer/]: Preparing start region for dimension minecraft:overworld
[10mai.2026 15:07:57.779] [Render thread/INFO] [net.minecraft.server.level.progress.LoggerChunkProgressListener/]: Preparing spawn area: 0%
[10mai.2026 15:07:57.779] [Render thread/INFO] [net.minecraft.server.level.progress.LoggerChunkProgressListener/]: Preparing spawn area: 0%
[10mai.2026 15:07:58.224] [Render thread/INFO] [net.minecraft.server.level.progress.LoggerChunkProgressListener/]: Preparing spawn area: 0%
[10mai.2026 15:07:58.519] [Render thread/INFO] [net.minecraft.server.level.progress.LoggerChunkProgressListener/]: Preparing spawn area: 0%
[10mai.2026 15:07:59.249] [Render thread/INFO] [net.minecraft.server.level.progress.LoggerChunkProgressListener/]: Preparing spawn area: 0%
[10mai.2026 15:07:59.578] [Render thread/INFO] [net.minecraft.server.level.progress.LoggerChunkProgressListener/]: Preparing spawn area: 0%
[10mai.2026 15:07:59.991] [Render thread/INFO] [net.minecraft.server.level.progress.LoggerChunkProgressListener/]: Preparing spawn area: 0%
[10mai.2026 15:08:00.528] [Render thread/INFO] [net.minecraft.server.level.progress.LoggerChunkProgressListener/]: Preparing spawn area: 0%
[10mai.2026 15:08:01.272] [Render thread/INFO] [net.minecraft.server.level.progress.LoggerChunkProgressListener/]: Preparing spawn area: 0%
[10mai.2026 15:08:01.495] [Render thread/INFO] [net.minecraft.server.level.progress.LoggerChunkProgressListener/]: Preparing spawn area: 0%
[10mai.2026 15:08:02.113] [Render thread/INFO] [net.minecraft.server.level.progress.LoggerChunkProgressListener/]: Preparing spawn area: 0%
[10mai.2026 15:08:02.510] [Render thread/INFO] [net.minecraft.server.level.progress.LoggerChunkProgressListener/]: Preparing spawn area: 0%
[10mai.2026 15:08:02.993] [Render thread/INFO] [net.minecraft.server.level.progress.LoggerChunkProgressListener/]: Preparing spawn area: 0%
[10mai.2026 15:08:03.490] [Render thread/INFO] [net.minecraft.server.level.progress.LoggerChunkProgressListener/]: Preparing spawn area: 0%
[10mai.2026 15:08:03.987] [Render thread/INFO] [net.minecraft.server.level.progress.LoggerChunkProgressListener/]: Preparing spawn area: 0%
[10mai.2026 15:08:04.485] [Render thread/INFO] [net.minecraft.server.level.progress.LoggerChunkProgressListener/]: Preparing spawn area: 0%
[10mai.2026 15:08:05.018] [Render thread/INFO] [net.minecraft.server.level.progress.LoggerChunkProgressListener/]: Preparing spawn area: 0%
[10mai.2026 15:08:05.939] [Render thread/INFO] [net.minecraft.server.level.progress.LoggerChunkProgressListener/]: Preparing spawn area: 0%
[10mai.2026 15:08:06.092] [Render thread/INFO] [net.minecraft.server.level.progress.LoggerChunkProgressListener/]: Preparing spawn area: 0%
[10mai.2026 15:08:06.535] [Render thread/INFO] [net.minecraft.server.level.progress.LoggerChunkProgressListener/]: Preparing spawn area: 0%
[10mai.2026 15:08:07.012] [Render thread/INFO] [net.minecraft.server.level.progress.LoggerChunkProgressListener/]: Preparing spawn area: 0%
[10mai.2026 15:08:07.814] [Render thread/INFO] [net.minecraft.server.level.progress.LoggerChunkProgressListener/]: Preparing spawn area: 0%
[10mai.2026 15:08:08.070] [Render thread/INFO] [net.minecraft.server.level.progress.LoggerChunkProgressListener/]: Preparing spawn area: 0%
[10mai.2026 15:08:08.516] [Render thread/INFO] [net.minecraft.server.level.progress.LoggerChunkProgressListener/]: Preparing spawn area: 0%
[10mai.2026 15:08:09.030] [Render thread/INFO] [net.minecraft.server.level.progress.LoggerChunkProgressListener/]: Preparing spawn area: 0%
[10mai.2026 15:08:09.551] [Render thread/INFO] [net.minecraft.server.level.progress.LoggerChunkProgressListener/]: Preparing spawn area: 0%
[10mai.2026 15:08:10.046] [Render thread/INFO] [net.minecraft.server.level.progress.LoggerChunkProgressListener/]: Preparing spawn area: 0%
[10mai.2026 15:08:10.540] [Render thread/INFO] [net.minecraft.server.level.progress.LoggerChunkProgressListener/]: Preparing spawn area: 0%
[10mai.2026 15:08:11.209] [Render thread/INFO] [net.minecraft.server.level.progress.LoggerChunkProgressListener/]: Preparing spawn area: 0%
[10mai.2026 15:08:11.540] [Render thread/INFO] [net.minecraft.server.level.progress.LoggerChunkProgressListener/]: Preparing spawn area: 0%
[10mai.2026 15:08:12.135] [Render thread/INFO] [net.minecraft.server.level.progress.LoggerChunkProgressListener/]: Preparing spawn area: 0%
[10mai.2026 15:08:12.514] [Render thread/INFO] [net.minecraft.server.level.progress.LoggerChunkProgressListener/]: Preparing spawn area: 0%
[10mai.2026 15:08:13.049] [Render thread/INFO] [net.minecraft.server.level.progress.LoggerChunkProgressListener/]: Preparing spawn area: 0%
[10mai.2026 15:08:13.483] [Render thread/INFO] [net.minecraft.server.level.progress.LoggerChunkProgressListener/]: Preparing spawn area: 0%
[10mai.2026 15:08:14.035] [Render thread/INFO] [net.minecraft.server.level.progress.LoggerChunkProgressListener/]: Preparing spawn area: 0%
[10mai.2026 15:08:14.602] [Render thread/INFO] [net.minecraft.server.level.progress.LoggerChunkProgressListener/]: Preparing spawn area: 0%
[10mai.2026 15:08:14.998] [Render thread/INFO] [net.minecraft.server.level.progress.LoggerChunkProgressListener/]: Preparing spawn area: 0%
[10mai.2026 15:08:15.562] [Render thread/INFO] [net.minecraft.server.level.progress.LoggerChunkProgressListener/]: Preparing spawn area: 0%
[10mai.2026 15:08:15.988] [Render thread/INFO] [net.minecraft.server.level.progress.LoggerChunkProgressListener/]: Preparing spawn area: 0%
[10mai.2026 15:08:16.696] [Render thread/INFO] [net.minecraft.server.level.progress.LoggerChunkProgressListener/]: Preparing spawn area: 0%
[10mai.2026 15:08:17.009] [Render thread/INFO] [net.minecraft.server.level.progress.LoggerChunkProgressListener/]: Preparing spawn area: 0%
[10mai.2026 15:08:17.509] [Render thread/INFO] [net.minecraft.server.level.progress.LoggerChunkProgressListener/]: Preparing spawn area: 0%
[10mai.2026 15:08:18.172] [Render thread/INFO] [net.minecraft.server.level.progress.LoggerChunkProgressListener/]: Preparing spawn area: 0%
[10mai.2026 15:08:18.524] [Render thread/INFO] [net.minecraft.server.level.progress.LoggerChunkProgressListener/]: Preparing spawn area: 0%
[10mai.2026 15:08:19.443] [Render thread/INFO] [net.minecraft.server.level.progress.LoggerChunkProgressListener/]: Preparing spawn area: 0%
[10mai.2026 15:08:19.528] [Render thread/INFO] [net.minecraft.server.level.progress.LoggerChunkProgressListener/]: Preparing spawn area: 0%
[10mai.2026 15:08:19.990] [Render thread/INFO] [net.minecraft.server.level.progress.LoggerChunkProgressListener/]: Preparing spawn area: 0%
[10mai.2026 15:08:20.518] [Render thread/INFO] [net.minecraft.server.level.progress.LoggerChunkProgressListener/]: Preparing spawn area: 0%
[10mai.2026 15:08:21.028] [Render thread/INFO] [net.minecraft.server.level.progress.LoggerChunkProgressListener/]: Preparing spawn area: 0%
[10mai.2026 15:08:21.511] [Render thread/INFO] [net.minecraft.server.level.progress.LoggerChunkProgressListener/]: Preparing spawn area: 0%
[10mai.2026 15:08:22.086] [Render thread/INFO] [net.minecraft.server.level.progress.LoggerChunkProgressListener/]: Preparing spawn area: 0%
[10mai.2026 15:08:22.623] [Render thread/INFO] [net.minecraft.server.level.progress.LoggerChunkProgressListener/]: Preparing spawn area: 0%
[10mai.2026 15:08:23.004] [Render thread/INFO] [net.minecraft.server.level.progress.LoggerChunkProgressListener/]: Preparing spawn area: 0%
[10mai.2026 15:08:23.503] [Render thread/INFO] [net.minecraft.server.level.progress.LoggerChunkProgressListener/]: Preparing spawn area: 0%
[10mai.2026 15:08:24.022] [Render thread/INFO] [net.minecraft.server.level.progress.LoggerChunkProgressListener/]: Preparing spawn area: 0%
[10mai.2026 15:08:24.575] [Render thread/INFO] [net.minecraft.server.level.progress.LoggerChunkProgressListener/]: Preparing spawn area: 0%
[10mai.2026 15:08:25.022] [Render thread/INFO] [net.minecraft.server.level.progress.LoggerChunkProgressListener/]: Preparing spawn area: 0%
[10mai.2026 15:08:25.554] [Render thread/INFO] [net.minecraft.server.level.progress.LoggerChunkProgressListener/]: Preparing spawn area: 0%
[10mai.2026 15:08:25.987] [Render thread/INFO] [net.minecraft.server.level.progress.LoggerChunkProgressListener/]: Preparing spawn area: 0%
[10mai.2026 15:08:26.516] [Render thread/INFO] [net.minecraft.server.level.progress.LoggerChunkProgressListener/]: Preparing spawn area: 0%
[10mai.2026 15:08:27.015] [Render thread/INFO] [net.minecraft.server.level.progress.LoggerChunkProgressListener/]: Preparing spawn area: 0%
[10mai.2026 15:08:27.538] [Render thread/INFO] [net.minecraft.server.level.progress.LoggerChunkProgressListener/]: Preparing spawn area: 1%
[10mai.2026 15:08:28.071] [Render thread/INFO] [net.minecraft.server.level.progress.LoggerChunkProgressListener/]: Preparing spawn area: 1%
[10mai.2026 15:08:28.498] [Render thread/INFO] [net.minecraft.server.level.progress.LoggerChunkProgressListener/]: Preparing spawn area: 1%
[10mai.2026 15:08:29.049] [Render thread/INFO] [net.minecraft.server.level.progress.LoggerChunkProgressListener/]: Preparing spawn area: 1%
[10mai.2026 15:08:29.732] [Render thread/INFO] [net.minecraft.server.level.progress.LoggerChunkProgressListener/]: Preparing spawn area: 1%
[10mai.2026 15:08:30.041] [Render thread/INFO] [net.minecraft.server.level.progress.LoggerChunkProgressListener/]: Preparing spawn area: 1%
[10mai.2026 15:08:30.663] [Render thread/INFO] [net.minecraft.server.level.progress.LoggerChunkProgressListener/]: Preparing spawn area: 1%
[10mai.2026 15:08:31.027] [Render thread/INFO] [net.minecraft.server.level.progress.LoggerChunkProgressListener/]: Preparing spawn area: 1%
[10mai.2026 15:08:31.579] [Render thread/INFO] [net.minecraft.server.level.progress.LoggerChunkProgressListener/]: Preparing spawn area: 1%
[10mai.2026 15:08:32.045] [Render thread/INFO] [net.minecraft.server.level.progress.LoggerChunkProgressListener/]: Preparing spawn area: 1%
[10mai.2026 15:08:32.576] [Render thread/INFO] [net.minecraft.server.level.progress.LoggerChunkProgressListener/]: Preparing spawn area: 1%
[10mai.2026 15:08:33.064] [Render thread/INFO] [net.minecraft.server.level.progress.LoggerChunkProgressListener/]: Preparing spawn area: 1%
[10mai.2026 15:08:33.508] [Render thread/INFO] [net.minecraft.server.level.progress.LoggerChunkProgressListener/]: Preparing spawn area: 2%
[10mai.2026 15:08:33.987] [Render thread/INFO] [net.minecraft.server.level.progress.LoggerChunkProgressListener/]: Preparing spawn area: 2%
[10mai.2026 15:08:34.525] [Render thread/INFO] [net.minecraft.server.level.progress.LoggerChunkProgressListener/]: Preparing spawn area: 2%
[10mai.2026 15:08:35.077] [Render thread/INFO] [net.minecraft.server.level.progress.LoggerChunkProgressListener/]: Preparing spawn area: 2%
[10mai.2026 15:08:35.810] [Render thread/INFO] [net.minecraft.server.level.progress.LoggerChunkProgressListener/]: Preparing spawn area: 2%
[10mai.2026 15:08:35.999] [Render thread/INFO] [net.minecraft.server.level.progress.LoggerChunkProgressListener/]: Preparing spawn area: 2%
[10mai.2026 15:08:36.569] [Render thread/INFO] [net.minecraft.server.level.progress.LoggerChunkProgressListener/]: Preparing spawn area: 3%
[10mai.2026 15:08:37.442] [Render thread/INFO] [net.minecraft.server.level.progress.LoggerChunkProgressListener/]: Preparing spawn area: 3%
[10mai.2026 15:08:37.645] [Render thread/INFO] [net.minecraft.server.level.progress.LoggerChunkProgressListener/]: Preparing spawn area: 3%
[10mai.2026 15:08:38.258] [Render thread/INFO] [net.minecraft.server.level.progress.LoggerChunkProgressListener/]: Preparing spawn area: 3%
[10mai.2026 15:08:38.533] [Render thread/INFO] [net.minecraft.server.level.progress.LoggerChunkProgressListener/]: Preparing spawn area: 4%
[10mai.2026 15:08:39.098] [Render thread/INFO] [net.minecraft.server.level.progress.LoggerChunkProgressListener/]: Preparing spawn area: 4%
[10mai.2026 15:08:39.544] [Render thread/INFO] [net.minecraft.server.level.progress.LoggerChunkProgressListener/]: Preparing spawn area: 4%
[10mai.2026 15:08:40.212] [Render thread/INFO] [net.minecraft.server.level.progress.LoggerChunkProgressListener/]: Preparing spawn area: 4%
[10mai.2026 15:08:40.587] [Render thread/INFO] [net.minecraft.server.level.progress.LoggerChunkProgressListener/]: Preparing spawn area: 4%
[10mai.2026 15:08:41.048] [Render thread/INFO] [net.minecraft.server.level.progress.LoggerChunkProgressListener/]: Preparing spawn area: 4%
[10mai.2026 15:08:41.562] [Render thread/INFO] [net.minecraft.server.level.progress.LoggerChunkProgressListener/]: Preparing spawn area: 4%
[10mai.2026 15:08:42.367] [Render thread/INFO] [net.minecraft.server.level.progress.LoggerChunkProgressListener/]: Preparing spawn area: 4%
[10mai.2026 15:08:42.539] [Render thread/INFO] [net.minecraft.server.level.progress.LoggerChunkProgressListener/]: Preparing spawn area: 4%
[10mai.2026 15:08:43.018] [Render thread/INFO] [net.minecraft.server.level.progress.LoggerChunkProgressListener/]: Preparing spawn area: 4%
[10mai.2026 15:08:43.685] [Render thread/INFO] [net.minecraft.server.level.progress.LoggerChunkProgressListener/]: Preparing spawn area: 5%
[10mai.2026 15:08:44.060] [Render thread/INFO] [net.minecraft.server.level.progress.LoggerChunkProgressListener/]: Preparing spawn area: 5%
[10mai.2026 15:08:44.538] [Render thread/INFO] [net.minecraft.server.level.progress.LoggerChunkProgressListener/]: Preparing spawn area: 5%
[10mai.2026 15:08:45.153] [Render thread/INFO] [net.minecraft.server.level.progress.LoggerChunkProgressListener/]: Preparing spawn area: 5%
[10mai.2026 15:08:45.580] [Render thread/INFO] [net.minecraft.server.level.progress.LoggerChunkProgressListener/]: Preparing spawn area: 5%
[10mai.2026 15:08:46.009] [Render thread/INFO] [net.minecraft.server.level.progress.LoggerChunkProgressListener/]: Preparing spawn area: 5%
[10mai.2026 15:08:46.538] [Render thread/INFO] [net.minecraft.server.level.progress.LoggerChunkProgressListener/]: Preparing spawn area: 6%
[10mai.2026 15:08:47.120] [Render thread/INFO] [net.minecraft.server.level.progress.LoggerChunkProgressListener/]: Preparing spawn area: 6%
[10mai.2026 15:08:47.676] [Render thread/INFO] [net.minecraft.server.level.progress.LoggerChunkProgressListener/]: Preparing spawn area: 6%
[10mai.2026 15:08:48.019] [Render thread/INFO] [net.minecraft.server.level.progress.LoggerChunkProgressListener/]: Preparing spawn area: 6%
[10mai.2026 15:08:48.534] [Render thread/INFO] [net.minecraft.server.level.progress.LoggerChunkProgressListener/]: Preparing spawn area: 7%
[10mai.2026 15:08:49.001] [Render thread/INFO] [net.minecraft.server.level.progress.LoggerChunkProgressListener/]: Preparing spawn area: 7%
[10mai.2026 15:08:49.515] [Render thread/INFO] [net.minecraft.server.level.progress.LoggerChunkProgressListener/]: Preparing spawn area: 7%
[10mai.2026 15:08:50.007] [Render thread/INFO] [net.minecraft.server.level.progress.LoggerChunkProgressListener/]: Preparing spawn area: 7%
[10mai.2026 15:08:50.483] [Render thread/INFO] [net.minecraft.server.level.progress.LoggerChunkProgressListener/]: Preparing spawn area: 7%
[10mai.2026 15:08:51.052] [Render thread/INFO] [net.minecraft.server.level.progress.LoggerChunkProgressListener/]: Preparing spawn area: 8%
[10mai.2026 15:08:51.495] [Render thread/INFO] [net.minecraft.server.level.progress.LoggerChunkProgressListener/]: Preparing spawn area: 8%
[10mai.2026 15:08:52.102] [Render thread/INFO] [net.minecraft.server.level.progress.LoggerChunkProgressListener/]: Preparing spawn area: 8%
[10mai.2026 15:08:52.566] [Render thread/INFO] [net.minecraft.server.level.progress.LoggerChunkProgressListener/]: Preparing spawn area: 8%
[10mai.2026 15:08:53.230] [Render thread/INFO] [net.minecraft.server.level.progress.LoggerChunkProgressListener/]: Preparing spawn area: 8%
[10mai.2026 15:08:53.654] [Render thread/INFO] [net.minecraft.server.level.progress.LoggerChunkProgressListener/]: Preparing spawn area: 8%
[10mai.2026 15:08:54.028] [Render thread/INFO] [net.minecraft.server.level.progress.LoggerChunkProgressListener/]: Preparing spawn area: 8%
[10mai.2026 15:08:54.811] [Render thread/INFO] [net.minecraft.server.level.progress.LoggerChunkProgressListener/]: Preparing spawn area: 8%
[10mai.2026 15:08:55.000] [Render thread/INFO] [net.minecraft.server.level.progress.LoggerChunkProgressListener/]: Preparing spawn area: 8%
[10mai.2026 15:08:55.560] [Render thread/INFO] [net.minecraft.server.level.progress.LoggerChunkProgressListener/]: Preparing spawn area: 8%
[10mai.2026 15:08:56.171] [Render thread/INFO] [net.minecraft.server.level.progress.LoggerChunkProgressListener/]: Preparing spawn area: 8%
[10mai.2026 15:08:56.529] [Render thread/INFO] [net.minecraft.server.level.progress.LoggerChunkProgressListener/]: Preparing spawn area: 8%
[10mai.2026 15:08:57.209] [Render thread/INFO] [net.minecraft.server.level.progress.LoggerChunkProgressListener/]: Preparing spawn area: 8%
[10mai.2026 15:08:57.669] [Render thread/INFO] [net.minecraft.server.level.progress.LoggerChunkProgressListener/]: Preparing spawn area: 8%
[10mai.2026 15:08:58.010] [Render thread/INFO] [net.minecraft.server.level.progress.LoggerChunkProgressListener/]: Preparing spawn area: 8%
[10mai.2026 15:08:58.614] [Render thread/INFO] [net.minecraft.server.level.progress.LoggerChunkProgressListener/]: Preparing spawn area: 8%
[10mai.2026 15:08:59.111] [Render thread/INFO] [net.minecraft.server.level.progress.LoggerChunkProgressListener/]: Preparing spawn area: 8%
[10mai.2026 15:08:59.484] [Render thread/INFO] [net.minecraft.server.level.progress.LoggerChunkProgressListener/]: Preparing spawn area: 8%
[10mai.2026 15:09:00.290] [Render thread/INFO] [net.minecraft.server.level.progress.LoggerChunkProgressListener/]: Preparing spawn area: 8%
[10mai.2026 15:09:00.617] [Render thread/INFO] [net.minecraft.server.level.progress.LoggerChunkProgressListener/]: Preparing spawn area: 8%
[10mai.2026 15:09:01.059] [Render thread/INFO] [net.minecraft.server.level.progress.LoggerChunkProgressListener/]: Preparing spawn area: 8%
[10mai.2026 15:09:01.521] [Render thread/INFO] [net.minecraft.server.level.progress.LoggerChunkProgressListener/]: Preparing spawn area: 8%
[10mai.2026 15:09:02.033] [Render thread/INFO] [net.minecraft.server.level.progress.LoggerChunkProgressListener/]: Preparing spawn area: 8%
[10mai.2026 15:09:02.688] [Render thread/INFO] [net.minecraft.server.level.progress.LoggerChunkProgressListener/]: Preparing spawn area: 8%
[10mai.2026 15:09:03.151] [Render thread/INFO] [net.minecraft.server.level.progress.LoggerChunkProgressListener/]: Preparing spawn area: 8%
[10mai.2026 15:09:03.696] [Render thread/INFO] [net.minecraft.server.level.progress.LoggerChunkProgressListener/]: Preparing spawn area: 8%
[10mai.2026 15:09:03.990] [Render thread/INFO] [net.minecraft.server.level.progress.LoggerChunkProgressListener/]: Preparing spawn area: 8%
[10mai.2026 15:09:04.552] [Render thread/INFO] [net.minecraft.server.level.progress.LoggerChunkProgressListener/]: Preparing spawn area: 8%
[10mai.2026 15:09:05.273] [Render thread/INFO] [net.minecraft.server.level.progress.LoggerChunkProgressListener/]: Preparing spawn area: 8%
[10mai.2026 15:09:05.649] [Render thread/INFO] [net.minecraft.server.level.progress.LoggerChunkProgressListener/]: Preparing spawn area: 8%
[10mai.2026 15:09:06.299] [Render thread/INFO] [net.minecraft.server.level.progress.LoggerChunkProgressListener/]: Preparing spawn area: 8%
[10mai.2026 15:09:06.487] [Render thread/INFO] [net.minecraft.server.level.progress.LoggerChunkProgressListener/]: Preparing spawn area: 10%
[10mai.2026 15:09:07.018] [Render thread/INFO] [net.minecraft.server.level.progress.LoggerChunkProgressListener/]: Preparing spawn area: 11%
[10mai.2026 15:09:07.601] [Render thread/INFO] [net.minecraft.server.level.progress.LoggerChunkProgressListener/]: Preparing spawn area: 11%
[10mai.2026 15:09:07.995] [Render thread/INFO] [net.minecraft.server.level.progress.LoggerChunkProgressListener/]: Preparing spawn area: 12%
[10mai.2026 15:09:08.579] [Render thread/INFO] [net.minecraft.server.level.progress.LoggerChunkProgressListener/]: Preparing spawn area: 12%
[10mai.2026 15:09:09.062] [Render thread/INFO] [net.minecraft.server.level.progress.LoggerChunkProgressListener/]: Preparing spawn area: 12%
[10mai.2026 15:09:09.505] [Render thread/INFO] [net.minecraft.server.level.progress.LoggerChunkProgressListener/]: Preparing spawn area: 12%
[10mai.2026 15:09:10.052] [Render thread/INFO] [net.minecraft.server.level.progress.LoggerChunkProgressListener/]: Preparing spawn area: 12%
[10mai.2026 15:09:10.496] [Render thread/INFO] [net.minecraft.server.level.progress.LoggerChunkProgressListener/]: Preparing spawn area: 12%
[10mai.2026 15:09:11.007] [Render thread/INFO] [net.minecraft.server.level.progress.LoggerChunkProgressListener/]: Preparing spawn area: 12%
[10mai.2026 15:09:11.554] [Render thread/INFO] [net.minecraft.server.level.progress.LoggerChunkProgressListener/]: Preparing spawn area: 14%
[10mai.2026 15:09:12.015] [Render thread/INFO] [net.minecraft.server.level.progress.LoggerChunkProgressListener/]: Preparing spawn area: 14%
[10mai.2026 15:09:12.486] [Render thread/INFO] [net.minecraft.server.level.progress.LoggerChunkProgressListener/]: Preparing spawn area: 14%
[10mai.2026 15:09:12.984] [Render thread/INFO] [net.minecraft.server.level.progress.LoggerChunkProgressListener/]: Preparing spawn area: 18%
[10mai.2026 15:09:13.548] [Render thread/INFO] [net.minecraft.server.level.progress.LoggerChunkProgressListener/]: Preparing spawn area: 20%
[10mai.2026 15:09:13.990] [Render thread/INFO] [net.minecraft.server.level.progress.LoggerChunkProgressListener/]: Preparing spawn area: 21%
[10mai.2026 15:09:14.511] [Render thread/INFO] [net.minecraft.server.level.progress.LoggerChunkProgressListener/]: Preparing spawn area: 22%
[10mai.2026 15:09:15.041] [Render thread/INFO] [net.minecraft.server.level.progress.LoggerChunkProgressListener/]: Preparing spawn area: 22%
[10mai.2026 15:09:15.642] [Render thread/INFO] [net.minecraft.server.level.progress.LoggerChunkProgressListener/]: Preparing spawn area: 24%
[10mai.2026 15:09:16.075] [Render thread/INFO] [net.minecraft.server.level.progress.LoggerChunkProgressListener/]: Preparing spawn area: 24%
[10mai.2026 15:09:16.877] [Render thread/INFO] [net.minecraft.server.level.progress.LoggerChunkProgressListener/]: Preparing spawn area: 24%
[10mai.2026 15:09:17.260] [Render thread/INFO] [net.minecraft.server.level.progress.LoggerChunkProgressListener/]: Preparing spawn area: 24%
[10mai.2026 15:09:17.555] [Render thread/INFO] [net.minecraft.server.level.progress.LoggerChunkProgressListener/]: Preparing spawn area: 25%
[10mai.2026 15:09:17.985] [Render thread/INFO] [net.minecraft.server.level.progress.LoggerChunkProgressListener/]: Preparing spawn area: 25%
[10mai.2026 15:09:18.517] [Render thread/INFO] [net.minecraft.server.level.progress.LoggerChunkProgressListener/]: Preparing spawn area: 25%
[10mai.2026 15:09:18.992] [Render thread/INFO] [net.minecraft.server.level.progress.LoggerChunkProgressListener/]: Preparing spawn area: 25%
[10mai.2026 15:09:19.492] [Render thread/INFO] [net.minecraft.server.level.progress.LoggerChunkProgressListener/]: Preparing spawn area: 26%
[10mai.2026 15:09:20.056] [Render thread/INFO] [net.minecraft.server.level.progress.LoggerChunkProgressListener/]: Preparing spawn area: 26%
[10mai.2026 15:09:20.522] [Render thread/INFO] [net.minecraft.server.level.progress.LoggerChunkProgressListener/]: Preparing spawn area: 27%
[10mai.2026 15:09:21.179] [Render thread/INFO] [net.minecraft.server.level.progress.LoggerChunkProgressListener/]: Preparing spawn area: 28%
[10mai.2026 15:09:21.574] [Render thread/INFO] [net.minecraft.server.level.progress.LoggerChunkProgressListener/]: Preparing spawn area: 28%
[10mai.2026 15:09:22.006] [Render thread/INFO] [net.minecraft.server.level.progress.LoggerChunkProgressListener/]: Preparing spawn area: 28%
[10mai.2026 15:09:22.956] [Render thread/INFO] [net.minecraft.server.level.progress.LoggerChunkProgressListener/]: Preparing spawn area: 28%
[10mai.2026 15:09:23.008] [Render thread/INFO] [net.minecraft.server.level.progress.LoggerChunkProgressListener/]: Preparing spawn area: 28%
[10mai.2026 15:09:23.595] [Render thread/INFO] [net.minecraft.server.level.progress.LoggerChunkProgressListener/]: Preparing spawn area: 28%
[10mai.2026 15:09:24.173] [Render thread/INFO] [net.minecraft.server.level.progress.LoggerChunkProgressListener/]: Preparing spawn area: 28%
[10mai.2026 15:09:24.634] [Render thread/INFO] [net.minecraft.server.level.progress.LoggerChunkProgressListener/]: Preparing spawn area: 28%
[10mai.2026 15:09:25.175] [Render thread/INFO] [net.minecraft.server.level.progress.LoggerChunkProgressListener/]: Preparing spawn area: 28%
[10mai.2026 15:09:25.826] [Render thread/INFO] [net.minecraft.server.level.progress.LoggerChunkProgressListener/]: Preparing spawn area: 28%
[10mai.2026 15:09:26.258] [Render thread/INFO] [net.minecraft.server.level.progress.LoggerChunkProgressListener/]: Preparing spawn area: 28%
[10mai.2026 15:09:26.844] [Render thread/INFO] [net.minecraft.server.level.progress.LoggerChunkProgressListener/]: Preparing spawn area: 28%
[10mai.2026 15:09:27.016] [Render thread/INFO] [net.minecraft.server.level.progress.LoggerChunkProgressListener/]: Preparing spawn area: 28%
[10mai.2026 15:09:27.530] [Render thread/INFO] [net.minecraft.server.level.progress.LoggerChunkProgressListener/]: Preparing spawn area: 28%
[10mai.2026 15:09:28.452] [Render thread/INFO] [net.minecraft.server.level.progress.LoggerChunkProgressListener/]: Preparing spawn area: 28%
[10mai.2026 15:09:28.812] [Render thread/INFO] [net.minecraft.server.level.progress.LoggerChunkProgressListener/]: Preparing spawn area: 28%
[10mai.2026 15:09:29.001] [Render thread/INFO] [net.minecraft.server.level.progress.LoggerChunkProgressListener/]: Preparing spawn area: 28%
[10mai.2026 15:09:29.488] [Render thread/INFO] [net.minecraft.server.level.progress.LoggerChunkProgressListener/]: Preparing spawn area: 28%
[10mai.2026 15:09:30.154] [Render thread/INFO] [net.minecraft.server.level.progress.LoggerChunkProgressListener/]: Preparing spawn area: 28%
[10mai.2026 15:09:30.501] [Render thread/INFO] [net.minecraft.server.level.progress.LoggerChunkProgressListener/]: Preparing spawn area: 28%
[10mai.2026 15:09:31.002] [Render thread/INFO] [net.minecraft.server.level.progress.LoggerChunkProgressListener/]: Preparing spawn area: 28%
[10mai.2026 15:09:31.520] [Render thread/INFO] [net.minecraft.server.level.progress.LoggerChunkProgressListener/]: Preparing spawn area: 28%
[10mai.2026 15:09:32.055] [Render thread/INFO] [net.minecraft.server.level.progress.LoggerChunkProgressListener/]: Preparing spawn area: 28%
[10mai.2026 15:09:32.488] [Render thread/INFO] [net.minecraft.server.level.progress.LoggerChunkProgressListener/]: Preparing spawn area: 28%
[10mai.2026 15:09:33.186] [Render thread/INFO] [net.minecraft.server.level.progress.LoggerChunkProgressListener/]: Preparing spawn area: 28%
[10mai.2026 15:09:33.738] [Render thread/INFO] [net.minecraft.server.level.progress.LoggerChunkProgressListener/]: Preparing spawn area: 28%
[10mai.2026 15:09:34.011] [Render thread/INFO] [net.minecraft.server.level.progress.LoggerChunkProgressListener/]: Preparing spawn area: 28%
[10mai.2026 15:09:34.543] [Render thread/INFO] [net.minecraft.server.level.progress.LoggerChunkProgressListener/]: Preparing spawn area: 28%
[10mai.2026 15:09:35.247] [Render thread/INFO] [net.minecraft.server.level.progress.LoggerChunkProgressListener/]: Preparing spawn area: 28%
[10mai.2026 15:09:35.607] [Render thread/INFO] [net.minecraft.server.level.progress.LoggerChunkProgressListener/]: Preparing spawn area: 28%
[10mai.2026 15:09:36.034] [Render thread/INFO] [net.minecraft.server.level.progress.LoggerChunkProgressListener/]: Preparing spawn area: 28%
[10mai.2026 15:09:36.738] [Render thread/INFO] [net.minecraft.server.level.progress.LoggerChunkProgressListener/]: Preparing spawn area: 28%
[10mai.2026 15:09:36.984] [Render thread/INFO] [net.minecraft.server.level.progress.LoggerChunkProgressListener/]: Preparing spawn area: 28%
[10mai.2026 15:09:37.532] [Render thread/INFO] [net.minecraft.server.level.progress.LoggerChunkProgressListener/]: Preparing spawn area: 28%
[10mai.2026 15:09:38.014] [Render thread/INFO] [net.minecraft.server.level.progress.LoggerChunkProgressListener/]: Preparing spawn area: 28%
[10mai.2026 15:09:38.530] [Render thread/INFO] [net.minecraft.server.level.progress.LoggerChunkProgressListener/]: Preparing spawn area: 28%
[10mai.2026 15:09:39.142] [Render thread/INFO] [net.minecraft.server.level.progress.LoggerChunkProgressListener/]: Preparing spawn area: 28%
[10mai.2026 15:09:39.753] [Render thread/INFO] [net.minecraft.server.level.progress.LoggerChunkProgressListener/]: Preparing spawn area: 28%
[10mai.2026 15:09:39.990] [Render thread/INFO] [net.minecraft.server.level.progress.LoggerChunkProgressListener/]: Preparing spawn area: 28%
[10mai.2026 15:09:40.518] [Render thread/INFO] [net.minecraft.server.level.progress.LoggerChunkProgressListener/]: Preparing spawn area: 28%
[10mai.2026 15:09:40.995] [Render thread/INFO] [net.minecraft.server.level.progress.LoggerChunkProgressListener/]: Preparing spawn area: 28%
[10mai.2026 15:09:41.590] [Render thread/INFO] [net.minecraft.server.level.progress.LoggerChunkProgressListener/]: Preparing spawn area: 30%
[10mai.2026 15:09:42.093] [Render thread/INFO] [net.minecraft.server.level.progress.LoggerChunkProgressListener/]: Preparing spawn area: 30%
[10mai.2026 15:09:42.783] [Render thread/INFO] [net.minecraft.server.level.progress.LoggerChunkProgressListener/]: Preparing spawn area: 30%
[10mai.2026 15:09:43.183] [Render thread/INFO] [net.minecraft.server.level.progress.LoggerChunkProgressListener/]: Preparing spawn area: 30%
[10mai.2026 15:09:43.528] [Render thread/INFO] [net.minecraft.server.level.progress.LoggerChunkProgressListener/]: Preparing spawn area: 30%
[10mai.2026 15:09:44.113] [Render thread/INFO] [net.minecraft.server.level.progress.LoggerChunkProgressListener/]: Preparing spawn area: 30%
[10mai.2026 15:09:44.901] [Render thread/INFO] [net.minecraft.server.level.progress.LoggerChunkProgressListener/]: Preparing spawn area: 30%
[10mai.2026 15:09:45.106] [Render thread/INFO] [net.minecraft.server.level.progress.LoggerChunkProgressListener/]: Preparing spawn area: 30%
[10mai.2026 15:09:46.007] [Render thread/INFO] [net.minecraft.server.level.progress.LoggerChunkProgressListener/]: Preparing spawn area: 30%
[10mai.2026 15:09:46.007] [Render thread/INFO] [net.minecraft.server.level.progress.LoggerChunkProgressListener/]: Preparing spawn area: 30%
[10mai.2026 15:09:46.659] [Render thread/INFO] [net.minecraft.server.level.progress.LoggerChunkProgressListener/]: Preparing spawn area: 31%
[10mai.2026 15:09:47.003] [Render thread/INFO] [net.minecraft.server.level.progress.LoggerChunkProgressListener/]: Preparing spawn area: 31%
[10mai.2026 15:09:47.618] [Render thread/INFO] [net.minecraft.server.level.progress.LoggerChunkProgressListener/]: Preparing spawn area: 31%
[10mai.2026 15:09:48.368] [Render thread/INFO] [net.minecraft.server.level.progress.LoggerChunkProgressListener/]: Preparing spawn area: 31%
[10mai.2026 15:09:48.555] [Render thread/INFO] [net.minecraft.server.level.progress.LoggerChunkProgressListener/]: Preparing spawn area: 31%
[10mai.2026 15:09:48.998] [Render thread/INFO] [net.minecraft.server.level.progress.LoggerChunkProgressListener/]: Preparing spawn area: 31%
[10mai.2026 15:09:49.710] [Render thread/INFO] [net.minecraft.server.level.progress.LoggerChunkProgressListener/]: Preparing spawn area: 31%
[10mai.2026 15:09:50.035] [Render thread/INFO] [net.minecraft.server.level.progress.LoggerChunkProgressListener/]: Preparing spawn area: 31%
[10mai.2026 15:09:50.531] [Render thread/INFO] [net.minecraft.server.level.progress.LoggerChunkProgressListener/]: Preparing spawn area: 33%
[10mai.2026 15:09:50.982] [Render thread/INFO] [net.minecraft.server.level.progress.LoggerChunkProgressListener/]: Preparing spawn area: 36%
[10mai.2026 15:09:51.496] [Render thread/INFO] [net.minecraft.server.level.progress.LoggerChunkProgressListener/]: Preparing spawn area: 42%
[10mai.2026 15:09:52.002] [Render thread/INFO] [net.minecraft.server.level.progress.LoggerChunkProgressListener/]: Preparing spawn area: 44%
[10mai.2026 15:09:52.500] [Render thread/INFO] [net.minecraft.server.level.progress.LoggerChunkProgressListener/]: Preparing spawn area: 47%
[10mai.2026 15:09:52.996] [Render thread/INFO] [net.minecraft.server.level.progress.LoggerChunkProgressListener/]: Preparing spawn area: 50%
[10mai.2026 15:09:53.530] [Render thread/INFO] [net.minecraft.server.level.progress.LoggerChunkProgressListener/]: Preparing spawn area: 53%
[10mai.2026 15:09:53.990] [Render thread/INFO] [net.minecraft.server.level.progress.LoggerChunkProgressListener/]: Preparing spawn area: 56%
[10mai.2026 15:09:54.551] [Render thread/INFO] [net.minecraft.server.level.progress.LoggerChunkProgressListener/]: Preparing spawn area: 61%
[10mai.2026 15:09:54.984] [Render thread/INFO] [net.minecraft.server.level.progress.LoggerChunkProgressListener/]: Preparing spawn area: 67%
[10mai.2026 15:09:55.486] [Render thread/INFO] [net.minecraft.server.level.progress.LoggerChunkProgressListener/]: Preparing spawn area: 71%
[10mai.2026 15:09:56.000] [Render thread/INFO] [net.minecraft.server.level.progress.LoggerChunkProgressListener/]: Preparing spawn area: 73%
[10mai.2026 15:09:56.500] [Render thread/INFO] [net.minecraft.server.level.progress.LoggerChunkProgressListener/]: Preparing spawn area: 83%
[10mai.2026 15:09:57.011] [Render thread/INFO] [net.minecraft.server.level.progress.LoggerChunkProgressListener/]: Preparing spawn area: 97%
[10mai.2026 15:09:57.510] [Server thread/INFO] [net.minecraftforge.server.permission.PermissionAPI/]: Successfully initialized permission handler forge:default_handler
[10mai.2026 15:09:57.513] [Render thread/INFO] [net.minecraft.server.level.progress.LoggerChunkProgressListener/]: Preparing spawn area: 99%
[10mai.2026 15:09:57.513] [Render thread/INFO] [net.minecraft.server.level.progress.LoggerChunkProgressListener/]: Time elapsed: 120531 ms
[10mai.2026 15:09:58.061] [Server thread/INFO] [net.minecraft.client.server.IntegratedServer/]: Changing view distance to 12, from 10
[10mai.2026 15:09:58.062] [Server thread/INFO] [net.minecraft.client.server.IntegratedServer/]: Changing simulation distance to 12, from 0
[10mai.2026 15:09:58.254] [Render thread/WARN] [io.netty.util.internal.SystemPropertyUtil/]: Unable to parse the boolean system property 'java.net.preferIPv6Addresses':system - using the default value: false
[10mai.2026 15:09:59.089] [Netty Local Client IO #0/INFO] [net.minecraftforge.network.NetworkHooks/]: Connected to a modded server.
[10mai.2026 15:09:59.159] [Server thread/INFO] [net.minecraft.server.players.PlayerList/]: Dev[local:E:d079e191] logged in with entity id 156 at (-3.8371710349089043, 72.19605329512322, 44.27360938658276)
[10mai.2026 15:09:59.288] [Server thread/INFO] [net.minecraft.server.MinecraftServer/]: Dev joined the game
[10mai.2026 15:09:59.361] [Server thread/INFO] [Jade/]: Syncing config to Dev (380df991-f603-344c-a090-369bad2a924a)
[10mai.2026 15:09:59.533] [Render thread/INFO] [mezz.jei.forge.startup.StartEventObserver/]: JEI StartEventObserver received class net.minecraftforge.client.event.ClientPlayerNetworkEvent$LoggingIn
[10mai.2026 15:09:59.533] [Render thread/INFO] [mezz.jei.forge.startup.StartEventObserver/]: JEI StartEventObserver transitioning state from DISABLED to ENABLED
[10mai.2026 15:10:00.662] [Render thread/INFO] [mezz.jei.forge.startup.StartEventObserver/]: JEI StartEventObserver received class net.minecraftforge.client.event.RecipesUpdatedEvent
[10mai.2026 15:10:00.662] [Render thread/INFO] [EMI/]: [EMI] Tags synchronized, reloading EMI
[10mai.2026 15:10:00.662] [Render thread/INFO] [EMI/]: [EMI] Starting Reload
[10mai.2026 15:10:00.663] [Thread-15/INFO] [EMI/]: [EMI] Starting EMI reload...
[10mai.2026 15:10:00.663] [Thread-15/INFO] [EMI/]: [EMI] Clearing data
[10mai.2026 15:10:00.682] [Thread-15/INFO] [EMI/]: [EMI] Initializing plugin from emi
[10mai.2026 15:10:00.685] [Render thread/INFO] [mezz.jei.forge.startup.StartEventObserver/]: JEI StartEventObserver received class net.minecraftforge.event.TagsUpdatedEvent
[10mai.2026 15:10:00.685] [Render thread/INFO] [mezz.jei.forge.startup.StartEventObserver/]: JEI StartEventObserver transitioning state from ENABLED to JEI_STARTED
[10mai.2026 15:10:00.685] [Render thread/INFO] [mezz.jei.core.util.LoggedTimer/]: Starting JEI...
[10mai.2026 15:10:00.686] [Thread-15/INFO] [EMI/]: [EMI] Initialized plugin from emi in 2ms
[10mai.2026 15:10:00.686] [Thread-15/INFO] [EMI/]: [EMI] Initializing plugin from ldlib
[10mai.2026 15:10:00.686] [Thread-15/INFO] [EMI/]: [EMI] Initialized plugin from ldlib in 0ms
[10mai.2026 15:10:00.686] [Thread-15/INFO] [EMI/]: [EMI] Initializing plugin from gtceu
[10mai.2026 15:10:00.686] [Thread-15/INFO] [EMI/]: [EMI] Initialized plugin from gtceu in 0ms
[10mai.2026 15:10:00.686] [Thread-15/INFO] [EMI/]: [EMI] Initializing plugin from jemi
[10mai.2026 15:10:00.686] [Thread-15/INFO] [EMI/]: [EMI] Initialized plugin from jemi in 0ms
[10mai.2026 15:10:00.686] [Thread-15/INFO] [EMI/]: [EMI] Processing tags
[10mai.2026 15:10:00.690] [Render thread/INFO] [mezz.jei.library.load.PluginCaller/]: Registering item subtypes...
[10mai.2026 15:10:00.691] [Render thread/INFO] [mezz.jei.library.load.PluginCaller/]: Registering item subtypes took 422.1 μs
[10mai.2026 15:10:00.691] [Render thread/INFO] [mezz.jei.library.load.PluginCaller/]: Registering fluid subtypes...
[10mai.2026 15:10:00.692] [Render thread/INFO] [mezz.jei.library.load.PluginCaller/]: Registering fluid subtypes took 884.9 μs
[10mai.2026 15:10:00.694] [Render thread/INFO] [mezz.jei.library.load.PluginCaller/]: Registering ingredients...
[10mai.2026 15:10:00.704] [Thread-15/ERROR] [EMI/]: [EMI] Untranslated tag #curios:gtceu_magnet
[10mai.2026 15:10:00.704] [Thread-15/ERROR] [EMI/]: [EMI] Untranslated tag #curios:hands
[10mai.2026 15:10:00.704] [Thread-15/ERROR] [EMI/]: [EMI] Untranslated tag #curios:head
[10mai.2026 15:10:00.704] [Thread-15/ERROR] [EMI/]: [EMI] Untranslated tag #forge:andesite
[10mai.2026 15:10:00.704] [Thread-15/ERROR] [EMI/]: [EMI] Untranslated tag #forge:basalt
[10mai.2026 15:10:00.704] [Thread-15/ERROR] [EMI/]: [EMI] Untranslated tag #forge:blackstone
[10mai.2026 15:10:00.704] [Thread-15/ERROR] [EMI/]: [EMI] Untranslated tag #forge:bolts
[10mai.2026 15:10:00.704] [Thread-15/ERROR] [EMI/]: [EMI] Untranslated tag #forge:bolts/aluminium
[10mai.2026 15:10:00.704] [Thread-15/ERROR] [EMI/]: [EMI] Untranslated tag #forge:bolts/annealed_copper
[10mai.2026 15:10:00.704] [Thread-15/ERROR] [EMI/]: [EMI] Untranslated tag #forge:bolts/apatite
[10mai.2026 15:10:00.704] [Thread-15/ERROR] [EMI/]: [EMI] Untranslated tag #forge:bolts/bismuth_bronze
[10mai.2026 15:10:00.704] [Thread-15/ERROR] [EMI/]: [EMI] Untranslated tag #forge:bolts/black_bronze
[10mai.2026 15:10:00.704] [Thread-15/ERROR] [EMI/]: [EMI] Untranslated tag #forge:bolts/blue_alloy
[10mai.2026 15:10:00.704] [Thread-15/ERROR] [EMI/]: [EMI] Untranslated tag #forge:bolts/blue_steel
[10mai.2026 15:10:00.704] [Thread-15/ERROR] [EMI/]: [EMI] Untranslated tag #forge:bolts/brass
[10mai.2026 15:10:00.704] [Thread-15/ERROR] [EMI/]: [EMI] Untranslated tag #forge:bolts/bronze
[10mai.2026 15:10:00.704] [Thread-15/ERROR] [EMI/]: [EMI] Untranslated tag #forge:bolts/chromium
[10mai.2026 15:10:00.704] [Thread-15/ERROR] [EMI/]: [EMI] Untranslated tag #forge:bolts/cobalt_brass
[10mai.2026 15:10:00.704] [Thread-15/ERROR] [EMI/]: [EMI] Untranslated tag #forge:bolts/copper
[10mai.2026 15:10:00.704] [Thread-15/ERROR] [EMI/]: [EMI] Untranslated tag #forge:bolts/damascus_steel
[10mai.2026 15:10:00.704] [Thread-15/ERROR] [EMI/]: [EMI] Untranslated tag #forge:bolts/darmstadtium
[10mai.2026 15:10:00.704] [Thread-15/ERROR] [EMI/]: [EMI] Untranslated tag #forge:bolts/diamond
[10mai.2026 15:10:00.704] [Thread-15/ERROR] [EMI/]: [EMI] Untranslated tag #forge:bolts/duranium
[10mai.2026 15:10:00.704] [Thread-15/ERROR] [EMI/]: [EMI] Untranslated tag #forge:bolts/electrum
[10mai.2026 15:10:00.704] [Thread-15/ERROR] [EMI/]: [EMI] Untranslated tag #forge:bolts/gold
[10mai.2026 15:10:00.704] [Thread-15/ERROR] [EMI/]: [EMI] Untranslated tag #forge:bolts/hsse
[10mai.2026 15:10:00.704] [Thread-15/ERROR] [EMI/]: [EMI] Untranslated tag #forge:bolts/hssg
[10mai.2026 15:10:00.704] [Thread-15/ERROR] [EMI/]: [EMI] Untranslated tag #forge:bolts/hsss
[10mai.2026 15:10:00.704] [Thread-15/ERROR] [EMI/]: [EMI] Untranslated tag #forge:bolts/invar
[10mai.2026 15:10:00.704] [Thread-15/ERROR] [EMI/]: [EMI] Untranslated tag #forge:bolts/iridium
[10mai.2026 15:10:00.704] [Thread-15/ERROR] [EMI/]: [EMI] Untranslated tag #forge:bolts/iron
[10mai.2026 15:10:00.704] [Thread-15/ERROR] [EMI/]: [EMI] Untranslated tag #forge:bolts/lead
[10mai.2026 15:10:00.704] [Thread-15/ERROR] [EMI/]: [EMI] Untranslated tag #forge:bolts/magnalium
[10mai.2026 15:10:00.704] [Thread-15/ERROR] [EMI/]: [EMI] Untranslated tag #forge:bolts/magnetic_iron
[10mai.2026 15:10:00.704] [Thread-15/ERROR] [EMI/]: [EMI] Untranslated tag #forge:bolts/manganese
[10mai.2026 15:10:00.704] [Thread-15/ERROR] [EMI/]: [EMI] Untranslated tag #forge:bolts/molybdenum
[10mai.2026 15:10:00.704] [Thread-15/ERROR] [EMI/]: [EMI] Untranslated tag #forge:bolts/naquadah
[10mai.2026 15:10:00.704] [Thread-15/ERROR] [EMI/]: [EMI] Untranslated tag #forge:bolts/naquadah_alloy
[10mai.2026 15:10:00.704] [Thread-15/ERROR] [EMI/]: [EMI] Untranslated tag #forge:bolts/naquadria
[10mai.2026 15:10:00.705] [Thread-15/ERROR] [EMI/]: [EMI] Untranslated tag #forge:bolts/neodymium
[10mai.2026 15:10:00.705] [Thread-15/ERROR] [EMI/]: [EMI] Untranslated tag #forge:bolts/neutronium
[10mai.2026 15:10:00.705] [Thread-15/ERROR] [EMI/]: [EMI] Untranslated tag #forge:bolts/niobium_titanium
[10mai.2026 15:10:00.705] [Thread-15/ERROR] [EMI/]: [EMI] Untranslated tag #forge:bolts/osmiridium
[10mai.2026 15:10:00.705] [Thread-15/ERROR] [EMI/]: [EMI] Untranslated tag #forge:bolts/osmium
[10mai.2026 15:10:00.705] [Thread-15/ERROR] [EMI/]: [EMI] Untranslated tag #forge:bolts/platinum
[10mai.2026 15:10:00.705] [Thread-15/ERROR] [EMI/]: [EMI] Untranslated tag #forge:bolts/potin
[10mai.2026 15:10:00.705] [Thread-15/ERROR] [EMI/]: [EMI] Untranslated tag #forge:bolts/red_alloy
[10mai.2026 15:10:00.705] [Thread-15/ERROR] [EMI/]: [EMI] Untranslated tag #forge:bolts/red_steel
[10mai.2026 15:10:00.705] [Thread-15/ERROR] [EMI/]: [EMI] Untranslated tag #forge:bolts/rhodium
[10mai.2026 15:10:00.705] [Thread-15/ERROR] [EMI/]: [EMI] Untranslated tag #forge:bolts/rhodium_plated_palladium
[10mai.2026 15:10:00.705] [Thread-15/ERROR] [EMI/]: [EMI] Untranslated tag #forge:bolts/rose_gold
[10mai.2026 15:10:00.705] [Thread-15/ERROR] [EMI/]: [EMI] Untranslated tag #forge:bolts/rubber
[10mai.2026 15:10:00.705] [Thread-15/ERROR] [EMI/]: [EMI] Untranslated tag #forge:bolts/ruridit
[10mai.2026 15:10:00.705] [Thread-15/ERROR] [EMI/]: [EMI] Untranslated tag #forge:bolts/silver
[10mai.2026 15:10:00.705] [Thread-15/ERROR] [EMI/]: [EMI] Untranslated tag #forge:bolts/stainless_steel
[10mai.2026 15:10:00.705] [Thread-15/ERROR] [EMI/]: [EMI] Untranslated tag #forge:bolts/steel
[10mai.2026 15:10:00.705] [Thread-15/ERROR] [EMI/]: [EMI] Untranslated tag #forge:bolts/sterling_silver
[10mai.2026 15:10:00.705] [Thread-15/ERROR] [EMI/]: [EMI] Untranslated tag #forge:bolts/tin
[10mai.2026 15:10:00.705] [Thread-15/ERROR] [EMI/]: [EMI] Untranslated tag #forge:bolts/tin_alloy
[10mai.2026 15:10:00.705] [Thread-15/ERROR] [EMI/]: [EMI] Untranslated tag #forge:bolts/titanium
[10mai.2026 15:10:00.705] [Thread-15/ERROR] [EMI/]: [EMI] Untranslated tag #forge:bolts/trinium
[10mai.2026 15:10:00.705] [Thread-15/ERROR] [EMI/]: [EMI] Untranslated tag #forge:bolts/tritanium
[10mai.2026 15:10:00.705] [Thread-15/ERROR] [EMI/]: [EMI] Untranslated tag #forge:bolts/tungsten
[10mai.2026 15:10:00.705] [Thread-15/ERROR] [EMI/]: [EMI] Untranslated tag #forge:bolts/tungsten_carbide
[10mai.2026 15:10:00.705] [Thread-15/ERROR] [EMI/]: [EMI] Untranslated tag #forge:bolts/tungsten_steel
[10mai.2026 15:10:00.705] [Thread-15/ERROR] [EMI/]: [EMI] Untranslated tag #forge:bolts/ultimet
[10mai.2026 15:10:00.705] [Thread-15/ERROR] [EMI/]: [EMI] Untranslated tag #forge:bolts/vanadium_steel
[10mai.2026 15:10:00.705] [Thread-15/ERROR] [EMI/]: [EMI] Untranslated tag #forge:bolts/wood
[10mai.2026 15:10:00.705] [Thread-15/ERROR] [EMI/]: [EMI] Untranslated tag #forge:bolts/wrought_iron
[10mai.2026 15:10:00.705] [Thread-15/ERROR] [EMI/]: [EMI] Untranslated tag #forge:bolts/yttrium_barium_cuprate
[10mai.2026 15:10:00.705] [Thread-15/ERROR] [EMI/]: [EMI] Untranslated tag #forge:calcite
[10mai.2026 15:10:00.705] [Thread-15/ERROR] [EMI/]: [EMI] Untranslated tag #forge:chipped_gems
[10mai.2026 15:10:00.705] [Thread-15/ERROR] [EMI/]: [EMI] Untranslated tag #forge:chipped_gems/almandine
[10mai.2026 15:10:00.705] [Thread-15/ERROR] [EMI/]: [EMI] Untranslated tag #forge:chipped_gems/amethyst
[10mai.2026 15:10:00.705] [Thread-15/ERROR] [EMI/]: [EMI] Untranslated tag #forge:chipped_gems/andradite
[10mai.2026 15:10:00.705] [Thread-15/ERROR] [EMI/]: [EMI] Untranslated tag #forge:chipped_gems/apatite
[10mai.2026 15:10:00.705] [Thread-15/ERROR] [EMI/]: [EMI] Untranslated tag #forge:chipped_gems/blue_topaz
[10mai.2026 15:10:00.706] [Thread-15/ERROR] [EMI/]: [EMI] Untranslated tag #forge:chipped_gems/certus_quartz
[10mai.2026 15:10:00.706] [Thread-15/ERROR] [EMI/]: [EMI] Untranslated tag #forge:chipped_gems/cinnabar
[10mai.2026 15:10:00.706] [Thread-15/ERROR] [EMI/]: [EMI] Untranslated tag #forge:chipped_gems/coal
[10mai.2026 15:10:00.706] [Thread-15/ERROR] [EMI/]: [EMI] Untranslated tag #forge:chipped_gems/coke
[10mai.2026 15:10:00.706] [Thread-15/ERROR] [EMI/]: [EMI] Untranslated tag #forge:chipped_gems/diamond
[10mai.2026 15:10:00.706] [Thread-15/ERROR] [EMI/]: [EMI] Untranslated tag #forge:chipped_gems/echo_shard
[10mai.2026 15:10:00.706] [Thread-15/ERROR] [EMI/]: [EMI] Untranslated tag #forge:chipped_gems/emerald
[10mai.2026 15:10:00.706] [Thread-15/ERROR] [EMI/]: [EMI] Untranslated tag #forge:chipped_gems/glass
[10mai.2026 15:10:00.706] [Thread-15/ERROR] [EMI/]: [EMI] Untranslated tag #forge:chipped_gems/green_sapphire
[10mai.2026 15:10:00.706] [Thread-15/ERROR] [EMI/]: [EMI] Untranslated tag #forge:chipped_gems/grossular
[10mai.2026 15:10:00.706] [Thread-15/ERROR] [EMI/]: [EMI] Untranslated tag #forge:chipped_gems/lapis
[10mai.2026 15:10:00.706] [Thread-15/ERROR] [EMI/]: [EMI] Untranslated tag #forge:chipped_gems/lazurite
[10mai.2026 15:10:00.706] [Thread-15/ERROR] [EMI/]: [EMI] Untranslated tag #forge:chipped_gems/malachite
[10mai.2026 15:10:00.706] [Thread-15/ERROR] [EMI/]: [EMI] Untranslated tag #forge:chipped_gems/monazite
[10mai.2026 15:10:00.706] [Thread-15/ERROR] [EMI/]: [EMI] Untranslated tag #forge:chipped_gems/nether_quartz
[10mai.2026 15:10:00.706] [Thread-15/ERROR] [EMI/]: [EMI] Untranslated tag #forge:chipped_gems/olivine
[10mai.2026 15:10:00.706] [Thread-15/ERROR] [EMI/]: [EMI] Untranslated tag #forge:chipped_gems/opal
[10mai.2026 15:10:00.706] [Thread-15/ERROR] [EMI/]: [EMI] Untranslated tag #forge:chipped_gems/pyrope
[10mai.2026 15:10:00.706] [Thread-15/ERROR] [EMI/]: [EMI] Untranslated tag #forge:chipped_gems/quartzite
[10mai.2026 15:10:00.706] [Thread-15/ERROR] [EMI/]: [EMI] Untranslated tag #forge:chipped_gems/realgar
[10mai.2026 15:10:00.706] [Thread-15/ERROR] [EMI/]: [EMI] Untranslated tag #forge:chipped_gems/red_garnet
[10mai.2026 15:10:00.706] [Thread-15/ERROR] [EMI/]: [EMI] Untranslated tag #forge:chipped_gems/rock_salt
[10mai.2026 15:10:00.706] [Thread-15/ERROR] [EMI/]: [EMI] Untranslated tag #forge:chipped_gems/ruby
[10mai.2026 15:10:00.706] [Thread-15/ERROR] [EMI/]: [EMI] Untranslated tag #forge:chipped_gems/rutile
[10mai.2026 15:10:00.706] [Thread-15/ERROR] [EMI/]: [EMI] Untranslated tag #forge:chipped_gems/salt
[10mai.2026 15:10:00.706] [Thread-15/ERROR] [EMI/]: [EMI] Untranslated tag #forge:chipped_gems/sapphire
[10mai.2026 15:10:00.706] [Thread-15/ERROR] [EMI/]: [EMI] Untranslated tag #forge:chipped_gems/sodalite
[10mai.2026 15:10:00.706] [Thread-15/ERROR] [EMI/]: [EMI] Untranslated tag #forge:chipped_gems/spessartine
[10mai.2026 15:10:00.706] [Thread-15/ERROR] [EMI/]: [EMI] Untranslated tag #forge:chipped_gems/sugar
[10mai.2026 15:10:00.706] [Thread-15/ERROR] [EMI/]: [EMI] Untranslated tag #forge:chipped_gems/topaz
[10mai.2026 15:10:00.706] [Thread-15/ERROR] [EMI/]: [EMI] Untranslated tag #forge:chipped_gems/uvarovite
[10mai.2026 15:10:00.706] [Thread-15/ERROR] [EMI/]: [EMI] Untranslated tag #forge:chipped_gems/yellow_garnet
[10mai.2026 15:10:00.706] [Thread-15/ERROR] [EMI/]: [EMI] Untranslated tag #forge:concrete_powders
[10mai.2026 15:10:00.706] [Thread-15/ERROR] [EMI/]: [EMI] Untranslated tag #forge:concretes
[10mai.2026 15:10:00.706] [Thread-15/ERROR] [EMI/]: [EMI] Untranslated tag #forge:coral_blocks
[10mai.2026 15:10:00.706] [Thread-15/ERROR] [EMI/]: [EMI] Untranslated tag #forge:coral_blocks/alive
[10mai.2026 15:10:00.706] [Thread-15/ERROR] [EMI/]: [EMI] Untranslated tag #forge:coral_blocks/dead
[10mai.2026 15:10:00.706] [Thread-15/ERROR] [EMI/]: [EMI] Untranslated tag #forge:coral_fans
[10mai.2026 15:10:00.706] [Thread-15/ERROR] [EMI/]: [EMI] Untranslated tag #forge:coral_fans/alive
[10mai.2026 15:10:00.706] [Thread-15/ERROR] [EMI/]: [EMI] Untranslated tag #forge:coral_fans/dead
[10mai.2026 15:10:00.706] [Thread-15/ERROR] [EMI/]: [EMI] Untranslated tag #forge:coral_plants
[10mai.2026 15:10:00.706] [Thread-15/ERROR] [EMI/]: [EMI] Untranslated tag #forge:coral_plants/alive
[10mai.2026 15:10:00.706] [Thread-15/ERROR] [EMI/]: [EMI] Untranslated tag #forge:coral_plants/dead
[10mai.2026 15:10:00.706] [Thread-15/ERROR] [EMI/]: [EMI] Untranslated tag #forge:corals
[10mai.2026 15:10:00.706] [Thread-15/ERROR] [EMI/]: [EMI] Untranslated tag #forge:corals/alive
[10mai.2026 15:10:00.706] [Thread-15/ERROR] [EMI/]: [EMI] Untranslated tag #forge:corals/dead
[10mai.2026 15:10:00.706] [Thread-15/ERROR] [EMI/]: [EMI] Untranslated tag #forge:crushed_ores
[10mai.2026 15:10:00.706] [Thread-15/ERROR] [EMI/]: [EMI] Untranslated tag #forge:crushed_ores/almandine
[10mai.2026 15:10:00.706] [Thread-15/ERROR] [EMI/]: [EMI] Untranslated tag #forge:crushed_ores/aluminium
[10mai.2026 15:10:00.706] [Thread-15/ERROR] [EMI/]: [EMI] Untranslated tag #forge:crushed_ores/alunite
[10mai.2026 15:10:00.706] [Thread-15/ERROR] [EMI/]: [EMI] Untranslated tag #forge:crushed_ores/amethyst
[10mai.2026 15:10:00.708] [Thread-15/ERROR] [EMI/]: [EMI] Untranslated tag #forge:crushed_ores/apatite
[10mai.2026 15:10:00.708] [Thread-15/ERROR] [EMI/]: [EMI] Untranslated tag #forge:crushed_ores/asbestos
[10mai.2026 15:10:00.708] [Thread-15/ERROR] [EMI/]: [EMI] Untranslated tag #forge:crushed_ores/barite
[10mai.2026 15:10:00.708] [Thread-15/ERROR] [EMI/]: [EMI] Untranslated tag #forge:crushed_ores/basaltic_mineral_sand
[10mai.2026 15:10:00.708] [Thread-15/ERROR] [EMI/]: [EMI] Untranslated tag #forge:crushed_ores/bastnasite
[10mai.2026 15:10:00.708] [Thread-15/ERROR] [EMI/]: [EMI] Untranslated tag #forge:crushed_ores/bauxite
[10mai.2026 15:10:00.708] [Thread-15/ERROR] [EMI/]: [EMI] Untranslated tag #forge:crushed_ores/bentonite
[10mai.2026 15:10:00.708] [Thread-15/ERROR] [EMI/]: [EMI] Untranslated tag #forge:crushed_ores/beryllium
[10mai.2026 15:10:00.708] [Thread-15/ERROR] [EMI/]: [EMI] Untranslated tag #forge:crushed_ores/blue_topaz
[10mai.2026 15:10:00.708] [Thread-15/ERROR] [EMI/]: [EMI] Untranslated tag #forge:crushed_ores/bornite
[10mai.2026 15:10:00.708] [Thread-15/ERROR] [EMI/]: [EMI] Untranslated tag #forge:crushed_ores/calcite
[10mai.2026 15:10:00.708] [Thread-15/ERROR] [EMI/]: [EMI] Untranslated tag #forge:crushed_ores/cassiterite
[10mai.2026 15:10:00.708] [Thread-15/ERROR] [EMI/]: [EMI] Untranslated tag #forge:crushed_ores/cassiterite_sand
[10mai.2026 15:10:00.708] [Thread-15/ERROR] [EMI/]: [EMI] Untranslated tag #forge:crushed_ores/certus_quartz
[10mai.2026 15:10:00.708] [Thread-15/ERROR] [EMI/]: [EMI] Untranslated tag #forge:crushed_ores/chalcocite
[10mai.2026 15:10:00.708] [Thread-15/ERROR] [EMI/]: [EMI] Untranslated tag #forge:crushed_ores/chalcopyrite
[10mai.2026 15:10:00.708] [Thread-15/ERROR] [EMI/]: [EMI] Untranslated tag #forge:crushed_ores/chromite
[10mai.2026 15:10:00.708] [Thread-15/ERROR] [EMI/]: [EMI] Untranslated tag #forge:crushed_ores/cinnabar
[10mai.2026 15:10:00.708] [Thread-15/ERROR] [EMI/]: [EMI] Untranslated tag #forge:crushed_ores/coal
[10mai.2026 15:10:00.708] [Thread-15/ERROR] [EMI/]: [EMI] Untranslated tag #forge:crushed_ores/cobalt
[10mai.2026 15:10:00.708] [Thread-15/ERROR] [EMI/]: [EMI] Untranslated tag #forge:crushed_ores/cobaltite
[10mai.2026 15:10:00.708] [Thread-15/ERROR] [EMI/]: [EMI] Untranslated tag #forge:crushed_ores/cooperite
[10mai.2026 15:10:00.708] [Thread-15/ERROR] [EMI/]: [EMI] Untranslated tag #forge:crushed_ores/copper
[10mai.2026 15:10:00.708] [Thread-15/ERROR] [EMI/]: [EMI] Untranslated tag #forge:crushed_ores/diamond
[10mai.2026 15:10:00.708] [Thread-15/ERROR] [EMI/]: [EMI] Untranslated tag #forge:crushed_ores/diatomite
[10mai.2026 15:10:00.708] [Thread-15/ERROR] [EMI/]: [EMI] Untranslated tag #forge:crushed_ores/electrotine
[10mai.2026 15:10:00.708] [Thread-15/ERROR] [EMI/]: [EMI] Untranslated tag #forge:crushed_ores/emerald
[10mai.2026 15:10:00.708] [Thread-15/ERROR] [EMI/]: [EMI] Untranslated tag #forge:crushed_ores/fullers_earth
[10mai.2026 15:10:00.708] [Thread-15/ERROR] [EMI/]: [EMI] Untranslated tag #forge:crushed_ores/galena
[10mai.2026 15:10:00.708] [Thread-15/ERROR] [EMI/]: [EMI] Untranslated tag #forge:crushed_ores/garnet_sand
[10mai.2026 15:10:00.708] [Thread-15/ERROR] [EMI/]: [EMI] Untranslated tag #forge:crushed_ores/garnierite
[10mai.2026 15:10:00.708] [Thread-15/ERROR] [EMI/]: [EMI] Untranslated tag #forge:crushed_ores/glauconite_sand
[10mai.2026 15:10:00.708] [Thread-15/ERROR] [EMI/]: [EMI] Untranslated tag #forge:crushed_ores/goethite
[10mai.2026 15:10:00.708] [Thread-15/ERROR] [EMI/]: [EMI] Untranslated tag #forge:crushed_ores/gold
[10mai.2026 15:10:00.708] [Thread-15/ERROR] [EMI/]: [EMI] Untranslated tag #forge:crushed_ores/granitic_mineral_sand
[10mai.2026 15:10:00.708] [Thread-15/ERROR] [EMI/]: [EMI] Untranslated tag #forge:crushed_ores/graphite
[10mai.2026 15:10:00.708] [Thread-15/ERROR] [EMI/]: [EMI] Untranslated tag #forge:crushed_ores/green_sapphire
[10mai.2026 15:10:00.708] [Thread-15/ERROR] [EMI/]: [EMI] Untranslated tag #forge:crushed_ores/grossular
[10mai.2026 15:10:00.708] [Thread-15/ERROR] [EMI/]: [EMI] Untranslated tag #forge:crushed_ores/gypsum
[10mai.2026 15:10:00.708] [Thread-15/ERROR] [EMI/]: [EMI] Untranslated tag #forge:crushed_ores/hematite
[10mai.2026 15:10:00.708] [Thread-15/ERROR] [EMI/]: [EMI] Untranslated tag #forge:crushed_ores/ilmenite
[10mai.2026 15:10:00.708] [Thread-15/ERROR] [EMI/]: [EMI] Untranslated tag #forge:crushed_ores/iron
[10mai.2026 15:10:00.709] [Thread-15/ERROR] [EMI/]: [EMI] Untranslated tag #forge:crushed_ores/kyanite
[10mai.2026 15:10:00.709] [Thread-15/ERROR] [EMI/]: [EMI] Untranslated tag #forge:crushed_ores/lapis
[10mai.2026 15:10:00.709] [Thread-15/ERROR] [EMI/]: [EMI] Untranslated tag #forge:crushed_ores/lazurite
[10mai.2026 15:10:00.709] [Thread-15/ERROR] [EMI/]: [EMI] Untranslated tag #forge:crushed_ores/lead
[10mai.2026 15:10:00.709] [Thread-15/ERROR] [EMI/]: [EMI] Untranslated tag #forge:crushed_ores/lepidolite
[10mai.2026 15:10:00.709] [Thread-15/ERROR] [EMI/]: [EMI] Untranslated tag #forge:crushed_ores/lithium
[10mai.2026 15:10:00.709] [Thread-15/ERROR] [EMI/]: [EMI] Untranslated tag #forge:crushed_ores/magnesite
[10mai.2026 15:10:00.709] [Thread-15/ERROR] [EMI/]: [EMI] Untranslated tag #forge:crushed_ores/magnetite
[10mai.2026 15:10:00.709] [Thread-15/ERROR] [EMI/]: [EMI] Untranslated tag #forge:crushed_ores/malachite
[10mai.2026 15:10:00.709] [Thread-15/ERROR] [EMI/]: [EMI] Untranslated tag #forge:crushed_ores/mica
[10mai.2026 15:10:00.709] [Thread-15/ERROR] [EMI/]: [EMI] Untranslated tag #forge:crushed_ores/molybdenite
[10mai.2026 15:10:00.709] [Thread-15/ERROR] [EMI/]: [EMI] Untranslated tag #forge:crushed_ores/molybdenum
[10mai.2026 15:10:00.709] [Thread-15/ERROR] [EMI/]: [EMI] Untranslated tag #forge:crushed_ores/monazite
[10mai.2026 15:10:00.709] [Thread-15/ERROR] [EMI/]: [EMI] Untranslated tag #forge:crushed_ores/naquadah
[10mai.2026 15:10:00.709] [Thread-15/ERROR] [EMI/]: [EMI] Untranslated tag #forge:crushed_ores/neodymium
[10mai.2026 15:10:00.709] [Thread-15/ERROR] [EMI/]: [EMI] Untranslated tag #forge:crushed_ores/nether_quartz
[10mai.2026 15:10:00.709] [Thread-15/ERROR] [EMI/]: [EMI] Untranslated tag #forge:crushed_ores/nickel
[10mai.2026 15:10:00.709] [Thread-15/ERROR] [EMI/]: [EMI] Untranslated tag #forge:crushed_ores/oilsands
[10mai.2026 15:10:00.709] [Thread-15/ERROR] [EMI/]: [EMI] Untranslated tag #forge:crushed_ores/olivine
[10mai.2026 15:10:00.709] [Thread-15/ERROR] [EMI/]: [EMI] Untranslated tag #forge:crushed_ores/opal
[10mai.2026 15:10:00.709] [Thread-15/ERROR] [EMI/]: [EMI] Untranslated tag #forge:crushed_ores/palladium
[10mai.2026 15:10:00.709] [Thread-15/ERROR] [EMI/]: [EMI] Untranslated tag #forge:crushed_ores/pentlandite
[10mai.2026 15:10:00.709] [Thread-15/ERROR] [EMI/]: [EMI] Untranslated tag #forge:crushed_ores/pitchblende
[10mai.2026 15:10:00.709] [Thread-15/ERROR] [EMI/]: [EMI] Untranslated tag #forge:crushed_ores/platinum
[10mai.2026 15:10:00.709] [Thread-15/ERROR] [EMI/]: [EMI] Untranslated tag #forge:crushed_ores/plutonium
[10mai.2026 15:10:00.709] [Thread-15/ERROR] [EMI/]: [EMI] Untranslated tag #forge:crushed_ores/pollucite
[10mai.2026 15:10:00.709] [Thread-15/ERROR] [EMI/]: [EMI] Untranslated tag #forge:crushed_ores/powellite
[10mai.2026 15:10:00.709] [Thread-15/ERROR] [EMI/]: [EMI] Untranslated tag #forge:crushed_ores/pyrite
[10mai.2026 15:10:00.709] [Thread-15/ERROR] [EMI/]: [EMI] Untranslated tag #forge:crushed_ores/pyrochlore
[10mai.2026 15:10:00.709] [Thread-15/ERROR] [EMI/]: [EMI] Untranslated tag #forge:crushed_ores/pyrolusite
[10mai.2026 15:10:00.709] [Thread-15/ERROR] [EMI/]: [EMI] Untranslated tag #forge:crushed_ores/pyrope
[10mai.2026 15:10:00.709] [Thread-15/ERROR] [EMI/]: [EMI] Untranslated tag #forge:crushed_ores/quartzite
[10mai.2026 15:10:00.709] [Thread-15/ERROR] [EMI/]: [EMI] Untranslated tag #forge:crushed_ores/realgar
[10mai.2026 15:10:00.709] [Thread-15/ERROR] [EMI/]: [EMI] Untranslated tag #forge:crushed_ores/red_garnet
[10mai.2026 15:10:00.709] [Thread-15/ERROR] [EMI/]: [EMI] Untranslated tag #forge:crushed_ores/redstone
[10mai.2026 15:10:00.709] [Thread-15/ERROR] [EMI/]: [EMI] Untranslated tag #forge:crushed_ores/rock_salt
[10mai.2026 15:10:00.709] [Thread-15/ERROR] [EMI/]: [EMI] Untranslated tag #forge:crushed_ores/ruby
[10mai.2026 15:10:00.709] [Thread-15/ERROR] [EMI/]: [EMI] Untranslated tag #forge:crushed_ores/salt
[10mai.2026 15:10:00.709] [Thread-15/ERROR] [EMI/]: [EMI] Untranslated tag #forge:crushed_ores/saltpeter
[10mai.2026 15:10:00.709] [Thread-15/ERROR] [EMI/]: [EMI] Untranslated tag #forge:crushed_ores/sapphire
[10mai.2026 15:10:00.709] [Thread-15/ERROR] [EMI/]: [EMI] Untranslated tag #forge:crushed_ores/scheelite
[10mai.2026 15:10:00.709] [Thread-15/ERROR] [EMI/]: [EMI] Untranslated tag #forge:crushed_ores/silver
[10mai.2026 15:10:00.709] [Thread-15/ERROR] [EMI/]: [EMI] Untranslated tag #forge:crushed_ores/soapstone
[10mai.2026 15:10:00.709] [Thread-15/ERROR] [EMI/]: [EMI] Untranslated tag #forge:crushed_ores/sodalite
[10mai.2026 15:10:00.709] [Thread-15/ERROR] [EMI/]: [EMI] Untranslated tag #forge:crushed_ores/spessartine
[10mai.2026 15:10:00.710] [Thread-15/ERROR] [EMI/]: [EMI] Untranslated tag #forge:crushed_ores/sphalerite
[10mai.2026 15:10:00.710] [Thread-15/ERROR] [EMI/]: [EMI] Untranslated tag #forge:crushed_ores/spodumene
[10mai.2026 15:10:00.710] [Thread-15/ERROR] [EMI/]: [EMI] Untranslated tag #forge:crushed_ores/stibnite
[10mai.2026 15:10:00.710] [Thread-15/ERROR] [EMI/]: [EMI] Untranslated tag #forge:crushed_ores/sulfur
[10mai.2026 15:10:00.710] [Thread-15/ERROR] [EMI/]: [EMI] Untranslated tag #forge:crushed_ores/talc
[10mai.2026 15:10:00.710] [Thread-15/ERROR] [EMI/]: [EMI] Untranslated tag #forge:crushed_ores/tantalite
[10mai.2026 15:10:00.710] [Thread-15/ERROR] [EMI/]: [EMI] Untranslated tag #forge:crushed_ores/tetrahedrite
[10mai.2026 15:10:00.710] [Thread-15/ERROR] [EMI/]: [EMI] Untranslated tag #forge:crushed_ores/thorium
[10mai.2026 15:10:00.710] [Thread-15/ERROR] [EMI/]: [EMI] Untranslated tag #forge:crushed_ores/tin
[10mai.2026 15:10:00.710] [Render thread/WARN] [mezz.jei.library.plugins.vanilla.ingredients.ItemStackListFactory/]: 26 duplicate items were found in 'Functional Blocks' creative tab's: displayItems
This may indicate that these types of item need a subtype interpreter added to JEI:
[painting]
[10mai.2026 15:10:00.710] [Thread-15/ERROR] [EMI/]: [EMI] Untranslated tag #forge:crushed_ores/topaz
[10mai.2026 15:10:00.710] [Thread-15/ERROR] [EMI/]: [EMI] Untranslated tag #forge:crushed_ores/tricalcium_phosphate
[10mai.2026 15:10:00.710] [Thread-15/ERROR] [EMI/]: [EMI] Untranslated tag #forge:crushed_ores/trona
[10mai.2026 15:10:00.710] [Thread-15/ERROR] [EMI/]: [EMI] Untranslated tag #forge:crushed_ores/tungstate
[10mai.2026 15:10:00.710] [Thread-15/ERROR] [EMI/]: [EMI] Untranslated tag #forge:crushed_ores/uraninite
[10mai.2026 15:10:00.710] [Thread-15/ERROR] [EMI/]: [EMI] Untranslated tag #forge:crushed_ores/vanadium_magnetite
[10mai.2026 15:10:00.710] [Thread-15/ERROR] [EMI/]: [EMI] Untranslated tag #forge:crushed_ores/wulfenite
[10mai.2026 15:10:00.710] [Thread-15/ERROR] [EMI/]: [EMI] Untranslated tag #forge:crushed_ores/yellow_garnet
[10mai.2026 15:10:00.710] [Thread-15/ERROR] [EMI/]: [EMI] Untranslated tag #forge:crushed_ores/yellow_limonite
[10mai.2026 15:10:00.710] [Thread-15/ERROR] [EMI/]: [EMI] Untranslated tag #forge:crushed_ores/zeolite
[10mai.2026 15:10:00.710] [Thread-15/ERROR] [EMI/]: [EMI] Untranslated tag #forge:deepslate
[10mai.2026 15:10:00.710] [Thread-15/ERROR] [EMI/]: [EMI] Untranslated tag #forge:dense_plates
[10mai.2026 15:10:00.710] [Thread-15/ERROR] [EMI/]: [EMI] Untranslated tag #forge:dense_plates/darmstadtium
[10mai.2026 15:10:00.710] [Thread-15/ERROR] [EMI/]: [EMI] Untranslated tag #forge:dense_plates/dysprosium
[10mai.2026 15:10:00.710] [Thread-15/ERROR] [EMI/]: [EMI] Untranslated tag #forge:dense_plates/iron
[10mai.2026 15:10:00.710] [Thread-15/ERROR] [EMI/]: [EMI] Untranslated tag #forge:dense_plates/magnetic_steel
[10mai.2026 15:10:00.710] [Thread-15/ERROR] [EMI/]: [EMI] Untranslated tag #forge:dense_plates/naquadah_alloy
[10mai.2026 15:10:00.710] [Thread-15/ERROR] [EMI/]: [EMI] Untranslated tag #forge:dense_plates/obsidian
[10mai.2026 15:10:00.710] [Thread-15/ERROR] [EMI/]: [EMI] Untranslated tag #forge:dense_plates/rhodium_plated_palladium
[10mai.2026 15:10:00.710] [Thread-15/ERROR] [EMI/]: [EMI] Untranslated tag #forge:dense_plates/steel
[10mai.2026 15:10:00.710] [Thread-15/ERROR] [EMI/]: [EMI] Untranslated tag #forge:dense_plates/tungsten_steel
[10mai.2026 15:10:00.710] [Thread-15/ERROR] [EMI/]: [EMI] Untranslated tag #forge:diorite
[10mai.2026 15:10:00.710] [Thread-15/ERROR] [EMI/]: [EMI] Untranslated tag #forge:double_plates
[10mai.2026 15:10:00.710] [Thread-15/ERROR] [EMI/]: [EMI] Untranslated tag #forge:double_plates/aluminium
[10mai.2026 15:10:00.710] [Thread-15/ERROR] [EMI/]: [EMI] Untranslated tag #forge:double_plates/americium
[10mai.2026 15:10:00.710] [Thread-15/ERROR] [EMI/]: [EMI] Untranslated tag #forge:double_plates/annealed_copper
[10mai.2026 15:10:00.710] [Thread-15/ERROR] [EMI/]: [EMI] Untranslated tag #forge:double_plates/battery_alloy
[10mai.2026 15:10:00.710] [Thread-15/ERROR] [EMI/]: [EMI] Untranslated tag #forge:double_plates/beryllium
[10mai.2026 15:10:00.710] [Thread-15/ERROR] [EMI/]: [EMI] Untranslated tag #forge:double_plates/bismuth_bronze
[10mai.2026 15:10:00.710] [Thread-15/ERROR] [EMI/]: [EMI] Untranslated tag #forge:double_plates/black_bronze
[10mai.2026 15:10:00.710] [Thread-15/ERROR] [EMI/]: [EMI] Untranslated tag #forge:double_plates/black_steel
[10mai.2026 15:10:00.710] [Thread-15/ERROR] [EMI/]: [EMI] Untranslated tag #forge:double_plates/blue_alloy
[10mai.2026 15:10:00.710] [Thread-15/ERROR] [EMI/]: [EMI] Untranslated tag #forge:double_plates/blue_steel
[10mai.2026 15:10:00.710] [Thread-15/ERROR] [EMI/]: [EMI] Untranslated tag #forge:double_plates/brass
[10mai.2026 15:10:00.710] [Thread-15/ERROR] [EMI/]: [EMI] Untranslated tag #forge:double_plates/bronze
[10mai.2026 15:10:00.710] [Thread-15/ERROR] [EMI/]: [EMI] Untranslated tag #forge:double_plates/chromium
[10mai.2026 15:10:00.710] [Thread-15/ERROR] [EMI/]: [EMI] Untranslated tag #forge:double_plates/cobalt
[10mai.2026 15:10:00.710] [Thread-15/ERROR] [EMI/]: [EMI] Untranslated tag #forge:double_plates/cobalt_brass
[10mai.2026 15:10:00.710] [Thread-15/ERROR] [EMI/]: [EMI] Untranslated tag #forge:double_plates/copper
[10mai.2026 15:10:00.710] [Thread-15/ERROR] [EMI/]: [EMI] Untranslated tag #forge:double_plates/cupronickel
[10mai.2026 15:10:00.710] [Thread-15/ERROR] [EMI/]: [EMI] Untranslated tag #forge:double_plates/damascus_steel
[10mai.2026 15:10:00.710] [Thread-15/ERROR] [EMI/]: [EMI] Untranslated tag #forge:double_plates/darmstadtium
[10mai.2026 15:10:00.710] [Thread-15/ERROR] [EMI/]: [EMI] Untranslated tag #forge:double_plates/duranium
[10mai.2026 15:10:00.710] [Thread-15/ERROR] [EMI/]: [EMI] Untranslated tag #forge:double_plates/dysprosium
[10mai.2026 15:10:00.710] [Thread-15/ERROR] [EMI/]: [EMI] Untranslated tag #forge:double_plates/electrum
[10mai.2026 15:10:00.710] [Thread-15/ERROR] [EMI/]: [EMI] Untranslated tag #forge:double_plates/enriched_naquadah
[10mai.2026 15:10:00.710] [Thread-15/ERROR] [EMI/]: [EMI] Untranslated tag #forge:double_plates/enriched_naquadah_trinium_europium_duranide
[10mai.2026 15:10:00.710] [Thread-15/ERROR] [EMI/]: [EMI] Untranslated tag #forge:double_plates/europium
[10mai.2026 15:10:00.710] [Thread-15/ERROR] [EMI/]: [EMI] Untranslated tag #forge:double_plates/gallium
[10mai.2026 15:10:00.710] [Thread-15/ERROR] [EMI/]: [EMI] Untranslated tag #forge:double_plates/gallium_arsenide
[10mai.2026 15:10:00.710] [Thread-15/ERROR] [EMI/]: [EMI] Untranslated tag #forge:double_plates/gold
[10mai.2026 15:10:00.710] [Thread-15/ERROR] [EMI/]: [EMI] Untranslated tag #forge:double_plates/graphene
[10mai.2026 15:10:00.710] [Thread-15/ERROR] [EMI/]: [EMI] Untranslated tag #forge:double_plates/hastelloy_c_276
[10mai.2026 15:10:00.710] [Thread-15/ERROR] [EMI/]: [EMI] Untranslated tag #forge:double_plates/hastelloy_x
[10mai.2026 15:10:00.710] [Thread-15/ERROR] [EMI/]: [EMI] Untranslated tag #forge:double_plates/hsla_steel
[10mai.2026 15:10:00.710] [Thread-15/ERROR] [EMI/]: [EMI] Untranslated tag #forge:double_plates/hsse
[10mai.2026 15:10:00.710] [Thread-15/ERROR] [EMI/]: [EMI] Untranslated tag #forge:double_plates/hssg
[10mai.2026 15:10:00.710] [Thread-15/ERROR] [EMI/]: [EMI] Untranslated tag #forge:double_plates/hsss
[10mai.2026 15:10:00.710] [Thread-15/ERROR] [EMI/]: [EMI] Untranslated tag #forge:double_plates/incoloy_ma_956
[10mai.2026 15:10:00.710] [Thread-15/ERROR] [EMI/]: [EMI] Untranslated tag #forge:double_plates/indium_gallium_phosphide
[10mai.2026 15:10:00.710] [Thread-15/ERROR] [EMI/]: [EMI] Untranslated tag #forge:double_plates/indium_tin_barium_titanium_cuprate
[10mai.2026 15:10:00.711] [Thread-15/ERROR] [EMI/]: [EMI] Untranslated tag #forge:double_plates/invar
[10mai.2026 15:10:00.711] [Thread-15/ERROR] [EMI/]: [EMI] Untranslated tag #forge:double_plates/iridium
[10mai.2026 15:10:00.711] [Thread-15/ERROR] [EMI/]: [EMI] Untranslated tag #forge:double_plates/iron
[10mai.2026 15:10:00.711] [Thread-15/ERROR] [EMI/]: [EMI] Untranslated tag #forge:double_plates/kanthal
[10mai.2026 15:10:00.711] [Thread-15/ERROR] [EMI/]: [EMI] Untranslated tag #forge:double_plates/lead
[10mai.2026 15:10:00.711] [Thread-15/ERROR] [EMI/]: [EMI] Untranslated tag #forge:double_plates/magnalium
[10mai.2026 15:10:00.711] [Thread-15/ERROR] [EMI/]: [EMI] Untranslated tag #forge:double_plates/magnetic_steel
[10mai.2026 15:10:00.711] [Thread-15/ERROR] [EMI/]: [EMI] Untranslated tag #forge:double_plates/manganese
[10mai.2026 15:10:00.711] [Thread-15/ERROR] [EMI/]: [EMI] Untranslated tag #forge:double_plates/maraging_steel_300
[10mai.2026 15:10:00.711] [Thread-15/ERROR] [EMI/]: [EMI] Untranslated tag #forge:double_plates/molybdenum
[10mai.2026 15:10:00.711] [Thread-15/ERROR] [EMI/]: [EMI] Untranslated tag #forge:double_plates/molybdenum_disilicide
[10mai.2026 15:10:00.711] [Thread-15/ERROR] [EMI/]: [EMI] Untranslated tag #forge:double_plates/naquadah
[10mai.2026 15:10:00.711] [Thread-15/ERROR] [EMI/]: [EMI] Untranslated tag #forge:double_plates/naquadah_alloy
[10mai.2026 15:10:00.711] [Thread-15/ERROR] [EMI/]: [EMI] Untranslated tag #forge:double_plates/naquadria
[10mai.2026 15:10:00.711] [Thread-15/ERROR] [EMI/]: [EMI] Untranslated tag #forge:double_plates/neodymium
[10mai.2026 15:10:00.711] [Thread-15/ERROR] [EMI/]: [EMI] Untranslated tag #forge:double_plates/neutronium
[10mai.2026 15:10:00.711] [Thread-15/ERROR] [EMI/]: [EMI] Untranslated tag #forge:double_plates/nichrome
[10mai.2026 15:10:00.711] [Thread-15/ERROR] [EMI/]: [EMI] Untranslated tag #forge:double_plates/nickel
[10mai.2026 15:10:00.711] [Thread-15/ERROR] [EMI/]: [EMI] Untranslated tag #forge:double_plates/niobium_nitride
[10mai.2026 15:10:00.711] [Thread-15/ERROR] [EMI/]: [EMI] Untranslated tag #forge:double_plates/niobium_titanium
[10mai.2026 15:10:00.711] [Thread-15/ERROR] [EMI/]: [EMI] Untranslated tag #forge:double_plates/osmiridium
[10mai.2026 15:10:00.711] [Thread-15/ERROR] [EMI/]: [EMI] Untranslated tag #forge:double_plates/osmium
[10mai.2026 15:10:00.711] [Thread-15/ERROR] [EMI/]: [EMI] Untranslated tag #forge:double_plates/palladium
[10mai.2026 15:10:00.711] [Thread-15/ERROR] [EMI/]: [EMI] Untranslated tag #forge:double_plates/platinum
[10mai.2026 15:10:00.711] [Thread-15/ERROR] [EMI/]: [EMI] Untranslated tag #forge:double_plates/plutonium_241
[10mai.2026 15:10:00.711] [Thread-15/ERROR] [EMI/]: [EMI] Untranslated tag #forge:double_plates/potin
[10mai.2026 15:10:00.711] [Thread-15/ERROR] [EMI/]: [EMI] Untranslated tag #forge:double_plates/red_alloy
[10mai.2026 15:10:00.711] [Thread-15/ERROR] [EMI/]: [EMI] Untranslated tag #forge:double_plates/red_steel
[10mai.2026 15:10:00.711] [Thread-15/ERROR] [EMI/]: [EMI] Untranslated tag #forge:double_plates/rhodium
[10mai.2026 15:10:00.711] [Thread-15/ERROR] [EMI/]: [EMI] Untranslated tag #forge:double_plates/rhodium_plated_palladium
[10mai.2026 15:10:00.711] [Thread-15/ERROR] [EMI/]: [EMI] Untranslated tag #forge:double_plates/rose_gold
[10mai.2026 15:10:00.711] [Thread-15/ERROR] [EMI/]: [EMI] Untranslated tag #forge:double_plates/ruridit
[10mai.2026 15:10:00.711] [Thread-15/ERROR] [EMI/]: [EMI] Untranslated tag #forge:double_plates/ruthenium
[10mai.2026 15:10:00.711] [Thread-15/ERROR] [EMI/]: [EMI] Untranslated tag #forge:double_plates/silicon
[10mai.2026 15:10:00.711] [Thread-15/ERROR] [EMI/]: [EMI] Untranslated tag #forge:double_plates/silver
[10mai.2026 15:10:00.711] [Thread-15/ERROR] [EMI/]: [EMI] Untranslated tag #forge:double_plates/stainless_steel
[10mai.2026 15:10:00.711] [Thread-15/ERROR] [EMI/]: [EMI] Untranslated tag #forge:double_plates/steel
[10mai.2026 15:10:00.711] [Thread-15/ERROR] [EMI/]: [EMI] Untranslated tag #forge:double_plates/stellite_100
[10mai.2026 15:10:00.711] [Thread-15/ERROR] [EMI/]: [EMI] Untranslated tag #forge:double_plates/sterling_silver
[10mai.2026 15:10:00.711] [Thread-15/ERROR] [EMI/]: [EMI] Untranslated tag #forge:double_plates/tantalum
[10mai.2026 15:10:00.711] [Thread-15/ERROR] [EMI/]: [EMI] Untranslated tag #forge:double_plates/tantalum_carbide
[10mai.2026 15:10:00.711] [Thread-15/ERROR] [EMI/]: [EMI] Untranslated tag #forge:double_plates/thorium
[10mai.2026 15:10:00.711] [Thread-15/ERROR] [EMI/]: [EMI] Untranslated tag #forge:double_plates/tin
[10mai.2026 15:10:00.711] [Thread-15/ERROR] [EMI/]: [EMI] Untranslated tag #forge:double_plates/tin_alloy
[10mai.2026 15:10:00.711] [Thread-15/ERROR] [EMI/]: [EMI] Untranslated tag #forge:double_plates/titanium
[10mai.2026 15:10:00.711] [Thread-15/ERROR] [EMI/]: [EMI] Untranslated tag #forge:double_plates/titanium_carbide
[10mai.2026 15:10:00.711] [Thread-15/ERROR] [EMI/]: [EMI] Untranslated tag #forge:double_plates/titanium_tungsten_carbide
[10mai.2026 15:10:00.711] [Thread-15/ERROR] [EMI/]: [EMI] Untranslated tag #forge:double_plates/trinium
[10mai.2026 15:10:00.711] [Thread-15/ERROR] [EMI/]: [EMI] Untranslated tag #forge:double_plates/tritanium
[10mai.2026 15:10:00.711] [Thread-15/ERROR] [EMI/]: [EMI] Untranslated tag #forge:double_plates/tungsten
[10mai.2026 15:10:00.711] [Thread-15/ERROR] [EMI/]: [EMI] Untranslated tag #forge:double_plates/tungsten_carbide
[10mai.2026 15:10:00.711] [Thread-15/ERROR] [EMI/]: [EMI] Untranslated tag #forge:double_plates/tungsten_steel
[10mai.2026 15:10:00.711] [Thread-15/ERROR] [EMI/]: [EMI] Untranslated tag #forge:double_plates/ultimet
[10mai.2026 15:10:00.711] [Thread-15/ERROR] [EMI/]: [EMI] Untranslated tag #forge:double_plates/uranium
[10mai.2026 15:10:00.711] [Thread-15/ERROR] [EMI/]: [EMI] Untranslated tag #forge:double_plates/uranium_235
[10mai.2026 15:10:00.711] [Thread-15/ERROR] [EMI/]: [EMI] Untranslated tag #forge:double_plates/uranium_rhodium_dinaquadide
[10mai.2026 15:10:00.711] [Thread-15/ERROR] [EMI/]: [EMI] Untranslated tag #forge:double_plates/vanadium_gallium
[10mai.2026 15:10:00.711] [Thread-15/ERROR] [EMI/]: [EMI] Untranslated tag #forge:double_plates/vanadium_steel
[10mai.2026 15:10:00.711] [Thread-15/ERROR] [EMI/]: [EMI] Untranslated tag #forge:double_plates/watertight_steel
[10mai.2026 15:10:00.711] [Thread-15/ERROR] [EMI/]: [EMI] Untranslated tag #forge:double_plates/wrought_iron
[10mai.2026 15:10:00.711] [Thread-15/ERROR] [EMI/]: [EMI] Untranslated tag #forge:double_plates/yttrium_barium_cuprate
[10mai.2026 15:10:00.711] [Thread-15/ERROR] [EMI/]: [EMI] Untranslated tag #forge:double_plates/zeron_100
[10mai.2026 15:10:00.711] [Thread-15/ERROR] [EMI/]: [EMI] Untranslated tag #forge:double_plates/zinc
[10mai.2026 15:10:00.711] [Thread-15/ERROR] [EMI/]: [EMI] Untranslated tag #forge:dough
[10mai.2026 15:10:00.711] [Thread-15/ERROR] [EMI/]: [EMI] Untranslated tag #forge:dough/wheat
[10mai.2026 15:10:00.711] [Thread-15/ERROR] [EMI/]: [EMI] Untranslated tag #forge:dusts/actinium
[10mai.2026 15:10:00.711] [Thread-15/ERROR] [EMI/]: [EMI] Untranslated tag #forge:dusts/activated_carbon
[10mai.2026 15:10:00.711] [Thread-15/ERROR] [EMI/]: [EMI] Untranslated tag #forge:dusts/agar
[10mai.2026 15:10:00.711] [Thread-15/ERROR] [EMI/]: [EMI] Untranslated tag #forge:dusts/almandine
[10mai.2026 15:10:00.711] [Thread-15/ERROR] [EMI/]: [EMI] Untranslated tag #forge:dusts/aluminium
[10mai.2026 15:10:00.711] [Thread-15/ERROR] [EMI/]: [EMI] Untranslated tag #forge:dusts/aluminium_sulfite
[10mai.2026 15:10:00.711] [Thread-15/ERROR] [EMI/]: [EMI] Untranslated tag #forge:dusts/alunite
[10mai.2026 15:10:00.711] [Thread-15/ERROR] [EMI/]: [EMI] Untranslated tag #forge:dusts/americium
[10mai.2026 15:10:00.711] [Thread-15/ERROR] [EMI/]: [EMI] Untranslated tag #forge:dusts/amethyst
[10mai.2026 15:10:00.711] [Thread-15/ERROR] [EMI/]: [EMI] Untranslated tag #forge:dusts/ammonium_chloride
[10mai.2026 15:10:00.711] [Thread-15/ERROR] [EMI/]: [EMI] Untranslated tag #forge:dusts/andesite
[10mai.2026 15:10:00.711] [Thread-15/ERROR] [EMI/]: [EMI] Untranslated tag #forge:dusts/andradite
[10mai.2026 15:10:00.712] [Thread-15/ERROR] [EMI/]: [EMI] Untranslated tag #forge:dusts/annealed_copper
[10mai.2026 15:10:00.712] [Thread-15/ERROR] [EMI/]: [EMI] Untranslated tag #forge:dusts/antimony
[10mai.2026 15:10:00.712] [Thread-15/ERROR] [EMI/]: [EMI] Untranslated tag #forge:dusts/antimony_trifluoride
[10mai.2026 15:10:00.712] [Thread-15/ERROR] [EMI/]: [EMI] Untranslated tag #forge:dusts/antimony_trioxide
[10mai.2026 15:10:00.712] [Thread-15/ERROR] [EMI/]: [EMI] Untranslated tag #forge:dusts/apatite
[10mai.2026 15:10:00.712] [Thread-15/ERROR] [EMI/]: [EMI] Untranslated tag #forge:dusts/arsenic
[10mai.2026 15:10:00.712] [Thread-15/ERROR] [EMI/]: [EMI] Untranslated tag #forge:dusts/arsenic_trioxide
[10mai.2026 15:10:00.712] [Thread-15/ERROR] [EMI/]: [EMI] Untranslated tag #forge:dusts/asbestos
[10mai.2026 15:10:00.712] [Thread-15/ERROR] [EMI/]: [EMI] Untranslated tag #forge:dusts/ash
[10mai.2026 15:10:00.712] [Thread-15/ERROR] [EMI/]: [EMI] Untranslated tag #forge:dusts/astatine
[10mai.2026 15:10:00.712] [Thread-15/ERROR] [EMI/]: [EMI] Untranslated tag #forge:dusts/barite
[10mai.2026 15:10:00.712] [Thread-15/ERROR] [EMI/]: [EMI] Untranslated tag #forge:dusts/barium
[10mai.2026 15:10:00.712] [Thread-15/ERROR] [EMI/]: [EMI] Untranslated tag #forge:dusts/barium_sulfide
[10mai.2026 15:10:00.712] [Thread-15/ERROR] [EMI/]: [EMI] Untranslated tag #forge:dusts/basalt
[10mai.2026 15:10:00.712] [Thread-15/ERROR] [EMI/]: [EMI] Untranslated tag #forge:dusts/basaltic_mineral_sand
[10mai.2026 15:10:00.712] [Render thread/WARN] [mezz.jei.library.plugins.vanilla.ingredients.ItemStackListFactory/]: 9 duplicate items were found in 'Tools & Utilities' creative tab's: displayItems
This may indicate that these types of item need a subtype interpreter added to JEI:
[firework_rocket, goat_horn]
[10mai.2026 15:10:00.712] [Thread-15/ERROR] [EMI/]: [EMI] Untranslated tag #forge:dusts/bastnasite
[10mai.2026 15:10:00.712] [Thread-15/ERROR] [EMI/]: [EMI] Untranslated tag #forge:dusts/battery_alloy
[10mai.2026 15:10:00.712] [Thread-15/ERROR] [EMI/]: [EMI] Untranslated tag #forge:dusts/bauxite
[10mai.2026 15:10:00.712] [Thread-15/ERROR] [EMI/]: [EMI] Untranslated tag #forge:dusts/bauxite_slag
[10mai.2026 15:10:00.712] [Thread-15/ERROR] [EMI/]: [EMI] Untranslated tag #forge:dusts/bentonite
[10mai.2026 15:10:00.712] [Thread-15/ERROR] [EMI/]: [EMI] Untranslated tag #forge:dusts/berkelium
[10mai.2026 15:10:00.712] [Thread-15/ERROR] [EMI/]: [EMI] Untranslated tag #forge:dusts/beryllium
[10mai.2026 15:10:00.712] [Thread-15/ERROR] [EMI/]: [EMI] Untranslated tag #forge:dusts/biotite
[10mai.2026 15:10:00.712] [Thread-15/ERROR] [EMI/]: [EMI] Untranslated tag #forge:dusts/biphenyl
[10mai.2026 15:10:00.712] [Thread-15/ERROR] [EMI/]: [EMI] Untranslated tag #forge:dusts/bismuth
[10mai.2026 15:10:00.712] [Thread-15/ERROR] [EMI/]: [EMI] Untranslated tag #forge:dusts/bismuth_bronze
[10mai.2026 15:10:00.712] [Thread-15/ERROR] [EMI/]: [EMI] Untranslated tag #forge:dusts/black_bronze
[10mai.2026 15:10:00.712] [Thread-15/ERROR] [EMI/]: [EMI] Untranslated tag #forge:dusts/black_steel
[10mai.2026 15:10:00.712] [Thread-15/ERROR] [EMI/]: [EMI] Untranslated tag #forge:dusts/blackstone
[10mai.2026 15:10:00.712] [Thread-15/ERROR] [EMI/]: [EMI] Untranslated tag #forge:dusts/blaze
[10mai.2026 15:10:00.712] [Thread-15/ERROR] [EMI/]: [EMI] Untranslated tag #forge:dusts/blue_alloy
[10mai.2026 15:10:00.712] [Thread-15/ERROR] [EMI/]: [EMI] Untranslated tag #forge:dusts/blue_steel
[10mai.2026 15:10:00.712] [Thread-15/ERROR] [EMI/]: [EMI] Untranslated tag #forge:dusts/blue_topaz
[10mai.2026 15:10:00.712] [Thread-15/ERROR] [EMI/]: [EMI] Untranslated tag #forge:dusts/bohrium
[10mai.2026 15:10:00.712] [Thread-15/ERROR] [EMI/]: [EMI] Untranslated tag #forge:dusts/bone
[10mai.2026 15:10:00.712] [Thread-15/ERROR] [EMI/]: [EMI] Untranslated tag #forge:dusts/borax
[10mai.2026 15:10:00.712] [Thread-15/ERROR] [EMI/]: [EMI] Untranslated tag #forge:dusts/bornite
[10mai.2026 15:10:00.712] [Thread-15/ERROR] [EMI/]: [EMI] Untranslated tag #forge:dusts/boron
[10mai.2026 15:10:00.712] [Thread-15/ERROR] [EMI/]: [EMI] Untranslated tag #forge:dusts/borosilicate_glass
[10mai.2026 15:10:00.712] [Thread-15/ERROR] [EMI/]: [EMI] Untranslated tag #forge:dusts/brass
[10mai.2026 15:10:00.712] [Thread-15/ERROR] [EMI/]: [EMI] Untranslated tag #forge:dusts/brick
[10mai.2026 15:10:00.712] [Thread-15/ERROR] [EMI/]: [EMI] Untranslated tag #forge:dusts/bronze
[10mai.2026 15:10:00.712] [Thread-15/ERROR] [EMI/]: [EMI] Untranslated tag #forge:dusts/cadmium
[10mai.2026 15:10:00.712] [Thread-15/ERROR] [EMI/]: [EMI] Untranslated tag #forge:dusts/caesium
[10mai.2026 15:10:00.712] [Thread-15/ERROR] [EMI/]: [EMI] Untranslated tag #forge:dusts/calcite
[10mai.2026 15:10:00.712] [Thread-15/ERROR] [EMI/]: [EMI] Untranslated tag #forge:dusts/calcium
[10mai.2026 15:10:00.712] [Thread-15/ERROR] [EMI/]: [EMI] Untranslated tag #forge:dusts/calcium_carbonate
[10mai.2026 15:10:00.712] [Thread-15/ERROR] [EMI/]: [EMI] Untranslated tag #forge:dusts/calcium_chloride
[10mai.2026 15:10:00.712] [Thread-15/ERROR] [EMI/]: [EMI] Untranslated tag #forge:dusts/calcium_ferrocyanide
[10mai.2026 15:10:00.712] [Thread-15/ERROR] [EMI/]: [EMI] Untranslated tag #forge:dusts/calcium_hydroxide
[10mai.2026 15:10:00.712] [Thread-15/ERROR] [EMI/]: [EMI] Untranslated tag #forge:dusts/calcium_phosphide
[10mai.2026 15:10:00.712] [Thread-15/ERROR] [EMI/]: [EMI] Untranslated tag #forge:dusts/californium
[10mai.2026 15:10:00.712] [Thread-15/ERROR] [EMI/]: [EMI] Untranslated tag #forge:dusts/caprolactam
[10mai.2026 15:10:00.712] [Thread-15/ERROR] [EMI/]: [EMI] Untranslated tag #forge:dusts/carbon
[10mai.2026 15:10:00.712] [Thread-15/ERROR] [EMI/]: [EMI] Untranslated tag #forge:dusts/cassiterite
[10mai.2026 15:10:00.712] [Thread-15/ERROR] [EMI/]: [EMI] Untranslated tag #forge:dusts/cassiterite_sand
[10mai.2026 15:10:00.712] [Thread-15/ERROR] [EMI/]: [EMI] Untranslated tag #forge:dusts/cerium
[10mai.2026 15:10:00.712] [Thread-15/ERROR] [EMI/]: [EMI] Untranslated tag #forge:dusts/certus_quartz
[10mai.2026 15:10:00.712] [Thread-15/ERROR] [EMI/]: [EMI] Untranslated tag #forge:dusts/chalcocite
[10mai.2026 15:10:00.712] [Thread-15/ERROR] [EMI/]: [EMI] Untranslated tag #forge:dusts/chalcopyrite
[10mai.2026 15:10:00.712] [Thread-15/ERROR] [EMI/]: [EMI] Untranslated tag #forge:dusts/charcoal
[10mai.2026 15:10:00.712] [Thread-15/ERROR] [EMI/]: [EMI] Untranslated tag #forge:dusts/chromite
[10mai.2026 15:10:00.712] [Thread-15/ERROR] [EMI/]: [EMI] Untranslated tag #forge:dusts/chromium
[10mai.2026 15:10:00.712] [Thread-15/ERROR] [EMI/]: [EMI] Untranslated tag #forge:dusts/chromium_trioxide
[10mai.2026 15:10:00.712] [Thread-15/ERROR] [EMI/]: [EMI] Untranslated tag #forge:dusts/cinnabar
[10mai.2026 15:10:00.712] [Thread-15/ERROR] [EMI/]: [EMI] Untranslated tag #forge:dusts/clay
[10mai.2026 15:10:00.712] [Thread-15/ERROR] [EMI/]: [EMI] Untranslated tag #forge:dusts/coal
[10mai.2026 15:10:00.712] [Thread-15/ERROR] [EMI/]: [EMI] Untranslated tag #forge:dusts/cobalt
[10mai.2026 15:10:00.713] [Thread-15/ERROR] [EMI/]: [EMI] Untranslated tag #forge:dusts/cobalt_brass
[10mai.2026 15:10:00.713] [Thread-15/ERROR] [EMI/]: [EMI] Untranslated tag #forge:dusts/cobalt_oxide
[10mai.2026 15:10:00.713] [Thread-15/ERROR] [EMI/]: [EMI] Untranslated tag #forge:dusts/cobaltite
[10mai.2026 15:10:00.713] [Thread-15/ERROR] [EMI/]: [EMI] Untranslated tag #forge:dusts/cocoa
[10mai.2026 15:10:00.713] [Thread-15/ERROR] [EMI/]: [EMI] Untranslated tag #forge:dusts/coke
[10mai.2026 15:10:00.713] [Thread-15/ERROR] [EMI/]: [EMI] Untranslated tag #forge:dusts/collagen
[10mai.2026 15:10:00.713] [Thread-15/ERROR] [EMI/]: [EMI] Untranslated tag #forge:dusts/concrete
[10mai.2026 15:10:00.713] [Thread-15/ERROR] [EMI/]: [EMI] Untranslated tag #forge:dusts/cooperite
[10mai.2026 15:10:00.713] [Thread-15/ERROR] [EMI/]: [EMI] Untranslated tag #forge:dusts/copernicium
[10mai.2026 15:10:00.713] [Thread-15/ERROR] [EMI/]: [EMI] Untranslated tag #forge:dusts/cupric_oxide
[10mai.2026 15:10:00.713] [Thread-15/ERROR] [EMI/]: [EMI] Untranslated tag #forge:dusts/cupronickel
[10mai.2026 15:10:00.713] [Thread-15/ERROR] [EMI/]: [EMI] Untranslated tag #forge:dusts/curium
[10mai.2026 15:10:00.713] [Thread-15/ERROR] [EMI/]: [EMI] Untranslated tag #forge:dusts/cyclohexanone_oxime
[10mai.2026 15:10:00.713] [Thread-15/ERROR] [EMI/]: [EMI] Untranslated tag #forge:dusts/damascus_steel
[10mai.2026 15:10:00.713] [Thread-15/ERROR] [EMI/]: [EMI] Untranslated tag #forge:dusts/dark_ash
[10mai.2026 15:10:00.713] [Thread-15/ERROR] [EMI/]: [EMI] Untranslated tag #forge:dusts/darmstadtium
[10mai.2026 15:10:00.713] [Thread-15/ERROR] [EMI/]: [EMI] Untranslated tag #forge:dusts/deepslate
[10mai.2026 15:10:00.713] [Thread-15/ERROR] [EMI/]: [EMI] Untranslated tag #forge:dusts/diamond
[10mai.2026 15:10:00.713] [Thread-15/ERROR] [EMI/]: [EMI] Untranslated tag #forge:dusts/diatomite
[10mai.2026 15:10:00.713] [Thread-15/ERROR] [EMI/]: [EMI] Untranslated tag #forge:dusts/diethylenetriaminepentaacetic_acid
[10mai.2026 15:10:00.713] [Thread-15/ERROR] [EMI/]: [EMI] Untranslated tag #forge:dusts/diorite
[10mai.2026 15:10:00.713] [Render thread/WARN] [mezz.jei.library.plugins.vanilla.ingredients.ItemStackListFactory/]: 41 duplicate items were found in 'Combat' creative tab's: displayItems
This may indicate that these types of item need a subtype interpreter added to JEI:
[tipped_arrow]
[10mai.2026 15:10:00.713] [Thread-15/ERROR] [EMI/]: [EMI] Untranslated tag #forge:dusts/dubnium
[10mai.2026 15:10:00.713] [Thread-15/ERROR] [EMI/]: [EMI] Untranslated tag #forge:dusts/duranium
[10mai.2026 15:10:00.713] [Thread-15/ERROR] [EMI/]: [EMI] Untranslated tag #forge:dusts/dysprosium
[10mai.2026 15:10:00.713] [Thread-15/ERROR] [EMI/]: [EMI] Untranslated tag #forge:dusts/echo_shard
[10mai.2026 15:10:00.713] [Thread-15/ERROR] [EMI/]: [EMI] Untranslated tag #forge:dusts/einsteinium
[10mai.2026 15:10:00.713] [Thread-15/ERROR] [EMI/]: [EMI] Untranslated tag #forge:dusts/electrotine
[10mai.2026 15:10:00.713] [Thread-15/ERROR] [EMI/]: [EMI] Untranslated tag #forge:dusts/electrum
[10mai.2026 15:10:00.713] [Thread-15/ERROR] [EMI/]: [EMI] Untranslated tag #forge:dusts/emerald
[10mai.2026 15:10:00.713] [Thread-15/ERROR] [EMI/]: [EMI] Untranslated tag #forge:dusts/ender_eye
[10mai.2026 15:10:00.713] [Thread-15/ERROR] [EMI/]: [EMI] Untranslated tag #forge:dusts/ender_pearl
[10mai.2026 15:10:00.713] [Thread-15/ERROR] [EMI/]: [EMI] Untranslated tag #forge:dusts/endstone
[10mai.2026 15:10:00.713] [Thread-15/ERROR] [EMI/]: [EMI] Untranslated tag #forge:dusts/enriched_naquadah
[10mai.2026 15:10:00.713] [Thread-15/ERROR] [EMI/]: [EMI] Untranslated tag #forge:dusts/enriched_naquadah_sulfate
[10mai.2026 15:10:00.713] [Thread-15/ERROR] [EMI/]: [EMI] Untranslated tag #forge:dusts/enriched_naquadah_trinium_europium_duranide
[10mai.2026 15:10:00.713] [Thread-15/ERROR] [EMI/]: [EMI] Untranslated tag #forge:dusts/epoxy
[10mai.2026 15:10:00.713] [Thread-15/ERROR] [EMI/]: [EMI] Untranslated tag #forge:dusts/erbium
[10mai.2026 15:10:00.713] [Thread-15/ERROR] [EMI/]: [EMI] Untranslated tag #forge:dusts/europium
[10mai.2026 15:10:00.713] [Thread-15/ERROR] [EMI/]: [EMI] Untranslated tag #forge:dusts/fermium
[10mai.2026 15:10:00.713] [Thread-15/ERROR] [EMI/]: [EMI] Untranslated tag #forge:dusts/ferrite_mixture
[10mai.2026 15:10:00.713] [Thread-15/ERROR] [EMI/]: [EMI] Untranslated tag #forge:dusts/ferrosilite
[10mai.2026 15:10:00.713] [Thread-15/ERROR] [EMI/]: [EMI] Untranslated tag #forge:dusts/fireclay
[10mai.2026 15:10:00.713] [Thread-15/ERROR] [EMI/]: [EMI] Untranslated tag #forge:dusts/flerovium
[10mai.2026 15:10:00.713] [Thread-15/ERROR] [EMI/]: [EMI] Untranslated tag #forge:dusts/flint
[10mai.2026 15:10:00.713] [Thread-15/ERROR] [EMI/]: [EMI] Untranslated tag #forge:dusts/francium
[10mai.2026 15:10:00.713] [Thread-15/ERROR] [EMI/]: [EMI] Untranslated tag #forge:dusts/fullers_earth
[10mai.2026 15:10:00.713] [Thread-15/ERROR] [EMI/]: [EMI] Untranslated tag #forge:dusts/gadolinium
[10mai.2026 15:10:00.713] [Thread-15/ERROR] [EMI/]: [EMI] Untranslated tag #forge:dusts/galena
[10mai.2026 15:10:00.713] [Thread-15/ERROR] [EMI/]: [EMI] Untranslated tag #forge:dusts/gallium
[10mai.2026 15:10:00.714] [Thread-15/ERROR] [EMI/]: [EMI] Untranslated tag #forge:dusts/gallium_arsenide
[10mai.2026 15:10:00.714] [Thread-15/ERROR] [EMI/]: [EMI] Untranslated tag #forge:dusts/gallium_sulfide
[10mai.2026 15:10:00.714] [Thread-15/ERROR] [EMI/]: [EMI] Untranslated tag #forge:dusts/garnet_sand
[10mai.2026 15:10:00.714] [Thread-15/ERROR] [EMI/]: [EMI] Untranslated tag #forge:dusts/garnierite
[10mai.2026 15:10:00.714] [Thread-15/ERROR] [EMI/]: [EMI] Untranslated tag #forge:dusts/gelatin
[10mai.2026 15:10:00.714] [Thread-15/ERROR] [EMI/]: [EMI] Untranslated tag #forge:dusts/germanium
[10mai.2026 15:10:00.714] [Thread-15/ERROR] [EMI/]: [EMI] Untranslated tag #forge:dusts/glass
[10mai.2026 15:10:00.714] [Thread-15/ERROR] [EMI/]: [EMI] Untranslated tag #forge:dusts/glauconite_sand
[10mai.2026 15:10:00.714] [Thread-15/ERROR] [EMI/]: [EMI] Untranslated tag #forge:dusts/goethite
[10mai.2026 15:10:00.714] [Thread-15/ERROR] [EMI/]: [EMI] Untranslated tag #forge:dusts/granite
[10mai.2026 15:10:00.714] [Thread-15/ERROR] [EMI/]: [EMI] Untranslated tag #forge:dusts/granite_red
[10mai.2026 15:10:00.714] [Thread-15/ERROR] [EMI/]: [EMI] Untranslated tag #forge:dusts/granitic_mineral_sand
[10mai.2026 15:10:00.714] [Thread-15/ERROR] [EMI/]: [EMI] Untranslated tag #forge:dusts/graphene
[10mai.2026 15:10:00.714] [Thread-15/ERROR] [EMI/]: [EMI] Untranslated tag #forge:dusts/graphite
[10mai.2026 15:10:00.714] [Thread-15/ERROR] [EMI/]: [EMI] Untranslated tag #forge:dusts/green_sapphire
[10mai.2026 15:10:00.714] [Thread-15/ERROR] [EMI/]: [EMI] Untranslated tag #forge:dusts/grossular
[10mai.2026 15:10:00.714] [Thread-15/ERROR] [EMI/]: [EMI] Untranslated tag #forge:dusts/gunpowder
[10mai.2026 15:10:00.714] [Thread-15/ERROR] [EMI/]: [EMI] Untranslated tag #forge:dusts/gypsum
[10mai.2026 15:10:00.714] [Thread-15/ERROR] [EMI/]: [EMI] Untranslated tag #forge:dusts/hafnium
[10mai.2026 15:10:00.714] [Thread-15/ERROR] [EMI/]: [EMI] Untranslated tag #forge:dusts/hassium
[10mai.2026 15:10:00.714] [Thread-15/ERROR] [EMI/]: [EMI] Untranslated tag #forge:dusts/hastelloy_c_276
[10mai.2026 15:10:00.714] [Thread-15/ERROR] [EMI/]: [EMI] Untranslated tag #forge:dusts/hastelloy_x
[10mai.2026 15:10:00.714] [Thread-15/ERROR] [EMI/]: [EMI] Untranslated tag #forge:dusts/hematite
[10mai.2026 15:10:00.714] [Thread-15/ERROR] [EMI/]: [EMI] Untranslated tag #forge:dusts/holmium
[10mai.2026 15:10:00.714] [Thread-15/ERROR] [EMI/]: [EMI] Untranslated tag #forge:dusts/hsla_steel
[10mai.2026 15:10:00.714] [Thread-15/ERROR] [EMI/]: [EMI] Untranslated tag #forge:dusts/hsse
[10mai.2026 15:10:00.714] [Thread-15/ERROR] [EMI/]: [EMI] Untranslated tag #forge:dusts/hssg
[10mai.2026 15:10:00.714] [Thread-15/ERROR] [EMI/]: [EMI] Untranslated tag #forge:dusts/hsss
[10mai.2026 15:10:00.714] [Thread-15/ERROR] [EMI/]: [EMI] Untranslated tag #forge:dusts/ice
[10mai.2026 15:10:00.714] [Thread-15/ERROR] [EMI/]: [EMI] Untranslated tag #forge:dusts/ilmenite
[10mai.2026 15:10:00.714] [Thread-15/ERROR] [EMI/]: [EMI] Untranslated tag #forge:dusts/ilmenite_slag
[10mai.2026 15:10:00.714] [Thread-15/ERROR] [EMI/]: [EMI] Untranslated tag #forge:dusts/incoloy_ma_956
[10mai.2026 15:10:00.714] [Thread-15/ERROR] [EMI/]: [EMI] Untranslated tag #forge:dusts/indium
[10mai.2026 15:10:00.714] [Thread-15/ERROR] [EMI/]: [EMI] Untranslated tag #forge:dusts/indium_gallium_phosphide
[10mai.2026 15:10:00.714] [Thread-15/ERROR] [EMI/]: [EMI] Untranslated tag #forge:dusts/indium_phosphide
[10mai.2026 15:10:00.714] [Thread-15/ERROR] [EMI/]: [EMI] Untranslated tag #forge:dusts/indium_tin_barium_titanium_cuprate
[10mai.2026 15:10:00.714] [Thread-15/ERROR] [EMI/]: [EMI] Untranslated tag #forge:dusts/inert_metal_mixture
[10mai.2026 15:10:00.714] [Thread-15/ERROR] [EMI/]: [EMI] Untranslated tag #forge:dusts/invar
[10mai.2026 15:10:00.714] [Thread-15/ERROR] [EMI/]: [EMI] Untranslated tag #forge:dusts/iodine
[10mai.2026 15:10:00.714] [Thread-15/ERROR] [EMI/]: [EMI] Untranslated tag #forge:dusts/iridium
[10mai.2026 15:10:00.714] [Thread-15/ERROR] [EMI/]: [EMI] Untranslated tag #forge:dusts/iridium_chloride
[10mai.2026 15:10:00.714] [Thread-15/ERROR] [EMI/]: [EMI] Untranslated tag #forge:dusts/iridium_metal_residue
[10mai.2026 15:10:00.714] [Thread-15/ERROR] [EMI/]: [EMI] Untranslated tag #forge:dusts/kanthal
[10mai.2026 15:10:00.714] [Thread-15/ERROR] [EMI/]: [EMI] Untranslated tag #forge:dusts/kyanite
[10mai.2026 15:10:00.714] [Thread-15/ERROR] [EMI/]: [EMI] Untranslated tag #forge:dusts/lanthanum
[10mai.2026 15:10:00.714] [Thread-15/ERROR] [EMI/]: [EMI] Untranslated tag #forge:dusts/lapis
[10mai.2026 15:10:00.714] [Thread-15/ERROR] [EMI/]: [EMI] Untranslated tag #forge:dusts/lapotron
[10mai.2026 15:10:00.714] [Thread-15/ERROR] [EMI/]: [EMI] Untranslated tag #forge:dusts/lawrencium
[10mai.2026 15:10:00.714] [Thread-15/ERROR] [EMI/]: [EMI] Untranslated tag #forge:dusts/lazurite
[10mai.2026 15:10:00.714] [Thread-15/ERROR] [EMI/]: [EMI] Untranslated tag #forge:dusts/lead
[10mai.2026 15:10:00.714] [Thread-15/ERROR] [EMI/]: [EMI] Untranslated tag #forge:dusts/lepidolite
[10mai.2026 15:10:00.714] [Thread-15/ERROR] [EMI/]: [EMI] Untranslated tag #forge:dusts/lithium
[10mai.2026 15:10:00.714] [Thread-15/ERROR] [EMI/]: [EMI] Untranslated tag #forge:dusts/lithium_chloride
[10mai.2026 15:10:00.714] [Thread-15/ERROR] [EMI/]: [EMI] Untranslated tag #forge:dusts/livermorium
[10mai.2026 15:10:00.714] [Thread-15/ERROR] [EMI/]: [EMI] Untranslated tag #forge:dusts/lutetium
[10mai.2026 15:10:00.714] [Thread-15/ERROR] [EMI/]: [EMI] Untranslated tag #forge:dusts/magnalium
[10mai.2026 15:10:00.714] [Thread-15/ERROR] [EMI/]: [EMI] Untranslated tag #forge:dusts/magnesia
[10mai.2026 15:10:00.714] [Thread-15/ERROR] [EMI/]: [EMI] Untranslated tag #forge:dusts/magnesite
[10mai.2026 15:10:00.714] [Thread-15/ERROR] [EMI/]: [EMI] Untranslated tag #forge:dusts/magnesium
[10mai.2026 15:10:00.716] [Thread-15/ERROR] [EMI/]: [EMI] Untranslated tag #forge:dusts/magnesium_chloride
[10mai.2026 15:10:00.716] [Thread-15/ERROR] [EMI/]: [EMI] Untranslated tag #forge:dusts/magnesium_diboride
[10mai.2026 15:10:00.716] [Thread-15/ERROR] [EMI/]: [EMI] Untranslated tag #forge:dusts/magnetic_iron
[10mai.2026 15:10:00.716] [Thread-15/ERROR] [EMI/]: [EMI] Untranslated tag #forge:dusts/magnetic_neodymium
[10mai.2026 15:10:00.716] [Thread-15/ERROR] [EMI/]: [EMI] Untranslated tag #forge:dusts/magnetic_samarium
[10mai.2026 15:10:00.716] [Thread-15/ERROR] [EMI/]: [EMI] Untranslated tag #forge:dusts/magnetic_steel
[10mai.2026 15:10:00.716] [Thread-15/ERROR] [EMI/]: [EMI] Untranslated tag #forge:dusts/magnetite
[10mai.2026 15:10:00.716] [Thread-15/ERROR] [EMI/]: [EMI] Untranslated tag #forge:dusts/malachite
[10mai.2026 15:10:00.716] [Thread-15/ERROR] [EMI/]: [EMI] Untranslated tag #forge:dusts/manganese
[10mai.2026 15:10:00.716] [Thread-15/ERROR] [EMI/]: [EMI] Untranslated tag #forge:dusts/manganese_phosphide
[10mai.2026 15:10:00.716] [Thread-15/ERROR] [EMI/]: [EMI] Untranslated tag #forge:dusts/maraging_steel_300
[10mai.2026 15:10:00.716] [Thread-15/ERROR] [EMI/]: [EMI] Untranslated tag #forge:dusts/marble
[10mai.2026 15:10:00.716] [Thread-15/ERROR] [EMI/]: [EMI] Untranslated tag #forge:dusts/massicot
[10mai.2026 15:10:00.716] [Thread-15/ERROR] [EMI/]: [EMI] Untranslated tag #forge:dusts/meat
[10mai.2026 15:10:00.716] [Thread-15/ERROR] [EMI/]: [EMI] Untranslated tag #forge:dusts/meitnerium
[10mai.2026 15:10:00.716] [Thread-15/ERROR] [EMI/]: [EMI] Untranslated tag #forge:dusts/mendelevium
[10mai.2026 15:10:00.716] [Thread-15/ERROR] [EMI/]: [EMI] Untranslated tag #forge:dusts/mercury_barium_calcium_cuprate
[10mai.2026 15:10:00.716] [Thread-15/ERROR] [EMI/]: [EMI] Untranslated tag #forge:dusts/metal_mixture
[10mai.2026 15:10:00.716] [Thread-15/ERROR] [EMI/]: [EMI] Untranslated tag #forge:dusts/mica
[10mai.2026 15:10:00.716] [Thread-15/ERROR] [EMI/]: [EMI] Untranslated tag #forge:dusts/mirabilite
[10mai.2026 15:10:00.716] [Thread-15/ERROR] [EMI/]: [EMI] Untranslated tag #forge:dusts/molybdenite
[10mai.2026 15:10:00.716] [Thread-15/ERROR] [EMI/]: [EMI] Untranslated tag #forge:dusts/molybdenum
[10mai.2026 15:10:00.716] [Thread-15/ERROR] [EMI/]: [EMI] Untranslated tag #forge:dusts/molybdenum_disilicide
[10mai.2026 15:10:00.716] [Thread-15/ERROR] [EMI/]: [EMI] Untranslated tag #forge:dusts/monazite
[10mai.2026 15:10:00.716] [Thread-15/ERROR] [EMI/]: [EMI] Untranslated tag #forge:dusts/moscovium
[10mai.2026 15:10:00.716] [Thread-15/ERROR] [EMI/]: [EMI] Untranslated tag #forge:dusts/naquadah
[10mai.2026 15:10:00.716] [Thread-15/ERROR] [EMI/]: [EMI] Untranslated tag #forge:dusts/naquadah_alloy
[10mai.2026 15:10:00.716] [Thread-15/ERROR] [EMI/]: [EMI] Untranslated tag #forge:dusts/naquadria
[10mai.2026 15:10:00.716] [Thread-15/ERROR] [EMI/]: [EMI] Untranslated tag #forge:dusts/naquadria_sulfate
[10mai.2026 15:10:00.716] [Thread-15/ERROR] [EMI/]: [EMI] Untranslated tag #forge:dusts/neodymium
[10mai.2026 15:10:00.717] [Thread-15/ERROR] [EMI/]: [EMI] Untranslated tag #forge:dusts/neptunium
[10mai.2026 15:10:00.717] [Thread-15/ERROR] [EMI/]: [EMI] Untranslated tag #forge:dusts/nether_quartz
[10mai.2026 15:10:00.717] [Thread-15/ERROR] [EMI/]: [EMI] Untranslated tag #forge:dusts/nether_star
[10mai.2026 15:10:00.717] [Thread-15/ERROR] [EMI/]: [EMI] Untranslated tag #forge:dusts/netherite
[10mai.2026 15:10:00.717] [Thread-15/ERROR] [EMI/]: [EMI] Untranslated tag #forge:dusts/netherrack
[10mai.2026 15:10:00.717] [Thread-15/ERROR] [EMI/]: [EMI] Untranslated tag #forge:dusts/neutronium
[10mai.2026 15:10:00.717] [Thread-15/ERROR] [EMI/]: [EMI] Untranslated tag #forge:dusts/nichrome
[10mai.2026 15:10:00.717] [Thread-15/ERROR] [EMI/]: [EMI] Untranslated tag #forge:dusts/nickel
[10mai.2026 15:10:00.717] [Thread-15/ERROR] [EMI/]: [EMI] Untranslated tag #forge:dusts/nickel_zinc_ferrite
[10mai.2026 15:10:00.717] [Thread-15/ERROR] [EMI/]: [EMI] Untranslated tag #forge:dusts/nihonium
[10mai.2026 15:10:00.717] [Thread-15/ERROR] [EMI/]: [EMI] Untranslated tag #forge:dusts/niobium
[10mai.2026 15:10:00.717] [Thread-15/ERROR] [EMI/]: [EMI] Untranslated tag #forge:dusts/niobium_nitride
[10mai.2026 15:10:00.717] [Thread-15/ERROR] [EMI/]: [EMI] Untranslated tag #forge:dusts/niobium_titanium
[10mai.2026 15:10:00.717] [Thread-15/ERROR] [EMI/]: [EMI] Untranslated tag #forge:dusts/nobelium
[10mai.2026 15:10:00.717] [Thread-15/ERROR] [EMI/]: [EMI] Untranslated tag #forge:dusts/obsidian
[10mai.2026 15:10:00.717] [Thread-15/ERROR] [EMI/]: [EMI] Untranslated tag #forge:dusts/oganesson
[10mai.2026 15:10:00.717] [Thread-15/ERROR] [EMI/]: [EMI] Untranslated tag #forge:dusts/oilsands
[10mai.2026 15:10:00.717] [Thread-15/ERROR] [EMI/]: [EMI] Untranslated tag #forge:dusts/olivine
[10mai.2026 15:10:00.717] [Thread-15/ERROR] [EMI/]: [EMI] Untranslated tag #forge:dusts/opal
[10mai.2026 15:10:00.717] [Thread-15/ERROR] [EMI/]: [EMI] Untranslated tag #forge:dusts/osmiridium
[10mai.2026 15:10:00.717] [Thread-15/ERROR] [EMI/]: [EMI] Untranslated tag #forge:dusts/osmium
[10mai.2026 15:10:00.717] [Thread-15/ERROR] [EMI/]: [EMI] Untranslated tag #forge:dusts/osmium_tetroxide
[10mai.2026 15:10:00.717] [Thread-15/ERROR] [EMI/]: [EMI] Untranslated tag #forge:dusts/palladium
[10mai.2026 15:10:00.717] [Thread-15/ERROR] [EMI/]: [EMI] Untranslated tag #forge:dusts/palladium_raw
[10mai.2026 15:10:00.717] [Thread-15/ERROR] [EMI/]: [EMI] Untranslated tag #forge:dusts/paper
[10mai.2026 15:10:00.717] [Thread-15/ERROR] [EMI/]: [EMI] Untranslated tag #forge:dusts/paracetamol
[10mai.2026 15:10:00.717] [Thread-15/ERROR] [EMI/]: [EMI] Untranslated tag #forge:dusts/pentlandite
[10mai.2026 15:10:00.717] [Thread-15/ERROR] [EMI/]: [EMI] Untranslated tag #forge:dusts/perlite
[10mai.2026 15:10:00.717] [Thread-15/ERROR] [EMI/]: [EMI] Untranslated tag #forge:dusts/phosphate
[10mai.2026 15:10:00.717] [Thread-15/ERROR] [EMI/]: [EMI] Untranslated tag #forge:dusts/phosphorus
[10mai.2026 15:10:00.717] [Thread-15/ERROR] [EMI/]: [EMI] Untranslated tag #forge:dusts/phosphorus_pentoxide
[10mai.2026 15:10:00.717] [Thread-15/ERROR] [EMI/]: [EMI] Untranslated tag #forge:dusts/pitchblende
[10mai.2026 15:10:00.717] [Thread-15/ERROR] [EMI/]: [EMI] Untranslated tag #forge:dusts/platinum
[10mai.2026 15:10:00.717] [Thread-15/ERROR] [EMI/]: [EMI] Untranslated tag #forge:dusts/platinum_group_sludge
[10mai.2026 15:10:00.717] [Thread-15/ERROR] [EMI/]: [EMI] Untranslated tag #forge:dusts/platinum_raw
[10mai.2026 15:10:00.717] [Thread-15/ERROR] [EMI/]: [EMI] Untranslated tag #forge:dusts/platinum_sludge_residue
[10mai.2026 15:10:00.717] [Thread-15/ERROR] [EMI/]: [EMI] Untranslated tag #forge:dusts/plutonium
[10mai.2026 15:10:00.717] [Thread-15/ERROR] [EMI/]: [EMI] Untranslated tag #forge:dusts/plutonium_241
[10mai.2026 15:10:00.717] [Thread-15/ERROR] [EMI/]: [EMI] Untranslated tag #forge:dusts/pollucite
[10mai.2026 15:10:00.717] [Thread-15/ERROR] [EMI/]: [EMI] Untranslated tag #forge:dusts/polonium
[10mai.2026 15:10:00.717] [Thread-15/ERROR] [EMI/]: [EMI] Untranslated tag #forge:dusts/polybenzimidazole
[10mai.2026 15:10:00.717] [Thread-15/ERROR] [EMI/]: [EMI] Untranslated tag #forge:dusts/polycaprolactam
[10mai.2026 15:10:00.717] [Thread-15/ERROR] [EMI/]: [EMI] Untranslated tag #forge:dusts/polydimethylsiloxane
[10mai.2026 15:10:00.717] [Thread-15/ERROR] [EMI/]: [EMI] Untranslated tag #forge:dusts/polyethylene
[10mai.2026 15:10:00.717] [Thread-15/ERROR] [EMI/]: [EMI] Untranslated tag #forge:dusts/polyphenylene_sulfide
[10mai.2026 15:10:00.717] [Thread-15/ERROR] [EMI/]: [EMI] Untranslated tag #forge:dusts/polytetrafluoroethylene
[10mai.2026 15:10:00.717] [Thread-15/ERROR] [EMI/]: [EMI] Untranslated tag #forge:dusts/polyvinyl_butyral
[10mai.2026 15:10:00.717] [Thread-15/ERROR] [EMI/]: [EMI] Untranslated tag #forge:dusts/polyvinyl_chloride
[10mai.2026 15:10:00.717] [Thread-15/ERROR] [EMI/]: [EMI] Untranslated tag #forge:dusts/potash
[10mai.2026 15:10:00.717] [Thread-15/ERROR] [EMI/]: [EMI] Untranslated tag #forge:dusts/potassium
[10mai.2026 15:10:00.717] [Thread-15/ERROR] [EMI/]: [EMI] Untranslated tag #forge:dusts/potassium_carbonate
[10mai.2026 15:10:00.717] [Thread-15/ERROR] [EMI/]: [EMI] Untranslated tag #forge:dusts/potassium_cyanide
[10mai.2026 15:10:00.717] [Thread-15/ERROR] [EMI/]: [EMI] Untranslated tag #forge:dusts/potassium_dichromate
[10mai.2026 15:10:00.717] [Thread-15/ERROR] [EMI/]: [EMI] Untranslated tag #forge:dusts/potassium_feldspar
[10mai.2026 15:10:00.717] [Thread-15/ERROR] [EMI/]: [EMI] Untranslated tag #forge:dusts/potassium_ferrocyanide
[10mai.2026 15:10:00.717] [Thread-15/ERROR] [EMI/]: [EMI] Untranslated tag #forge:dusts/potassium_hydroxide
[10mai.2026 15:10:00.717] [Thread-15/ERROR] [EMI/]: [EMI] Untranslated tag #forge:dusts/potassium_iodide
[10mai.2026 15:10:00.717] [Thread-15/ERROR] [EMI/]: [EMI] Untranslated tag #forge:dusts/potassium_sulfate
[10mai.2026 15:10:00.718] [Thread-15/ERROR] [EMI/]: [EMI] Untranslated tag #forge:dusts/potin
[10mai.2026 15:10:00.718] [Thread-15/ERROR] [EMI/]: [EMI] Untranslated tag #forge:dusts/powellite
[10mai.2026 15:10:00.718] [Thread-15/ERROR] [EMI/]: [EMI] Untranslated tag #forge:dusts/praseodymium
[10mai.2026 15:10:00.718] [Thread-15/ERROR] [EMI/]: [EMI] Untranslated tag #forge:dusts/promethium
[10mai.2026 15:10:00.718] [Thread-15/ERROR] [EMI/]: [EMI] Untranslated tag #forge:dusts/protactinium
[10mai.2026 15:10:00.718] [Thread-15/ERROR] [EMI/]: [EMI] Untranslated tag #forge:dusts/prussian_blue
[10mai.2026 15:10:00.718] [Thread-15/ERROR] [EMI/]: [EMI] Untranslated tag #forge:dusts/pyrite
[10mai.2026 15:10:00.718] [Thread-15/ERROR] [EMI/]: [EMI] Untranslated tag #forge:dusts/pyrochlore
[10mai.2026 15:10:00.718] [Thread-15/ERROR] [EMI/]: [EMI] Untranslated tag #forge:dusts/pyrolusite
[10mai.2026 15:10:00.718] [Thread-15/ERROR] [EMI/]: [EMI] Untranslated tag #forge:dusts/pyrope
[10mai.2026 15:10:00.718] [Thread-15/ERROR] [EMI/]: [EMI] Untranslated tag #forge:dusts/quantum_coolant
[10mai.2026 15:10:00.718] [Thread-15/ERROR] [EMI/]: [EMI] Untranslated tag #forge:dusts/quartz_sand
[10mai.2026 15:10:00.718] [Thread-15/ERROR] [EMI/]: [EMI] Untranslated tag #forge:dusts/quartzite
[10mai.2026 15:10:00.718] [Thread-15/ERROR] [EMI/]: [EMI] Untranslated tag #forge:dusts/quicklime
[10mai.2026 15:10:00.718] [Thread-15/ERROR] [EMI/]: [EMI] Untranslated tag #forge:dusts/rad_away
[10mai.2026 15:10:00.718] [Render thread/WARN] [mezz.jei.library.plugins.vanilla.ingredients.ItemStackListFactory/]: 131 duplicate items were found in 'Food & Drinks' creative tab's: displayItems
This may indicate that these types of item need a subtype interpreter added to JEI:
[suspicious_stew, lingering_potion, splash_potion, potion]
[10mai.2026 15:10:00.718] [Thread-15/ERROR] [EMI/]: [EMI] Untranslated tag #forge:dusts/radium
[10mai.2026 15:10:00.718] [Thread-15/ERROR] [EMI/]: [EMI] Untranslated tag #forge:dusts/rare_earth
[10mai.2026 15:10:00.718] [Thread-15/ERROR] [EMI/]: [EMI] Untranslated tag #forge:dusts/rarest_metal_mixture
[10mai.2026 15:10:00.718] [Thread-15/ERROR] [EMI/]: [EMI] Untranslated tag #forge:dusts/raw_rubber
[10mai.2026 15:10:00.718] [Thread-15/ERROR] [EMI/]: [EMI] Untranslated tag #forge:dusts/raw_styrene_butadiene_rubber
[10mai.2026 15:10:00.718] [Thread-15/ERROR] [EMI/]: [EMI] Untranslated tag #forge:dusts/realgar
[10mai.2026 15:10:00.718] [Thread-15/ERROR] [EMI/]: [EMI] Untranslated tag #forge:dusts/red_alloy
[10mai.2026 15:10:00.718] [Thread-15/ERROR] [EMI/]: [EMI] Untranslated tag #forge:dusts/red_garnet
[10mai.2026 15:10:00.718] [Thread-15/ERROR] [EMI/]: [EMI] Untranslated tag #forge:dusts/red_steel
[10mai.2026 15:10:00.718] [Thread-15/ERROR] [EMI/]: [EMI] Untranslated tag #forge:dusts/redrock
[10mai.2026 15:10:00.718] [Thread-15/ERROR] [EMI/]: [EMI] Untranslated tag #forge:dusts/reinforced_epoxy_resin
[10mai.2026 15:10:00.718] [Thread-15/ERROR] [EMI/]: [EMI] Untranslated tag #forge:dusts/rhenium
[10mai.2026 15:10:00.718] [Thread-15/ERROR] [EMI/]: [EMI] Untranslated tag #forge:dusts/rhodium
[10mai.2026 15:10:00.718] [Thread-15/ERROR] [EMI/]: [EMI] Untranslated tag #forge:dusts/rhodium_plated_palladium
[10mai.2026 15:10:00.718] [Thread-15/ERROR] [EMI/]: [EMI] Untranslated tag #forge:dusts/rock_salt
[10mai.2026 15:10:00.718] [Thread-15/ERROR] [EMI/]: [EMI] Untranslated tag #forge:dusts/roentgenium
[10mai.2026 15:10:00.718] [Thread-15/ERROR] [EMI/]: [EMI] Untranslated tag #forge:dusts/rose_gold
[10mai.2026 15:10:00.718] [Thread-15/ERROR] [EMI/]: [EMI] Untranslated tag #forge:dusts/rtm_alloy
[10mai.2026 15:10:00.718] [Thread-15/ERROR] [EMI/]: [EMI] Untranslated tag #forge:dusts/rubber
[10mai.2026 15:10:00.718] [Thread-15/ERROR] [EMI/]: [EMI] Untranslated tag #forge:dusts/rubidium
[10mai.2026 15:10:00.718] [Thread-15/ERROR] [EMI/]: [EMI] Untranslated tag #forge:dusts/ruby
[10mai.2026 15:10:00.718] [Thread-15/ERROR] [EMI/]: [EMI] Untranslated tag #forge:dusts/ruridit
[10mai.2026 15:10:00.718] [Thread-15/ERROR] [EMI/]: [EMI] Untranslated tag #forge:dusts/ruthenium
[10mai.2026 15:10:00.718] [Thread-15/ERROR] [EMI/]: [EMI] Untranslated tag #forge:dusts/ruthenium_tetroxide
[10mai.2026 15:10:00.718] [Thread-15/ERROR] [EMI/]: [EMI] Untranslated tag #forge:dusts/ruthenium_trinium_americium_neutronate
[10mai.2026 15:10:00.718] [Thread-15/ERROR] [EMI/]: [EMI] Untranslated tag #forge:dusts/rutherfordium
[10mai.2026 15:10:00.718] [Thread-15/ERROR] [EMI/]: [EMI] Untranslated tag #forge:dusts/rutile
[10mai.2026 15:10:00.718] [Thread-15/ERROR] [EMI/]: [EMI] Untranslated tag #forge:dusts/salt
[10mai.2026 15:10:00.718] [Thread-15/ERROR] [EMI/]: [EMI] Untranslated tag #forge:dusts/saltpeter
[10mai.2026 15:10:00.718] [Thread-15/ERROR] [EMI/]: [EMI] Untranslated tag #forge:dusts/samarium
[10mai.2026 15:10:00.718] [Thread-15/ERROR] [EMI/]: [EMI] Untranslated tag #forge:dusts/samarium_iron_arsenic_oxide
[10mai.2026 15:10:00.718] [Thread-15/ERROR] [EMI/]: [EMI] Untranslated tag #forge:dusts/sapphire
[10mai.2026 15:10:00.718] [Thread-15/ERROR] [EMI/]: [EMI] Untranslated tag #forge:dusts/scandium
[10mai.2026 15:10:00.718] [Thread-15/ERROR] [EMI/]: [EMI] Untranslated tag #forge:dusts/scheelite
[10mai.2026 15:10:00.719] [Thread-15/ERROR] [EMI/]: [EMI] Untranslated tag #forge:dusts/sculk
[10mai.2026 15:10:00.719] [Thread-15/ERROR] [EMI/]: [EMI] Untranslated tag #forge:dusts/seaborgium
[10mai.2026 15:10:00.719] [Thread-15/ERROR] [EMI/]: [EMI] Untranslated tag #forge:dusts/selenium
[10mai.2026 15:10:00.719] [Thread-15/ERROR] [EMI/]: [EMI] Untranslated tag #forge:dusts/silicon
[10mai.2026 15:10:00.719] [Thread-15/ERROR] [EMI/]: [EMI] Untranslated tag #forge:dusts/silicon_dioxide
[10mai.2026 15:10:00.719] [Thread-15/ERROR] [EMI/]: [EMI] Untranslated tag #forge:dusts/silicone_rubber
[10mai.2026 15:10:00.719] [Thread-15/ERROR] [EMI/]: [EMI] Untranslated tag #forge:dusts/silver
[10mai.2026 15:10:00.719] [Thread-15/ERROR] [EMI/]: [EMI] Untranslated tag #forge:dusts/soapstone
[10mai.2026 15:10:00.719] [Thread-15/ERROR] [EMI/]: [EMI] Untranslated tag #forge:dusts/soda_ash
[10mai.2026 15:10:00.719] [Thread-15/ERROR] [EMI/]: [EMI] Untranslated tag #forge:dusts/sodalite
[10mai.2026 15:10:00.719] [Thread-15/ERROR] [EMI/]: [EMI] Untranslated tag #forge:dusts/sodium
[10mai.2026 15:10:00.719] [Thread-15/ERROR] [EMI/]: [EMI] Untranslated tag #forge:dusts/sodium_bicarbonate
[10mai.2026 15:10:00.719] [Thread-15/ERROR] [EMI/]: [EMI] Untranslated tag #forge:dusts/sodium_bisulfate
[10mai.2026 15:10:00.719] [Thread-15/ERROR] [EMI/]: [EMI] Untranslated tag #forge:dusts/sodium_hydroxide
[10mai.2026 15:10:00.719] [Thread-15/ERROR] [EMI/]: [EMI] Untranslated tag #forge:dusts/sodium_nitrite
[10mai.2026 15:10:00.719] [Thread-15/ERROR] [EMI/]: [EMI] Untranslated tag #forge:dusts/sodium_sulfide
[10mai.2026 15:10:00.719] [Thread-15/ERROR] [EMI/]: [EMI] Untranslated tag #forge:dusts/soldering_alloy
[10mai.2026 15:10:00.719] [Thread-15/ERROR] [EMI/]: [EMI] Untranslated tag #forge:dusts/spessartine
[10mai.2026 15:10:00.719] [Thread-15/ERROR] [EMI/]: [EMI] Untranslated tag #forge:dusts/sphalerite
[10mai.2026 15:10:00.719] [Thread-15/ERROR] [EMI/]: [EMI] Untranslated tag #forge:dusts/spodumene
[10mai.2026 15:10:00.719] [Thread-15/ERROR] [EMI/]: [EMI] Untranslated tag #forge:dusts/stainless_steel
[10mai.2026 15:10:00.719] [Thread-15/ERROR] [EMI/]: [EMI] Untranslated tag #forge:dusts/steel
[10mai.2026 15:10:00.719] [Thread-15/ERROR] [EMI/]: [EMI] Untranslated tag #forge:dusts/stellite_100
[10mai.2026 15:10:00.719] [Thread-15/ERROR] [EMI/]: [EMI] Untranslated tag #forge:dusts/sterling_silver
[10mai.2026 15:10:00.719] [Thread-15/ERROR] [EMI/]: [EMI] Untranslated tag #forge:dusts/stibnite
[10mai.2026 15:10:00.719] [Thread-15/ERROR] [EMI/]: [EMI] Untranslated tag #forge:dusts/stone
[10mai.2026 15:10:00.719] [Thread-15/ERROR] [EMI/]: [EMI] Untranslated tag #forge:dusts/strontium
[10mai.2026 15:10:00.719] [Thread-15/ERROR] [EMI/]: [EMI] Untranslated tag #forge:dusts/styrene_butadiene_rubber
[10mai.2026 15:10:00.719] [Thread-15/ERROR] [EMI/]: [EMI] Untranslated tag #forge:dusts/sugar
[10mai.2026 15:10:00.719] [Thread-15/ERROR] [EMI/]: [EMI] Untranslated tag #forge:dusts/sulfur
[10mai.2026 15:10:00.719] [Thread-15/ERROR] [EMI/]: [EMI] Untranslated tag #forge:dusts/talc
[10mai.2026 15:10:00.719] [Thread-15/ERROR] [EMI/]: [EMI] Untranslated tag #forge:dusts/tantalite
[10mai.2026 15:10:00.719] [Thread-15/ERROR] [EMI/]: [EMI] Untranslated tag #forge:dusts/tantalum
[10mai.2026 15:10:00.719] [Thread-15/ERROR] [EMI/]: [EMI] Untranslated tag #forge:dusts/tantalum_carbide
[10mai.2026 15:10:00.719] [Thread-15/ERROR] [EMI/]: [EMI] Untranslated tag #forge:dusts/technetium
[10mai.2026 15:10:00.719] [Thread-15/ERROR] [EMI/]: [EMI] Untranslated tag #forge:dusts/tellurium
[10mai.2026 15:10:00.719] [Thread-15/ERROR] [EMI/]: [EMI] Untranslated tag #forge:dusts/tennessine
[10mai.2026 15:10:00.719] [Thread-15/ERROR] [EMI/]: [EMI] Untranslated tag #forge:dusts/terbium
[10mai.2026 15:10:00.719] [Thread-15/ERROR] [EMI/]: [EMI] Untranslated tag #forge:dusts/tetrahedrite
[10mai.2026 15:10:00.719] [Thread-15/ERROR] [EMI/]: [EMI] Untranslated tag #forge:dusts/thallium
[10mai.2026 15:10:00.719] [Thread-15/ERROR] [EMI/]: [EMI] Untranslated tag #forge:dusts/thorium
[10mai.2026 15:10:00.719] [Thread-15/ERROR] [EMI/]: [EMI] Untranslated tag #forge:dusts/thulium
[10mai.2026 15:10:00.719] [Thread-15/ERROR] [EMI/]: [EMI] Untranslated tag #forge:dusts/tin
[10mai.2026 15:10:00.719] [Thread-15/ERROR] [EMI/]: [EMI] Untranslated tag #forge:dusts/tin_alloy
[10mai.2026 15:10:00.719] [Thread-15/ERROR] [EMI/]: [EMI] Untranslated tag #forge:dusts/titanium
[10mai.2026 15:10:00.719] [Thread-15/ERROR] [EMI/]: [EMI] Untranslated tag #forge:dusts/titanium_carbide
[10mai.2026 15:10:00.719] [Thread-15/ERROR] [EMI/]: [EMI] Untranslated tag #forge:dusts/titanium_trifluoride
[10mai.2026 15:10:00.719] [Thread-15/ERROR] [EMI/]: [EMI] Untranslated tag #forge:dusts/titanium_tungsten_carbide
[10mai.2026 15:10:00.720] [Thread-15/ERROR] [EMI/]: [EMI] Untranslated tag #forge:dusts/topaz
[10mai.2026 15:10:00.720] [Thread-15/ERROR] [EMI/]: [EMI] Untranslated tag #forge:dusts/treated_wood
[10mai.2026 15:10:00.720] [Thread-15/ERROR] [EMI/]: [EMI] Untranslated tag #forge:dusts/tricalcium_phosphate
[10mai.2026 15:10:00.720] [Thread-15/ERROR] [EMI/]: [EMI] Untranslated tag #forge:dusts/trinium
[10mai.2026 15:10:00.720] [Thread-15/ERROR] [EMI/]: [EMI] Untranslated tag #forge:dusts/trinium_sulfide
[10mai.2026 15:10:00.720] [Thread-15/ERROR] [EMI/]: [EMI] Untranslated tag #forge:dusts/tritanium
[10mai.2026 15:10:00.720] [Thread-15/ERROR] [EMI/]: [EMI] Untranslated tag #forge:dusts/trona
[10mai.2026 15:10:00.720] [Thread-15/ERROR] [EMI/]: [EMI] Untranslated tag #forge:dusts/tungstate
[10mai.2026 15:10:00.720] [Thread-15/ERROR] [EMI/]: [EMI] Untranslated tag #forge:dusts/tungsten
[10mai.2026 15:10:00.720] [Thread-15/ERROR] [EMI/]: [EMI] Untranslated tag #forge:dusts/tungsten_carbide
[10mai.2026 15:10:00.720] [Thread-15/ERROR] [EMI/]: [EMI] Untranslated tag #forge:dusts/tungsten_steel
[10mai.2026 15:10:00.720] [Thread-15/ERROR] [EMI/]: [EMI] Untranslated tag #forge:dusts/tungstic_acid
[10mai.2026 15:10:00.720] [Thread-15/ERROR] [EMI/]: [EMI] Untranslated tag #forge:dusts/ultimet
[10mai.2026 15:10:00.720] [Thread-15/ERROR] [EMI/]: [EMI] Untranslated tag #forge:dusts/uraninite
[10mai.2026 15:10:00.720] [Thread-15/ERROR] [EMI/]: [EMI] Untranslated tag #forge:dusts/uranium
[10mai.2026 15:10:00.720] [Thread-15/ERROR] [EMI/]: [EMI] Untranslated tag #forge:dusts/uranium_235
[10mai.2026 15:10:00.720] [Thread-15/ERROR] [EMI/]: [EMI] Untranslated tag #forge:dusts/uranium_rhodium_dinaquadide
[10mai.2026 15:10:00.720] [Thread-15/ERROR] [EMI/]: [EMI] Untranslated tag #forge:dusts/uranium_triplatinum
[10mai.2026 15:10:00.720] [Thread-15/ERROR] [EMI/]: [EMI] Untranslated tag #forge:dusts/uvarovite
[10mai.2026 15:10:00.720] [Thread-15/ERROR] [EMI/]: [EMI] Untranslated tag #forge:dusts/vanadium
[10mai.2026 15:10:00.720] [Thread-15/ERROR] [EMI/]: [EMI] Untranslated tag #forge:dusts/vanadium_gallium
[10mai.2026 15:10:00.720] [Thread-15/ERROR] [EMI/]: [EMI] Untranslated tag #forge:dusts/vanadium_magnetite
[10mai.2026 15:10:00.720] [Thread-15/ERROR] [EMI/]: [EMI] Untranslated tag #forge:dusts/vanadium_steel
[10mai.2026 15:10:00.720] [Thread-15/ERROR] [EMI/]: [EMI] Untranslated tag #forge:dusts/watertight_steel
[10mai.2026 15:10:00.720] [Thread-15/ERROR] [EMI/]: [EMI] Untranslated tag #forge:dusts/wax
[10mai.2026 15:10:00.720] [Thread-15/ERROR] [EMI/]: [EMI] Untranslated tag #forge:dusts/wheat
[10mai.2026 15:10:00.720] [Thread-15/ERROR] [EMI/]: [EMI] Untranslated tag #forge:dusts/wood
[10mai.2026 15:10:00.720] [Thread-15/ERROR] [EMI/]: [EMI] Untranslated tag #forge:dusts/wrought_iron
[10mai.2026 15:10:00.720] [Thread-15/ERROR] [EMI/]: [EMI] Untranslated tag #forge:dusts/wulfenite
[10mai.2026 15:10:00.720] [Thread-15/ERROR] [EMI/]: [EMI] Untranslated tag #forge:dusts/yellow_garnet
[10mai.2026 15:10:00.720] [Thread-15/ERROR] [EMI/]: [EMI] Untranslated tag #forge:dusts/yellow_limonite
[10mai.2026 15:10:00.720] [Thread-15/ERROR] [EMI/]: [EMI] Untranslated tag #forge:dusts/ytterbium
[10mai.2026 15:10:00.720] [Thread-15/ERROR] [EMI/]: [EMI] Untranslated tag #forge:dusts/yttrium
[10mai.2026 15:10:00.720] [Thread-15/ERROR] [EMI/]: [EMI] Untranslated tag #forge:dusts/yttrium_barium_cuprate
[10mai.2026 15:10:00.720] [Thread-15/ERROR] [EMI/]: [EMI] Untranslated tag #forge:dusts/zeolite
[10mai.2026 15:10:00.720] [Thread-15/ERROR] [EMI/]: [EMI] Untranslated tag #forge:dusts/zeron_100
[10mai.2026 15:10:00.720] [Thread-15/ERROR] [EMI/]: [EMI] Untranslated tag #forge:dusts/zinc
[10mai.2026 15:10:00.720] [Thread-15/ERROR] [EMI/]: [EMI] Untranslated tag #forge:dusts/zinc_sulfide
[10mai.2026 15:10:00.720] [Thread-15/ERROR] [EMI/]: [EMI] Untranslated tag #forge:dusts/zincite
[10mai.2026 15:10:00.720] [Thread-15/ERROR] [EMI/]: [EMI] Untranslated tag #forge:dusts/zirconium
[10mai.2026 15:10:00.720] [Thread-15/ERROR] [EMI/]: [EMI] Untranslated tag #forge:dyes/black_dye
[10mai.2026 15:10:00.720] [Thread-15/ERROR] [EMI/]: [EMI] Untranslated tag #forge:dyes/blue_dye
[10mai.2026 15:10:00.720] [Thread-15/ERROR] [EMI/]: [EMI] Untranslated tag #forge:dyes/brown_dye
[10mai.2026 15:10:00.720] [Thread-15/ERROR] [EMI/]: [EMI] Untranslated tag #forge:dyes/cyan_dye
[10mai.2026 15:10:00.720] [Thread-15/ERROR] [EMI/]: [EMI] Untranslated tag #forge:dyes/gray_dye
[10mai.2026 15:10:00.720] [Thread-15/ERROR] [EMI/]: [EMI] Untranslated tag #forge:dyes/green_dye
[10mai.2026 15:10:00.722] [Thread-15/ERROR] [EMI/]: [EMI] Untranslated tag #forge:dyes/light_blue_dye
[10mai.2026 15:10:00.722] [Thread-15/ERROR] [EMI/]: [EMI] Untranslated tag #forge:dyes/light_gray_dye
[10mai.2026 15:10:00.722] [Thread-15/ERROR] [EMI/]: [EMI] Untranslated tag #forge:dyes/lime_dye
[10mai.2026 15:10:00.722] [Thread-15/ERROR] [EMI/]: [EMI] Untranslated tag #forge:dyes/magenta_dye
[10mai.2026 15:10:00.722] [Thread-15/ERROR] [EMI/]: [EMI] Untranslated tag #forge:dyes/orange_dye
[10mai.2026 15:10:00.722] [Thread-15/ERROR] [EMI/]: [EMI] Untranslated tag #forge:dyes/pink_dye
[10mai.2026 15:10:00.722] [Thread-15/ERROR] [EMI/]: [EMI] Untranslated tag #forge:dyes/purple_dye
[10mai.2026 15:10:00.722] [Thread-15/ERROR] [EMI/]: [EMI] Untranslated tag #forge:dyes/red_dye
[10mai.2026 15:10:00.722] [Thread-15/ERROR] [EMI/]: [EMI] Untranslated tag #forge:dyes/white_dye
[10mai.2026 15:10:00.722] [Thread-15/ERROR] [EMI/]: [EMI] Untranslated tag #forge:dyes/yellow_dye
[10mai.2026 15:10:00.722] [Thread-15/ERROR] [EMI/]: [EMI] Untranslated tag #forge:endstone
[10mai.2026 15:10:00.722] [Thread-15/ERROR] [EMI/]: [EMI] Untranslated tag #forge:exquisite_gems
[10mai.2026 15:10:00.722] [Thread-15/ERROR] [EMI/]: [EMI] Untranslated tag #forge:exquisite_gems/almandine
[10mai.2026 15:10:00.722] [Thread-15/ERROR] [EMI/]: [EMI] Untranslated tag #forge:exquisite_gems/amethyst
[10mai.2026 15:10:00.722] [Thread-15/ERROR] [EMI/]: [EMI] Untranslated tag #forge:exquisite_gems/andradite
[10mai.2026 15:10:00.722] [Thread-15/ERROR] [EMI/]: [EMI] Untranslated tag #forge:exquisite_gems/apatite
[10mai.2026 15:10:00.722] [Thread-15/ERROR] [EMI/]: [EMI] Untranslated tag #forge:exquisite_gems/blue_topaz
[10mai.2026 15:10:00.722] [Thread-15/ERROR] [EMI/]: [EMI] Untranslated tag #forge:exquisite_gems/certus_quartz
[10mai.2026 15:10:00.722] [Thread-15/ERROR] [EMI/]: [EMI] Untranslated tag #forge:exquisite_gems/cinnabar
[10mai.2026 15:10:00.722] [Thread-15/ERROR] [EMI/]: [EMI] Untranslated tag #forge:exquisite_gems/coal
[10mai.2026 15:10:00.722] [Thread-15/ERROR] [EMI/]: [EMI] Untranslated tag #forge:exquisite_gems/coke
[10mai.2026 15:10:00.722] [Thread-15/ERROR] [EMI/]: [EMI] Untranslated tag #forge:exquisite_gems/diamond
[10mai.2026 15:10:00.722] [Thread-15/ERROR] [EMI/]: [EMI] Untranslated tag #forge:exquisite_gems/echo_shard
[10mai.2026 15:10:00.722] [Thread-15/ERROR] [EMI/]: [EMI] Untranslated tag #forge:exquisite_gems/emerald
[10mai.2026 15:10:00.722] [Thread-15/ERROR] [EMI/]: [EMI] Untranslated tag #forge:exquisite_gems/glass
[10mai.2026 15:10:00.722] [Thread-15/ERROR] [EMI/]: [EMI] Untranslated tag #forge:exquisite_gems/green_sapphire
[10mai.2026 15:10:00.722] [Thread-15/ERROR] [EMI/]: [EMI] Untranslated tag #forge:exquisite_gems/grossular
[10mai.2026 15:10:00.722] [Thread-15/ERROR] [EMI/]: [EMI] Untranslated tag #forge:exquisite_gems/lapis
[10mai.2026 15:10:00.722] [Thread-15/ERROR] [EMI/]: [EMI] Untranslated tag #forge:exquisite_gems/lazurite
[10mai.2026 15:10:00.722] [Thread-15/ERROR] [EMI/]: [EMI] Untranslated tag #forge:exquisite_gems/malachite
[10mai.2026 15:10:00.722] [Thread-15/ERROR] [EMI/]: [EMI] Untranslated tag #forge:exquisite_gems/monazite
[10mai.2026 15:10:00.722] [Thread-15/ERROR] [EMI/]: [EMI] Untranslated tag #forge:exquisite_gems/nether_quartz
[10mai.2026 15:10:00.722] [Thread-15/ERROR] [EMI/]: [EMI] Untranslated tag #forge:exquisite_gems/olivine
[10mai.2026 15:10:00.722] [Thread-15/ERROR] [EMI/]: [EMI] Untranslated tag #forge:exquisite_gems/opal
[10mai.2026 15:10:00.722] [Thread-15/ERROR] [EMI/]: [EMI] Untranslated tag #forge:exquisite_gems/pyrope
[10mai.2026 15:10:00.722] [Thread-15/ERROR] [EMI/]: [EMI] Untranslated tag #forge:exquisite_gems/quartzite
[10mai.2026 15:10:00.722] [Thread-15/ERROR] [EMI/]: [EMI] Untranslated tag #forge:exquisite_gems/realgar
[10mai.2026 15:10:00.722] [Thread-15/ERROR] [EMI/]: [EMI] Untranslated tag #forge:exquisite_gems/red_garnet
[10mai.2026 15:10:00.722] [Thread-15/ERROR] [EMI/]: [EMI] Untranslated tag #forge:exquisite_gems/rock_salt
[10mai.2026 15:10:00.722] [Thread-15/ERROR] [EMI/]: [EMI] Untranslated tag #forge:exquisite_gems/ruby
[10mai.2026 15:10:00.722] [Thread-15/ERROR] [EMI/]: [EMI] Untranslated tag #forge:exquisite_gems/rutile
[10mai.2026 15:10:00.723] [Thread-15/ERROR] [EMI/]: [EMI] Untranslated tag #forge:exquisite_gems/salt
[10mai.2026 15:10:00.723] [Thread-15/ERROR] [EMI/]: [EMI] Untranslated tag #forge:exquisite_gems/sapphire
[10mai.2026 15:10:00.723] [Thread-15/ERROR] [EMI/]: [EMI] Untranslated tag #forge:exquisite_gems/sodalite
[10mai.2026 15:10:00.723] [Thread-15/ERROR] [EMI/]: [EMI] Untranslated tag #forge:exquisite_gems/spessartine
[10mai.2026 15:10:00.723] [Thread-15/ERROR] [EMI/]: [EMI] Untranslated tag #forge:exquisite_gems/topaz
[10mai.2026 15:10:00.723] [Thread-15/ERROR] [EMI/]: [EMI] Untranslated tag #forge:exquisite_gems/uvarovite
[10mai.2026 15:10:00.723] [Thread-15/ERROR] [EMI/]: [EMI] Untranslated tag #forge:exquisite_gems/yellow_garnet
[10mai.2026 15:10:00.723] [Thread-15/ERROR] [EMI/]: [EMI] Untranslated tag #forge:fine_wires
[10mai.2026 15:10:00.723] [Thread-15/ERROR] [EMI/]: [EMI] Untranslated tag #forge:fine_wires/aluminium
[10mai.2026 15:10:00.723] [Thread-15/ERROR] [EMI/]: [EMI] Untranslated tag #forge:fine_wires/americium
[10mai.2026 15:10:00.723] [Render thread/WARN] [mezz.jei.library.plugins.vanilla.ingredients.ItemStackListFactory/]: 38 duplicate items were found in 'Ingredients' creative tab's: displayItems
This may indicate that these types of item need a subtype interpreter added to JEI:
[enchanted_book]
[10mai.2026 15:10:00.723] [Thread-15/ERROR] [EMI/]: [EMI] Untranslated tag #forge:fine_wires/annealed_copper
[10mai.2026 15:10:00.723] [Thread-15/ERROR] [EMI/]: [EMI] Untranslated tag #forge:fine_wires/black_steel
[10mai.2026 15:10:00.723] [Thread-15/ERROR] [EMI/]: [EMI] Untranslated tag #forge:fine_wires/borosilicate_glass
[10mai.2026 15:10:00.723] [Thread-15/ERROR] [EMI/]: [EMI] Untranslated tag #forge:fine_wires/cobalt
[10mai.2026 15:10:00.723] [Thread-15/ERROR] [EMI/]: [EMI] Untranslated tag #forge:fine_wires/copper
[10mai.2026 15:10:00.723] [Thread-15/ERROR] [EMI/]: [EMI] Untranslated tag #forge:fine_wires/cupronickel
[10mai.2026 15:10:00.723] [Thread-15/ERROR] [EMI/]: [EMI] Untranslated tag #forge:fine_wires/electrum
[10mai.2026 15:10:00.723] [Thread-15/ERROR] [EMI/]: [EMI] Untranslated tag #forge:fine_wires/enriched_naquadah_trinium_europium_duranide
[10mai.2026 15:10:00.723] [Thread-15/ERROR] [EMI/]: [EMI] Untranslated tag #forge:fine_wires/europium
[10mai.2026 15:10:00.723] [Thread-15/ERROR] [EMI/]: [EMI] Untranslated tag #forge:fine_wires/gold
[10mai.2026 15:10:00.723] [Thread-15/ERROR] [EMI/]: [EMI] Untranslated tag #forge:fine_wires/hssg
[10mai.2026 15:10:00.723] [Thread-15/ERROR] [EMI/]: [EMI] Untranslated tag #forge:fine_wires/indium_tin_barium_titanium_cuprate
[10mai.2026 15:10:00.723] [Thread-15/ERROR] [EMI/]: [EMI] Untranslated tag #forge:fine_wires/iridium
[10mai.2026 15:10:00.723] [Thread-15/ERROR] [EMI/]: [EMI] Untranslated tag #forge:fine_wires/lead
[10mai.2026 15:10:00.723] [Thread-15/ERROR] [EMI/]: [EMI] Untranslated tag #forge:fine_wires/naquadah
[10mai.2026 15:10:00.723] [Thread-15/ERROR] [EMI/]: [EMI] Untranslated tag #forge:fine_wires/naquadria
[10mai.2026 15:10:00.723] [Thread-15/ERROR] [EMI/]: [EMI] Untranslated tag #forge:fine_wires/niobium_titanium
[10mai.2026 15:10:00.723] [Thread-15/ERROR] [EMI/]: [EMI] Untranslated tag #forge:fine_wires/osmiridium
[10mai.2026 15:10:00.723] [Thread-15/ERROR] [EMI/]: [EMI] Untranslated tag #forge:fine_wires/palladium
[10mai.2026 15:10:00.723] [Thread-15/ERROR] [EMI/]: [EMI] Untranslated tag #forge:fine_wires/platinum
[10mai.2026 15:10:00.724] [Thread-15/ERROR] [EMI/]: [EMI] Untranslated tag #forge:fine_wires/red_alloy
[10mai.2026 15:10:00.724] [Thread-15/ERROR] [EMI/]: [EMI] Untranslated tag #forge:fine_wires/rhodium
[10mai.2026 15:10:00.724] [Thread-15/ERROR] [EMI/]: [EMI] Untranslated tag #forge:fine_wires/ruridit
[10mai.2026 15:10:00.724] [Thread-15/ERROR] [EMI/]: [EMI] Untranslated tag #forge:fine_wires/silver
[10mai.2026 15:10:00.724] [Thread-15/ERROR] [EMI/]: [EMI] Untranslated tag #forge:fine_wires/steel
[10mai.2026 15:10:00.724] [Thread-15/ERROR] [EMI/]: [EMI] Untranslated tag #forge:fine_wires/tantalum
[10mai.2026 15:10:00.724] [Thread-15/ERROR] [EMI/]: [EMI] Untranslated tag #forge:fine_wires/tin
[10mai.2026 15:10:00.724] [Thread-15/ERROR] [EMI/]: [EMI] Untranslated tag #forge:fine_wires/tritanium
[10mai.2026 15:10:00.724] [Thread-15/ERROR] [EMI/]: [EMI] Untranslated tag #forge:fine_wires/tungsten_steel
[10mai.2026 15:10:00.724] [Thread-15/ERROR] [EMI/]: [EMI] Untranslated tag #forge:fine_wires/uranium_rhodium_dinaquadide
[10mai.2026 15:10:00.724] [Thread-15/ERROR] [EMI/]: [EMI] Untranslated tag #forge:fine_wires/yttrium_barium_cuprate
[10mai.2026 15:10:00.724] [Thread-15/ERROR] [EMI/]: [EMI] Untranslated tag #forge:fine_wires/zinc
[10mai.2026 15:10:00.724] [Thread-15/ERROR] [EMI/]: [EMI] Untranslated tag #forge:flawed_gems
[10mai.2026 15:10:00.724] [Thread-15/ERROR] [EMI/]: [EMI] Untranslated tag #forge:flawed_gems/almandine
[10mai.2026 15:10:00.724] [Thread-15/ERROR] [EMI/]: [EMI] Untranslated tag #forge:flawed_gems/amethyst
[10mai.2026 15:10:00.724] [Thread-15/ERROR] [EMI/]: [EMI] Untranslated tag #forge:flawed_gems/andradite
[10mai.2026 15:10:00.724] [Thread-15/ERROR] [EMI/]: [EMI] Untranslated tag #forge:flawed_gems/apatite
[10mai.2026 15:10:00.724] [Thread-15/ERROR] [EMI/]: [EMI] Untranslated tag #forge:flawed_gems/blue_topaz
[10mai.2026 15:10:00.724] [Render thread/WARN] [mezz.jei.library.plugins.vanilla.ingredients.ItemStackListFactory/]: Item Group has no display items and no search tab display items. Items from this group will be missing from the JEI ingredient list. Operator Utilities
[10mai.2026 15:10:00.724] [Thread-15/ERROR] [EMI/]: [EMI] Untranslated tag #forge:flawed_gems/certus_quartz
[10mai.2026 15:10:00.724] [Thread-15/ERROR] [EMI/]: [EMI] Untranslated tag #forge:flawed_gems/cinnabar
[10mai.2026 15:10:00.724] [Thread-15/ERROR] [EMI/]: [EMI] Untranslated tag #forge:flawed_gems/coal
[10mai.2026 15:10:00.724] [Thread-15/ERROR] [EMI/]: [EMI] Untranslated tag #forge:flawed_gems/coke
[10mai.2026 15:10:00.724] [Thread-15/ERROR] [EMI/]: [EMI] Untranslated tag #forge:flawed_gems/diamond
[10mai.2026 15:10:00.724] [Thread-15/ERROR] [EMI/]: [EMI] Untranslated tag #forge:flawed_gems/echo_shard
[10mai.2026 15:10:00.724] [Thread-15/ERROR] [EMI/]: [EMI] Untranslated tag #forge:flawed_gems/emerald
[10mai.2026 15:10:00.724] [Thread-15/ERROR] [EMI/]: [EMI] Untranslated tag #forge:flawed_gems/glass
[10mai.2026 15:10:00.724] [Thread-15/ERROR] [EMI/]: [EMI] Untranslated tag #forge:flawed_gems/green_sapphire
[10mai.2026 15:10:00.724] [Thread-15/ERROR] [EMI/]: [EMI] Untranslated tag #forge:flawed_gems/grossular
[10mai.2026 15:10:00.724] [Thread-15/ERROR] [EMI/]: [EMI] Untranslated tag #forge:flawed_gems/lapis
[10mai.2026 15:10:00.724] [Thread-15/ERROR] [EMI/]: [EMI] Untranslated tag #forge:flawed_gems/lazurite
[10mai.2026 15:10:00.724] [Thread-15/ERROR] [EMI/]: [EMI] Untranslated tag #forge:flawed_gems/malachite
[10mai.2026 15:10:00.724] [Thread-15/ERROR] [EMI/]: [EMI] Untranslated tag #forge:flawed_gems/monazite
[10mai.2026 15:10:00.724] [Thread-15/ERROR] [EMI/]: [EMI] Untranslated tag #forge:flawed_gems/nether_quartz
[10mai.2026 15:10:00.724] [Thread-15/ERROR] [EMI/]: [EMI] Untranslated tag #forge:flawed_gems/olivine
[10mai.2026 15:10:00.724] [Thread-15/ERROR] [EMI/]: [EMI] Untranslated tag #forge:flawed_gems/opal
[10mai.2026 15:10:00.724] [Thread-15/ERROR] [EMI/]: [EMI] Untranslated tag #forge:flawed_gems/pyrope
[10mai.2026 15:10:00.724] [Thread-15/ERROR] [EMI/]: [EMI] Untranslated tag #forge:flawed_gems/quartzite
[10mai.2026 15:10:00.724] [Thread-15/ERROR] [EMI/]: [EMI] Untranslated tag #forge:flawed_gems/realgar
[10mai.2026 15:10:00.724] [Thread-15/ERROR] [EMI/]: [EMI] Untranslated tag #forge:flawed_gems/red_garnet
[10mai.2026 15:10:00.724] [Thread-15/ERROR] [EMI/]: [EMI] Untranslated tag #forge:flawed_gems/rock_salt
[10mai.2026 15:10:00.725] [Thread-15/ERROR] [EMI/]: [EMI] Untranslated tag #forge:flawed_gems/ruby
[10mai.2026 15:10:00.725] [Thread-15/ERROR] [EMI/]: [EMI] Untranslated tag #forge:flawed_gems/rutile
[10mai.2026 15:10:00.725] [Thread-15/ERROR] [EMI/]: [EMI] Untranslated tag #forge:flawed_gems/salt
[10mai.2026 15:10:00.725] [Thread-15/ERROR] [EMI/]: [EMI] Untranslated tag #forge:flawed_gems/sapphire
[10mai.2026 15:10:00.725] [Thread-15/ERROR] [EMI/]: [EMI] Untranslated tag #forge:flawed_gems/sodalite
[10mai.2026 15:10:00.725] [Thread-15/ERROR] [EMI/]: [EMI] Untranslated tag #forge:flawed_gems/spessartine
[10mai.2026 15:10:00.725] [Thread-15/ERROR] [EMI/]: [EMI] Untranslated tag #forge:flawed_gems/sugar
[10mai.2026 15:10:00.725] [Thread-15/ERROR] [EMI/]: [EMI] Untranslated tag #forge:flawed_gems/topaz
[10mai.2026 15:10:00.725] [Thread-15/ERROR] [EMI/]: [EMI] Untranslated tag #forge:flawed_gems/uvarovite
[10mai.2026 15:10:00.725] [Thread-15/ERROR] [EMI/]: [EMI] Untranslated tag #forge:flawed_gems/yellow_garnet
[10mai.2026 15:10:00.725] [Thread-15/ERROR] [EMI/]: [EMI] Untranslated tag #forge:flawless_gems
[10mai.2026 15:10:00.725] [Thread-15/ERROR] [EMI/]: [EMI] Untranslated tag #forge:flawless_gems/almandine
[10mai.2026 15:10:00.725] [Thread-15/ERROR] [EMI/]: [EMI] Untranslated tag #forge:flawless_gems/amethyst
[10mai.2026 15:10:00.725] [Thread-15/ERROR] [EMI/]: [EMI] Untranslated tag #forge:flawless_gems/andradite
[10mai.2026 15:10:00.725] [Thread-15/ERROR] [EMI/]: [EMI] Untranslated tag #forge:flawless_gems/apatite
[10mai.2026 15:10:00.725] [Thread-15/ERROR] [EMI/]: [EMI] Untranslated tag #forge:flawless_gems/blue_topaz
[10mai.2026 15:10:00.725] [Thread-15/ERROR] [EMI/]: [EMI] Untranslated tag #forge:flawless_gems/certus_quartz
[10mai.2026 15:10:00.725] [Thread-15/ERROR] [EMI/]: [EMI] Untranslated tag #forge:flawless_gems/cinnabar
[10mai.2026 15:10:00.725] [Thread-15/ERROR] [EMI/]: [EMI] Untranslated tag #forge:flawless_gems/coal
[10mai.2026 15:10:00.725] [Thread-15/ERROR] [EMI/]: [EMI] Untranslated tag #forge:flawless_gems/coke
[10mai.2026 15:10:00.725] [Thread-15/ERROR] [EMI/]: [EMI] Untranslated tag #forge:flawless_gems/diamond
[10mai.2026 15:10:00.725] [Thread-15/ERROR] [EMI/]: [EMI] Untranslated tag #forge:flawless_gems/echo_shard
[10mai.2026 15:10:00.725] [Thread-15/ERROR] [EMI/]: [EMI] Untranslated tag #forge:flawless_gems/emerald
[10mai.2026 15:10:00.725] [Thread-15/ERROR] [EMI/]: [EMI] Untranslated tag #forge:flawless_gems/glass
[10mai.2026 15:10:00.725] [Thread-15/ERROR] [EMI/]: [EMI] Untranslated tag #forge:flawless_gems/green_sapphire
[10mai.2026 15:10:00.725] [Thread-15/ERROR] [EMI/]: [EMI] Untranslated tag #forge:flawless_gems/grossular
[10mai.2026 15:10:00.725] [Thread-15/ERROR] [EMI/]: [EMI] Untranslated tag #forge:flawless_gems/lapis
[10mai.2026 15:10:00.725] [Thread-15/ERROR] [EMI/]: [EMI] Untranslated tag #forge:flawless_gems/lazurite
[10mai.2026 15:10:00.725] [Thread-15/ERROR] [EMI/]: [EMI] Untranslated tag #forge:flawless_gems/malachite
[10mai.2026 15:10:00.725] [Thread-15/ERROR] [EMI/]: [EMI] Untranslated tag #forge:flawless_gems/monazite
[10mai.2026 15:10:00.725] [Thread-15/ERROR] [EMI/]: [EMI] Untranslated tag #forge:flawless_gems/nether_quartz
[10mai.2026 15:10:00.725] [Thread-15/ERROR] [EMI/]: [EMI] Untranslated tag #forge:flawless_gems/olivine
[10mai.2026 15:10:00.725] [Thread-15/ERROR] [EMI/]: [EMI] Untranslated tag #forge:flawless_gems/opal
[10mai.2026 15:10:00.725] [Thread-15/ERROR] [EMI/]: [EMI] Untranslated tag #forge:flawless_gems/pyrope
[10mai.2026 15:10:00.725] [Thread-15/ERROR] [EMI/]: [EMI] Untranslated tag #forge:flawless_gems/quartzite
[10mai.2026 15:10:00.725] [Thread-15/ERROR] [EMI/]: [EMI] Untranslated tag #forge:flawless_gems/realgar
[10mai.2026 15:10:00.725] [Thread-15/ERROR] [EMI/]: [EMI] Untranslated tag #forge:flawless_gems/red_garnet
[10mai.2026 15:10:00.725] [Thread-15/ERROR] [EMI/]: [EMI] Untranslated tag #forge:flawless_gems/rock_salt
[10mai.2026 15:10:00.725] [Thread-15/ERROR] [EMI/]: [EMI] Untranslated tag #forge:flawless_gems/ruby
[10mai.2026 15:10:00.725] [Thread-15/ERROR] [EMI/]: [EMI] Untranslated tag #forge:flawless_gems/rutile
[10mai.2026 15:10:00.725] [Thread-15/ERROR] [EMI/]: [EMI] Untranslated tag #forge:flawless_gems/salt
[10mai.2026 15:10:00.725] [Thread-15/ERROR] [EMI/]: [EMI] Untranslated tag #forge:flawless_gems/sapphire
[10mai.2026 15:10:00.726] [Thread-15/ERROR] [EMI/]: [EMI] Untranslated tag #forge:flawless_gems/sodalite
[10mai.2026 15:10:00.726] [Thread-15/ERROR] [EMI/]: [EMI] Untranslated tag #forge:flawless_gems/spessartine
[10mai.2026 15:10:00.726] [Thread-15/ERROR] [EMI/]: [EMI] Untranslated tag #forge:flawless_gems/topaz
[10mai.2026 15:10:00.726] [Thread-15/ERROR] [EMI/]: [EMI] Untranslated tag #forge:flawless_gems/uvarovite
[10mai.2026 15:10:00.726] [Thread-15/ERROR] [EMI/]: [EMI] Untranslated tag #forge:flawless_gems/yellow_garnet
[10mai.2026 15:10:00.726] [Thread-15/ERROR] [EMI/]: [EMI] Untranslated tag #forge:foils
[10mai.2026 15:10:00.726] [Thread-15/ERROR] [EMI/]: [EMI] Untranslated tag #forge:foils/aluminium
[10mai.2026 15:10:00.726] [Thread-15/ERROR] [EMI/]: [EMI] Untranslated tag #forge:foils/americium
[10mai.2026 15:10:00.726] [Thread-15/ERROR] [EMI/]: [EMI] Untranslated tag #forge:foils/annealed_copper
[10mai.2026 15:10:00.726] [Thread-15/ERROR] [EMI/]: [EMI] Untranslated tag #forge:foils/black_steel
[10mai.2026 15:10:00.726] [Thread-15/ERROR] [EMI/]: [EMI] Untranslated tag #forge:foils/bronze
[10mai.2026 15:10:00.726] [Thread-15/ERROR] [EMI/]: [EMI] Untranslated tag #forge:foils/cobalt
[10mai.2026 15:10:00.726] [Thread-15/ERROR] [EMI/]: [EMI] Untranslated tag #forge:foils/copper
[10mai.2026 15:10:00.726] [Thread-15/ERROR] [EMI/]: [EMI] Untranslated tag #forge:foils/cupronickel
[10mai.2026 15:10:00.726] [Thread-15/ERROR] [EMI/]: [EMI] Untranslated tag #forge:foils/duranium
[10mai.2026 15:10:00.726] [Thread-15/ERROR] [EMI/]: [EMI] Untranslated tag #forge:foils/electrum
[10mai.2026 15:10:00.726] [Thread-15/ERROR] [EMI/]: [EMI] Untranslated tag #forge:foils/enriched_naquadah
[10mai.2026 15:10:00.726] [Thread-15/ERROR] [EMI/]: [EMI] Untranslated tag #forge:foils/enriched_naquadah_trinium_europium_duranide
[10mai.2026 15:10:00.726] [Thread-15/ERROR] [EMI/]: [EMI] Untranslated tag #forge:foils/europium
[10mai.2026 15:10:00.726] [Thread-15/ERROR] [EMI/]: [EMI] Untranslated tag #forge:foils/gallium
[10mai.2026 15:10:00.726] [Thread-15/ERROR] [EMI/]: [EMI] Untranslated tag #forge:foils/gold
[10mai.2026 15:10:00.726] [Thread-15/ERROR] [EMI/]: [EMI] Untranslated tag #forge:foils/graphene
[10mai.2026 15:10:00.726] [Thread-15/ERROR] [EMI/]: [EMI] Untranslated tag #forge:foils/hssg
[10mai.2026 15:10:00.726] [Thread-15/ERROR] [EMI/]: [EMI] Untranslated tag #forge:foils/hsss
[10mai.2026 15:10:00.726] [Thread-15/ERROR] [EMI/]: [EMI] Untranslated tag #forge:foils/indium_tin_barium_titanium_cuprate
[10mai.2026 15:10:00.726] [Thread-15/ERROR] [EMI/]: [EMI] Untranslated tag #forge:foils/iridium
[10mai.2026 15:10:00.726] [Thread-15/ERROR] [EMI/]: [EMI] Untranslated tag #forge:foils/lead
[10mai.2026 15:10:00.726] [Thread-15/ERROR] [EMI/]: [EMI] Untranslated tag #forge:foils/manganese
[10mai.2026 15:10:00.726] [Thread-15/ERROR] [EMI/]: [EMI] Untranslated tag #forge:foils/molybdenum
[10mai.2026 15:10:00.726] [Thread-15/ERROR] [EMI/]: [EMI] Untranslated tag #forge:foils/naquadah
[10mai.2026 15:10:00.726] [Thread-15/ERROR] [EMI/]: [EMI] Untranslated tag #forge:foils/naquadah_alloy
[10mai.2026 15:10:00.726] [Thread-15/ERROR] [EMI/]: [EMI] Untranslated tag #forge:foils/naquadria
[10mai.2026 15:10:00.726] [Thread-15/ERROR] [EMI/]: [EMI] Untranslated tag #forge:foils/niobium_nitride
[10mai.2026 15:10:00.726] [Thread-15/ERROR] [EMI/]: [EMI] Untranslated tag #forge:foils/niobium_titanium
[10mai.2026 15:10:00.726] [Thread-15/ERROR] [EMI/]: [EMI] Untranslated tag #forge:foils/osmiridium
[10mai.2026 15:10:00.726] [Thread-15/ERROR] [EMI/]: [EMI] Untranslated tag #forge:foils/osmium
[10mai.2026 15:10:00.726] [Thread-15/ERROR] [EMI/]: [EMI] Untranslated tag #forge:foils/palladium
[10mai.2026 15:10:00.726] [Thread-15/ERROR] [EMI/]: [EMI] Untranslated tag #forge:foils/platinum
[10mai.2026 15:10:00.726] [Thread-15/ERROR] [EMI/]: [EMI] Untranslated tag #forge:foils/polybenzimidazole
[10mai.2026 15:10:00.726] [Thread-15/ERROR] [EMI/]: [EMI] Untranslated tag #forge:foils/polycaprolactam
[10mai.2026 15:10:00.726] [Thread-15/ERROR] [EMI/]: [EMI] Untranslated tag #forge:foils/polyethylene
[10mai.2026 15:10:00.726] [Thread-15/ERROR] [EMI/]: [EMI] Untranslated tag #forge:foils/polyphenylene_sulfide
[10mai.2026 15:10:00.727] [Thread-15/ERROR] [EMI/]: [EMI] Untranslated tag #forge:foils/polytetrafluoroethylene
[10mai.2026 15:10:00.727] [Thread-15/ERROR] [EMI/]: [EMI] Untranslated tag #forge:foils/polyvinyl_chloride
[10mai.2026 15:10:00.727] [Thread-15/ERROR] [EMI/]: [EMI] Untranslated tag #forge:foils/red_alloy
[10mai.2026 15:10:00.727] [Thread-15/ERROR] [EMI/]: [EMI] Untranslated tag #forge:foils/rhodium
[10mai.2026 15:10:00.727] [Thread-15/ERROR] [EMI/]: [EMI] Untranslated tag #forge:foils/rubber
[10mai.2026 15:10:00.727] [Thread-15/ERROR] [EMI/]: [EMI] Untranslated tag #forge:foils/ruridit
[10mai.2026 15:10:00.727] [Thread-15/ERROR] [EMI/]: [EMI] Untranslated tag #forge:foils/ruthenium
[10mai.2026 15:10:00.727] [Thread-15/ERROR] [EMI/]: [EMI] Untranslated tag #forge:foils/silicon
[10mai.2026 15:10:00.727] [Thread-15/ERROR] [EMI/]: [EMI] Untranslated tag #forge:foils/silicone_rubber
[10mai.2026 15:10:00.727] [Thread-15/ERROR] [EMI/]: [EMI] Untranslated tag #forge:foils/silver
[10mai.2026 15:10:00.727] [Thread-15/ERROR] [EMI/]: [EMI] Untranslated tag #forge:foils/stainless_steel
[10mai.2026 15:10:00.727] [Thread-15/ERROR] [EMI/]: [EMI] Untranslated tag #forge:foils/steel
[10mai.2026 15:10:00.727] [Thread-15/ERROR] [EMI/]: [EMI] Untranslated tag #forge:foils/styrene_butadiene_rubber
[10mai.2026 15:10:00.727] [Thread-15/ERROR] [EMI/]: [EMI] Untranslated tag #forge:foils/tantalum
[10mai.2026 15:10:00.727] [Thread-15/ERROR] [EMI/]: [EMI] Untranslated tag #forge:foils/tin
[10mai.2026 15:10:00.727] [Thread-15/ERROR] [EMI/]: [EMI] Untranslated tag #forge:foils/trinium
[10mai.2026 15:10:00.727] [Thread-15/ERROR] [EMI/]: [EMI] Untranslated tag #forge:foils/tritanium
[10mai.2026 15:10:00.727] [Thread-15/ERROR] [EMI/]: [EMI] Untranslated tag #forge:foils/tungsten
[10mai.2026 15:10:00.727] [Thread-15/ERROR] [EMI/]: [EMI] Untranslated tag #forge:foils/tungsten_carbide
[10mai.2026 15:10:00.727] [Thread-15/ERROR] [EMI/]: [EMI] Untranslated tag #forge:foils/tungsten_steel
[10mai.2026 15:10:00.727] [Thread-15/ERROR] [EMI/]: [EMI] Untranslated tag #forge:foils/uranium_rhodium_dinaquadide
[10mai.2026 15:10:00.727] [Thread-15/ERROR] [EMI/]: [EMI] Untranslated tag #forge:foils/vanadium_gallium
[10mai.2026 15:10:00.727] [Thread-15/ERROR] [EMI/]: [EMI] Untranslated tag #forge:foils/vanadium_steel
[10mai.2026 15:10:00.727] [Thread-15/ERROR] [EMI/]: [EMI] Untranslated tag #forge:foils/wrought_iron
[10mai.2026 15:10:00.727] [Thread-15/ERROR] [EMI/]: [EMI] Untranslated tag #forge:foils/yttrium_barium_cuprate
[10mai.2026 15:10:00.727] [Thread-15/ERROR] [EMI/]: [EMI] Untranslated tag #forge:foils/zinc
[10mai.2026 15:10:00.727] [Thread-15/ERROR] [EMI/]: [EMI] Untranslated tag #forge:frames
[10mai.2026 15:10:00.727] [Thread-15/ERROR] [EMI/]: [EMI] Untranslated tag #forge:frames/aluminium
[10mai.2026 15:10:00.727] [Thread-15/ERROR] [EMI/]: [EMI] Untranslated tag #forge:frames/black_steel
[10mai.2026 15:10:00.727] [Thread-15/ERROR] [EMI/]: [EMI] Untranslated tag #forge:frames/blue_steel
[10mai.2026 15:10:00.727] [Thread-15/ERROR] [EMI/]: [EMI] Untranslated tag #forge:frames/bronze
[10mai.2026 15:10:00.727] [Thread-15/ERROR] [EMI/]: [EMI] Untranslated tag #forge:frames/europium
[10mai.2026 15:10:00.727] [Thread-15/ERROR] [EMI/]: [EMI] Untranslated tag #forge:frames/hastelloy_c_276
[10mai.2026 15:10:00.727] [Thread-15/ERROR] [EMI/]: [EMI] Untranslated tag #forge:frames/hastelloy_x
[10mai.2026 15:10:00.727] [Thread-15/ERROR] [EMI/]: [EMI] Untranslated tag #forge:frames/hsla_steel
[10mai.2026 15:10:00.727] [Thread-15/ERROR] [EMI/]: [EMI] Untranslated tag #forge:frames/hsse
[10mai.2026 15:10:00.727] [Thread-15/ERROR] [EMI/]: [EMI] Untranslated tag #forge:frames/hssg
[10mai.2026 15:10:00.727] [Thread-15/ERROR] [EMI/]: [EMI] Untranslated tag #forge:frames/hsss
[10mai.2026 15:10:00.727] [Thread-15/ERROR] [EMI/]: [EMI] Untranslated tag #forge:frames/incoloy_ma_956
[10mai.2026 15:10:00.727] [Thread-15/ERROR] [EMI/]: [EMI] Untranslated tag #forge:frames/invar
[10mai.2026 15:10:00.727] [Thread-15/ERROR] [EMI/]: [EMI] Untranslated tag #forge:frames/iridium
[10mai.2026 15:10:00.727] [Thread-15/ERROR] [EMI/]: [EMI] Untranslated tag #forge:frames/maraging_steel_300
[10mai.2026 15:10:00.727] [Thread-15/ERROR] [EMI/]: [EMI] Untranslated tag #forge:frames/naquadah_alloy
[10mai.2026 15:10:00.727] [Thread-15/ERROR] [EMI/]: [EMI] Untranslated tag #forge:frames/neutronium
[10mai.2026 15:10:00.727] [Thread-15/ERROR] [EMI/]: [EMI] Untranslated tag #forge:frames/polytetrafluoroethylene
[10mai.2026 15:10:00.727] [Thread-15/ERROR] [EMI/]: [EMI] Untranslated tag #forge:frames/ruridit
[10mai.2026 15:10:00.727] [Thread-15/ERROR] [EMI/]: [EMI] Untranslated tag #forge:frames/stainless_steel
[10mai.2026 15:10:00.728] [Thread-15/ERROR] [EMI/]: [EMI] Untranslated tag #forge:frames/steel
[10mai.2026 15:10:00.728] [Thread-15/ERROR] [EMI/]: [EMI] Untranslated tag #forge:frames/titanium
[10mai.2026 15:10:00.728] [Thread-15/ERROR] [EMI/]: [EMI] Untranslated tag #forge:frames/treated_wood
[10mai.2026 15:10:00.728] [Thread-15/ERROR] [EMI/]: [EMI] Untranslated tag #forge:frames/tritanium
[10mai.2026 15:10:00.728] [Thread-15/ERROR] [EMI/]: [EMI] Untranslated tag #forge:frames/tungsten
[10mai.2026 15:10:00.728] [Thread-15/ERROR] [EMI/]: [EMI] Untranslated tag #forge:frames/tungsten_carbide
[10mai.2026 15:10:00.728] [Thread-15/ERROR] [EMI/]: [EMI] Untranslated tag #forge:frames/tungsten_steel
[10mai.2026 15:10:00.728] [Thread-15/ERROR] [EMI/]: [EMI] Untranslated tag #forge:frames/ultimet
[10mai.2026 15:10:00.728] [Thread-15/ERROR] [EMI/]: [EMI] Untranslated tag #forge:frames/watertight_steel
[10mai.2026 15:10:00.728] [Thread-15/ERROR] [EMI/]: [EMI] Untranslated tag #forge:frames/wood
[10mai.2026 15:10:00.728] [Thread-15/ERROR] [EMI/]: [EMI] Untranslated tag #forge:gears
[10mai.2026 15:10:00.728] [Thread-15/ERROR] [EMI/]: [EMI] Untranslated tag #forge:gears/aluminium
[10mai.2026 15:10:00.728] [Thread-15/ERROR] [EMI/]: [EMI] Untranslated tag #forge:gears/black_bronze
[10mai.2026 15:10:00.728] [Thread-15/ERROR] [EMI/]: [EMI] Untranslated tag #forge:gears/black_steel
[10mai.2026 15:10:00.728] [Thread-15/ERROR] [EMI/]: [EMI] Untranslated tag #forge:gears/blue_steel
[10mai.2026 15:10:00.728] [Thread-15/ERROR] [EMI/]: [EMI] Untranslated tag #forge:gears/bronze
[10mai.2026 15:10:00.728] [Thread-15/ERROR] [EMI/]: [EMI] Untranslated tag #forge:gears/cobalt_brass
[10mai.2026 15:10:00.728] [Thread-15/ERROR] [EMI/]: [EMI] Untranslated tag #forge:gears/damascus_steel
[10mai.2026 15:10:00.728] [Thread-15/ERROR] [EMI/]: [EMI] Untranslated tag #forge:gears/diamond
[10mai.2026 15:10:00.728] [Thread-15/ERROR] [EMI/]: [EMI] Untranslated tag #forge:gears/duranium
[10mai.2026 15:10:00.728] [Thread-15/ERROR] [EMI/]: [EMI] Untranslated tag #forge:gears/hsse
[10mai.2026 15:10:00.728] [Thread-15/ERROR] [EMI/]: [EMI] Untranslated tag #forge:gears/hssg
[10mai.2026 15:10:00.728] [Thread-15/ERROR] [EMI/]: [EMI] Untranslated tag #forge:gears/hsss
[10mai.2026 15:10:00.728] [Thread-15/ERROR] [EMI/]: [EMI] Untranslated tag #forge:gears/invar
[10mai.2026 15:10:00.728] [Thread-15/ERROR] [EMI/]: [EMI] Untranslated tag #forge:gears/iridium
[10mai.2026 15:10:00.728] [Thread-15/ERROR] [EMI/]: [EMI] Untranslated tag #forge:gears/iron
[10mai.2026 15:10:00.728] [Thread-15/ERROR] [EMI/]: [EMI] Untranslated tag #forge:gears/naquadah_alloy
[10mai.2026 15:10:00.728] [Thread-15/ERROR] [EMI/]: [EMI] Untranslated tag #forge:gears/naquadria
[10mai.2026 15:10:00.728] [Thread-15/ERROR] [EMI/]: [EMI] Untranslated tag #forge:gears/neutronium
[10mai.2026 15:10:00.728] [Thread-15/ERROR] [EMI/]: [EMI] Untranslated tag #forge:gears/osmiridium
[10mai.2026 15:10:00.728] [Thread-15/ERROR] [EMI/]: [EMI] Untranslated tag #forge:gears/potin
[10mai.2026 15:10:00.728] [Thread-15/ERROR] [EMI/]: [EMI] Untranslated tag #forge:gears/red_steel
[10mai.2026 15:10:00.728] [Thread-15/ERROR] [EMI/]: [EMI] Untranslated tag #forge:gears/rhodium
[10mai.2026 15:10:00.728] [Thread-15/ERROR] [EMI/]: [EMI] Untranslated tag #forge:gears/rose_gold
[10mai.2026 15:10:00.728] [Thread-15/ERROR] [EMI/]: [EMI] Untranslated tag #forge:gears/rubber
[10mai.2026 15:10:00.728] [Thread-15/ERROR] [EMI/]: [EMI] Untranslated tag #forge:gears/ruridit
[10mai.2026 15:10:00.728] [Thread-15/ERROR] [EMI/]: [EMI] Untranslated tag #forge:gears/ruthenium
[10mai.2026 15:10:00.728] [Thread-15/ERROR] [EMI/]: [EMI] Untranslated tag #forge:gears/silicone_rubber
[10mai.2026 15:10:00.728] [Thread-15/ERROR] [EMI/]: [EMI] Untranslated tag #forge:gears/stainless_steel
[10mai.2026 15:10:00.728] [Thread-15/ERROR] [EMI/]: [EMI] Untranslated tag #forge:gears/steel
[10mai.2026 15:10:00.728] [Thread-15/ERROR] [EMI/]: [EMI] Untranslated tag #forge:gears/sterling_silver
[10mai.2026 15:10:00.728] [Thread-15/ERROR] [EMI/]: [EMI] Untranslated tag #forge:gears/stone
[10mai.2026 15:10:00.728] [Thread-15/ERROR] [EMI/]: [EMI] Untranslated tag #forge:gears/titanium
[10mai.2026 15:10:00.728] [Thread-15/ERROR] [EMI/]: [EMI] Untranslated tag #forge:gears/trinium
[10mai.2026 15:10:00.728] [Thread-15/ERROR] [EMI/]: [EMI] Untranslated tag #forge:gears/tritanium
[10mai.2026 15:10:00.728] [Thread-15/ERROR] [EMI/]: [EMI] Untranslated tag #forge:gears/tungsten
[10mai.2026 15:10:00.728] [Thread-15/ERROR] [EMI/]: [EMI] Untranslated tag #forge:gears/tungsten_carbide
[10mai.2026 15:10:00.728] [Thread-15/ERROR] [EMI/]: [EMI] Untranslated tag #forge:gears/tungsten_steel
[10mai.2026 15:10:00.728] [Thread-15/ERROR] [EMI/]: [EMI] Untranslated tag #forge:gears/ultimet
[10mai.2026 15:10:00.728] [Thread-15/ERROR] [EMI/]: [EMI] Untranslated tag #forge:gears/vanadium_steel
[10mai.2026 15:10:00.728] [Thread-15/ERROR] [EMI/]: [EMI] Untranslated tag #forge:gears/wood
[10mai.2026 15:10:00.728] [Thread-15/ERROR] [EMI/]: [EMI] Untranslated tag #forge:gears/wrought_iron
[10mai.2026 15:10:00.728] [Thread-15/ERROR] [EMI/]: [EMI] Untranslated tag #forge:gems/almandine
[10mai.2026 15:10:00.728] [Thread-15/ERROR] [EMI/]: [EMI] Untranslated tag #forge:gems/andradite
[10mai.2026 15:10:00.728] [Thread-15/ERROR] [EMI/]: [EMI] Untranslated tag #forge:gems/apatite
[10mai.2026 15:10:00.728] [Thread-15/ERROR] [EMI/]: [EMI] Untranslated tag #forge:gems/blue_topaz
[10mai.2026 15:10:00.728] [Thread-15/ERROR] [EMI/]: [EMI] Untranslated tag #forge:gems/certus_quartz
[10mai.2026 15:10:00.728] [Thread-15/ERROR] [EMI/]: [EMI] Untranslated tag #forge:gems/charcoal
[10mai.2026 15:10:00.728] [Thread-15/ERROR] [EMI/]: [EMI] Untranslated tag #forge:gems/cinnabar
[10mai.2026 15:10:00.728] [Thread-15/ERROR] [EMI/]: [EMI] Untranslated tag #forge:gems/coal
[10mai.2026 15:10:00.728] [Thread-15/ERROR] [EMI/]: [EMI] Untranslated tag #forge:gems/coke
[10mai.2026 15:10:00.728] [Thread-15/ERROR] [EMI/]: [EMI] Untranslated tag #forge:gems/echo_shard
[10mai.2026 15:10:00.728] [Thread-15/ERROR] [EMI/]: [EMI] Untranslated tag #forge:gems/ender_eye
[10mai.2026 15:10:00.728] [Thread-15/ERROR] [EMI/]: [EMI] Untranslated tag #forge:gems/ender_pearl
[10mai.2026 15:10:00.728] [Thread-15/ERROR] [EMI/]: [EMI] Untranslated tag #forge:gems/flint
[10mai.2026 15:10:00.728] [Thread-15/ERROR] [EMI/]: [EMI] Untranslated tag #forge:gems/glass
[10mai.2026 15:10:00.728] [Thread-15/ERROR] [EMI/]: [EMI] Untranslated tag #forge:gems/green_sapphire
[10mai.2026 15:10:00.728] [Thread-15/ERROR] [EMI/]: [EMI] Untranslated tag #forge:gems/grossular
[10mai.2026 15:10:00.728] [Thread-15/ERROR] [EMI/]: [EMI] Untranslated tag #forge:gems/lapotron
[10mai.2026 15:10:00.728] [Thread-15/ERROR] [EMI/]: [EMI] Untranslated tag #forge:gems/lazurite
[10mai.2026 15:10:00.728] [Thread-15/ERROR] [EMI/]: [EMI] Untranslated tag #forge:gems/malachite
[10mai.2026 15:10:00.728] [Thread-15/ERROR] [EMI/]: [EMI] Untranslated tag #forge:gems/monazite
[10mai.2026 15:10:00.728] [Thread-15/ERROR] [EMI/]: [EMI] Untranslated tag #forge:gems/nether_quartz
[10mai.2026 15:10:00.728] [Thread-15/ERROR] [EMI/]: [EMI] Untranslated tag #forge:gems/nether_star
[10mai.2026 15:10:00.729] [Thread-15/ERROR] [EMI/]: [EMI] Untranslated tag #forge:gems/olivine
[10mai.2026 15:10:00.729] [Thread-15/ERROR] [EMI/]: [EMI] Untranslated tag #forge:gems/opal
[10mai.2026 15:10:00.729] [Thread-15/ERROR] [EMI/]: [EMI] Untranslated tag #forge:gems/pyrope
[10mai.2026 15:10:00.729] [Thread-15/ERROR] [EMI/]: [EMI] Untranslated tag #forge:gems/quartzite
[10mai.2026 15:10:00.729] [Thread-15/ERROR] [EMI/]: [EMI] Untranslated tag #forge:gems/realgar
[10mai.2026 15:10:00.729] [Thread-15/ERROR] [EMI/]: [EMI] Untranslated tag #forge:gems/red_garnet
[10mai.2026 15:10:00.729] [Thread-15/ERROR] [EMI/]: [EMI] Untranslated tag #forge:gems/rock_salt
[10mai.2026 15:10:00.729] [Thread-15/ERROR] [EMI/]: [EMI] Untranslated tag #forge:gems/ruby
[10mai.2026 15:10:00.729] [Thread-15/ERROR] [EMI/]: [EMI] Untranslated tag #forge:gems/rutile
[10mai.2026 15:10:00.729] [Thread-15/ERROR] [EMI/]: [EMI] Untranslated tag #forge:gems/salt
[10mai.2026 15:10:00.729] [Thread-15/ERROR] [EMI/]: [EMI] Untranslated tag #forge:gems/sapphire
[10mai.2026 15:10:00.729] [Thread-15/ERROR] [EMI/]: [EMI] Untranslated tag #forge:gems/sodalite
[10mai.2026 15:10:00.729] [Thread-15/ERROR] [EMI/]: [EMI] Untranslated tag #forge:gems/spessartine
[10mai.2026 15:10:00.729] [Thread-15/ERROR] [EMI/]: [EMI] Untranslated tag #forge:gems/sugar
[10mai.2026 15:10:00.729] [Thread-15/ERROR] [EMI/]: [EMI] Untranslated tag #forge:gems/topaz
[10mai.2026 15:10:00.729] [Thread-15/ERROR] [EMI/]: [EMI] Untranslated tag #forge:gems/uvarovite
[10mai.2026 15:10:00.729] [Thread-15/ERROR] [EMI/]: [EMI] Untranslated tag #forge:gems/yellow_garnet
[10mai.2026 15:10:00.729] [Thread-15/ERROR] [EMI/]: [EMI] Untranslated tag #forge:grain
[10mai.2026 15:10:00.730] [Thread-15/ERROR] [EMI/]: [EMI] Untranslated tag #forge:grain/wheat
[10mai.2026 15:10:00.730] [Thread-15/ERROR] [EMI/]: [EMI] Untranslated tag #forge:granite
[10mai.2026 15:10:00.730] [Thread-15/ERROR] [EMI/]: [EMI] Untranslated tag #forge:granite_red
[10mai.2026 15:10:00.730] [Thread-15/ERROR] [EMI/]: [EMI] Untranslated tag #forge:hot_ingots
[10mai.2026 15:10:00.730] [Thread-15/ERROR] [EMI/]: [EMI] Untranslated tag #forge:hot_ingots/black_bronze
[10mai.2026 15:10:00.730] [Thread-15/ERROR] [EMI/]: [EMI] Untranslated tag #forge:hot_ingots/black_steel
[10mai.2026 15:10:00.730] [Thread-15/ERROR] [EMI/]: [EMI] Untranslated tag #forge:hot_ingots/blue_steel
[10mai.2026 15:10:00.730] [Thread-15/ERROR] [EMI/]: [EMI] Untranslated tag #forge:hot_ingots/enriched_naquadah
[10mai.2026 15:10:00.730] [Thread-15/ERROR] [EMI/]: [EMI] Untranslated tag #forge:hot_ingots/enriched_naquadah_trinium_europium_duranide
[10mai.2026 15:10:00.730] [Thread-15/ERROR] [EMI/]: [EMI] Untranslated tag #forge:hot_ingots/europium
[10mai.2026 15:10:00.730] [Thread-15/ERROR] [EMI/]: [EMI] Untranslated tag #forge:hot_ingots/hastelloy_c_276
[10mai.2026 15:10:00.730] [Thread-15/ERROR] [EMI/]: [EMI] Untranslated tag #forge:hot_ingots/hastelloy_x
[10mai.2026 15:10:00.730] [Thread-15/ERROR] [EMI/]: [EMI] Untranslated tag #forge:hot_ingots/hsse
[10mai.2026 15:10:00.730] [Thread-15/ERROR] [EMI/]: [EMI] Untranslated tag #forge:hot_ingots/hssg
[10mai.2026 15:10:00.730] [Thread-15/ERROR] [EMI/]: [EMI] Untranslated tag #forge:hot_ingots/hsss
[10mai.2026 15:10:00.730] [Thread-15/ERROR] [EMI/]: [EMI] Untranslated tag #forge:hot_ingots/incoloy_ma_956
[10mai.2026 15:10:00.730] [Thread-15/ERROR] [EMI/]: [EMI] Untranslated tag #forge:hot_ingots/indium_tin_barium_titanium_cuprate
[10mai.2026 15:10:00.730] [Thread-15/ERROR] [EMI/]: [EMI] Untranslated tag #forge:hot_ingots/iridium
[10mai.2026 15:10:00.730] [Thread-15/ERROR] [EMI/]: [EMI] Untranslated tag #forge:hot_ingots/kanthal
[10mai.2026 15:10:00.730] [Thread-15/ERROR] [EMI/]: [EMI] Untranslated tag #forge:hot_ingots/magnesium_diboride
[10mai.2026 15:10:00.730] [Thread-15/ERROR] [EMI/]: [EMI] Untranslated tag #forge:hot_ingots/maraging_steel_300
[10mai.2026 15:10:00.730] [Thread-15/ERROR] [EMI/]: [EMI] Untranslated tag #forge:hot_ingots/mercury_barium_calcium_cuprate
[10mai.2026 15:10:00.730] [Thread-15/ERROR] [EMI/]: [EMI] Untranslated tag #forge:hot_ingots/molybdenum_disilicide
[10mai.2026 15:10:00.730] [Thread-15/ERROR] [EMI/]: [EMI] Untranslated tag #forge:hot_ingots/naquadah
[10mai.2026 15:10:00.730] [Thread-15/ERROR] [EMI/]: [EMI] Untranslated tag #forge:hot_ingots/naquadah_alloy
[10mai.2026 15:10:00.730] [Thread-15/ERROR] [EMI/]: [EMI] Untranslated tag #forge:hot_ingots/naquadria
[10mai.2026 15:10:00.730] [Thread-15/ERROR] [EMI/]: [EMI] Untranslated tag #forge:hot_ingots/nichrome
[10mai.2026 15:10:00.730] [Thread-15/ERROR] [EMI/]: [EMI] Untranslated tag #forge:hot_ingots/niobium
[10mai.2026 15:10:00.730] [Thread-15/ERROR] [EMI/]: [EMI] Untranslated tag #forge:hot_ingots/niobium_nitride
[10mai.2026 15:10:00.730] [Thread-15/ERROR] [EMI/]: [EMI] Untranslated tag #forge:hot_ingots/niobium_titanium
[10mai.2026 15:10:00.730] [Thread-15/ERROR] [EMI/]: [EMI] Untranslated tag #forge:hot_ingots/osmiridium
[10mai.2026 15:10:00.730] [Thread-15/ERROR] [EMI/]: [EMI] Untranslated tag #forge:hot_ingots/osmium
[10mai.2026 15:10:00.730] [Thread-15/ERROR] [EMI/]: [EMI] Untranslated tag #forge:hot_ingots/palladium
[10mai.2026 15:10:00.730] [Thread-15/ERROR] [EMI/]: [EMI] Untranslated tag #forge:hot_ingots/red_steel
[10mai.2026 15:10:00.730] [Thread-15/ERROR] [EMI/]: [EMI] Untranslated tag #forge:hot_ingots/rhodium
[10mai.2026 15:10:00.730] [Thread-15/ERROR] [EMI/]: [EMI] Untranslated tag #forge:hot_ingots/rhodium_plated_palladium
[10mai.2026 15:10:00.730] [Thread-15/ERROR] [EMI/]: [EMI] Untranslated tag #forge:hot_ingots/rtm_alloy
[10mai.2026 15:10:00.731] [Thread-15/ERROR] [EMI/]: [EMI] Untranslated tag #forge:hot_ingots/ruridit
[10mai.2026 15:10:00.731] [Thread-15/ERROR] [EMI/]: [EMI] Untranslated tag #forge:hot_ingots/ruthenium
[10mai.2026 15:10:00.731] [Thread-15/ERROR] [EMI/]: [EMI] Untranslated tag #forge:hot_ingots/ruthenium_trinium_americium_neutronate
[10mai.2026 15:10:00.731] [Thread-15/ERROR] [EMI/]: [EMI] Untranslated tag #forge:hot_ingots/samarium
[10mai.2026 15:10:00.731] [Thread-15/ERROR] [EMI/]: [EMI] Untranslated tag #forge:hot_ingots/samarium_iron_arsenic_oxide
[10mai.2026 15:10:00.731] [Thread-15/ERROR] [EMI/]: [EMI] Untranslated tag #forge:hot_ingots/silicon
[10mai.2026 15:10:00.731] [Thread-15/ERROR] [EMI/]: [EMI] Untranslated tag #forge:hot_ingots/stellite_100
[10mai.2026 15:10:00.731] [Thread-15/ERROR] [EMI/]: [EMI] Untranslated tag #forge:hot_ingots/tantalum_carbide
[10mai.2026 15:10:00.731] [Thread-15/ERROR] [EMI/]: [EMI] Untranslated tag #forge:hot_ingots/titanium
[10mai.2026 15:10:00.731] [Thread-15/ERROR] [EMI/]: [EMI] Untranslated tag #forge:hot_ingots/titanium_carbide
[10mai.2026 15:10:00.731] [Thread-15/ERROR] [EMI/]: [EMI] Untranslated tag #forge:hot_ingots/titanium_tungsten_carbide
[10mai.2026 15:10:00.731] [Thread-15/ERROR] [EMI/]: [EMI] Untranslated tag #forge:hot_ingots/trinium
[10mai.2026 15:10:00.731] [Thread-15/ERROR] [EMI/]: [EMI] Untranslated tag #forge:hot_ingots/tungsten
[10mai.2026 15:10:00.731] [Thread-15/ERROR] [EMI/]: [EMI] Untranslated tag #forge:hot_ingots/tungsten_carbide
[10mai.2026 15:10:00.731] [Thread-15/ERROR] [EMI/]: [EMI] Untranslated tag #forge:hot_ingots/tungsten_steel
[10mai.2026 15:10:00.731] [Thread-15/ERROR] [EMI/]: [EMI] Untranslated tag #forge:hot_ingots/ultimet
[10mai.2026 15:10:00.731] [Thread-15/ERROR] [EMI/]: [EMI] Untranslated tag #forge:hot_ingots/uranium_rhodium_dinaquadide
[10mai.2026 15:10:00.731] [Thread-15/ERROR] [EMI/]: [EMI] Untranslated tag #forge:hot_ingots/uranium_triplatinum
[10mai.2026 15:10:00.731] [Thread-15/ERROR] [EMI/]: [EMI] Untranslated tag #forge:hot_ingots/vanadium
[10mai.2026 15:10:00.731] [Thread-15/ERROR] [EMI/]: [EMI] Untranslated tag #forge:hot_ingots/vanadium_gallium
[10mai.2026 15:10:00.731] [Thread-15/ERROR] [EMI/]: [EMI] Untranslated tag #forge:hot_ingots/watertight_steel
[10mai.2026 15:10:00.731] [Thread-15/ERROR] [EMI/]: [EMI] Untranslated tag #forge:hot_ingots/yttrium
[10mai.2026 15:10:00.731] [Thread-15/ERROR] [EMI/]: [EMI] Untranslated tag #forge:hot_ingots/yttrium_barium_cuprate
[10mai.2026 15:10:00.731] [Thread-15/ERROR] [EMI/]: [EMI] Untranslated tag #forge:hot_ingots/zeron_100
[10mai.2026 15:10:00.731] [Thread-15/ERROR] [EMI/]: [EMI] Untranslated tag #forge:impure_dusts
[10mai.2026 15:10:00.731] [Thread-15/ERROR] [EMI/]: [EMI] Untranslated tag #forge:impure_dusts/almandine
[10mai.2026 15:10:00.731] [Thread-15/ERROR] [EMI/]: [EMI] Untranslated tag #forge:impure_dusts/aluminium
[10mai.2026 15:10:00.731] [Thread-15/ERROR] [EMI/]: [EMI] Untranslated tag #forge:impure_dusts/alunite
[10mai.2026 15:10:00.731] [Thread-15/ERROR] [EMI/]: [EMI] Untranslated tag #forge:impure_dusts/amethyst
[10mai.2026 15:10:00.731] [Thread-15/ERROR] [EMI/]: [EMI] Untranslated tag #forge:impure_dusts/apatite
[10mai.2026 15:10:00.731] [Thread-15/ERROR] [EMI/]: [EMI] Untranslated tag #forge:impure_dusts/asbestos
[10mai.2026 15:10:00.731] [Thread-15/ERROR] [EMI/]: [EMI] Untranslated tag #forge:impure_dusts/barite
[10mai.2026 15:10:00.731] [Thread-15/ERROR] [EMI/]: [EMI] Untranslated tag #forge:impure_dusts/basaltic_mineral_sand
[10mai.2026 15:10:00.732] [Thread-15/ERROR] [EMI/]: [EMI] Untranslated tag #forge:impure_dusts/bastnasite
[10mai.2026 15:10:00.732] [Thread-15/ERROR] [EMI/]: [EMI] Untranslated tag #forge:impure_dusts/bauxite
[10mai.2026 15:10:00.732] [Thread-15/ERROR] [EMI/]: [EMI] Untranslated tag #forge:impure_dusts/bentonite
[10mai.2026 15:10:00.732] [Thread-15/ERROR] [EMI/]: [EMI] Untranslated tag #forge:impure_dusts/beryllium
[10mai.2026 15:10:00.732] [Thread-15/ERROR] [EMI/]: [EMI] Untranslated tag #forge:impure_dusts/blue_topaz
[10mai.2026 15:10:00.732] [Thread-15/ERROR] [EMI/]: [EMI] Untranslated tag #forge:impure_dusts/bornite
[10mai.2026 15:10:00.732] [Thread-15/ERROR] [EMI/]: [EMI] Untranslated tag #forge:impure_dusts/calcite
[10mai.2026 15:10:00.732] [Thread-15/ERROR] [EMI/]: [EMI] Untranslated tag #forge:impure_dusts/cassiterite
[10mai.2026 15:10:00.732] [Thread-15/ERROR] [EMI/]: [EMI] Untranslated tag #forge:impure_dusts/cassiterite_sand
[10mai.2026 15:10:00.732] [Thread-15/ERROR] [EMI/]: [EMI] Untranslated tag #forge:impure_dusts/certus_quartz
[10mai.2026 15:10:00.732] [Thread-15/ERROR] [EMI/]: [EMI] Untranslated tag #forge:impure_dusts/chalcocite
[10mai.2026 15:10:00.732] [Thread-15/ERROR] [EMI/]: [EMI] Untranslated tag #forge:impure_dusts/chalcopyrite
[10mai.2026 15:10:00.732] [Thread-15/ERROR] [EMI/]: [EMI] Untranslated tag #forge:impure_dusts/chromite
[10mai.2026 15:10:00.732] [Thread-15/ERROR] [EMI/]: [EMI] Untranslated tag #forge:impure_dusts/cinnabar
[10mai.2026 15:10:00.732] [Thread-15/ERROR] [EMI/]: [EMI] Untranslated tag #forge:impure_dusts/coal
[10mai.2026 15:10:00.732] [Thread-15/ERROR] [EMI/]: [EMI] Untranslated tag #forge:impure_dusts/cobalt
[10mai.2026 15:10:00.732] [Thread-15/ERROR] [EMI/]: [EMI] Untranslated tag #forge:impure_dusts/cobaltite
[10mai.2026 15:10:00.732] [Thread-15/ERROR] [EMI/]: [EMI] Untranslated tag #forge:impure_dusts/cooperite
[10mai.2026 15:10:00.732] [Thread-15/ERROR] [EMI/]: [EMI] Untranslated tag #forge:impure_dusts/copper
[10mai.2026 15:10:00.732] [Thread-15/ERROR] [EMI/]: [EMI] Untranslated tag #forge:impure_dusts/diamond
[10mai.2026 15:10:00.732] [Thread-15/ERROR] [EMI/]: [EMI] Untranslated tag #forge:impure_dusts/diatomite
[10mai.2026 15:10:00.732] [Thread-15/ERROR] [EMI/]: [EMI] Untranslated tag #forge:impure_dusts/electrotine
[10mai.2026 15:10:00.732] [Thread-15/ERROR] [EMI/]: [EMI] Untranslated tag #forge:impure_dusts/emerald
[10mai.2026 15:10:00.732] [Thread-15/ERROR] [EMI/]: [EMI] Untranslated tag #forge:impure_dusts/fullers_earth
[10mai.2026 15:10:00.732] [Thread-15/ERROR] [EMI/]: [EMI] Untranslated tag #forge:impure_dusts/galena
[10mai.2026 15:10:00.732] [Thread-15/ERROR] [EMI/]: [EMI] Untranslated tag #forge:impure_dusts/garnet_sand
[10mai.2026 15:10:00.732] [Thread-15/ERROR] [EMI/]: [EMI] Untranslated tag #forge:impure_dusts/garnierite
[10mai.2026 15:10:00.732] [Thread-15/ERROR] [EMI/]: [EMI] Untranslated tag #forge:impure_dusts/glauconite_sand
[10mai.2026 15:10:00.732] [Thread-15/ERROR] [EMI/]: [EMI] Untranslated tag #forge:impure_dusts/goethite
[10mai.2026 15:10:00.732] [Thread-15/ERROR] [EMI/]: [EMI] Untranslated tag #forge:impure_dusts/gold
[10mai.2026 15:10:00.732] [Thread-15/ERROR] [EMI/]: [EMI] Untranslated tag #forge:impure_dusts/granitic_mineral_sand
[10mai.2026 15:10:00.732] [Thread-15/ERROR] [EMI/]: [EMI] Untranslated tag #forge:impure_dusts/graphite
[10mai.2026 15:10:00.732] [Thread-15/ERROR] [EMI/]: [EMI] Untranslated tag #forge:impure_dusts/green_sapphire
[10mai.2026 15:10:00.733] [Thread-15/ERROR] [EMI/]: [EMI] Untranslated tag #forge:impure_dusts/grossular
[10mai.2026 15:10:00.733] [Thread-15/ERROR] [EMI/]: [EMI] Untranslated tag #forge:impure_dusts/gypsum
[10mai.2026 15:10:00.733] [Thread-15/ERROR] [EMI/]: [EMI] Untranslated tag #forge:impure_dusts/hematite
[10mai.2026 15:10:00.733] [Thread-15/ERROR] [EMI/]: [EMI] Untranslated tag #forge:impure_dusts/ilmenite
[10mai.2026 15:10:00.733] [Thread-15/ERROR] [EMI/]: [EMI] Untranslated tag #forge:impure_dusts/iron
[10mai.2026 15:10:00.733] [Thread-15/ERROR] [EMI/]: [EMI] Untranslated tag #forge:impure_dusts/kyanite
[10mai.2026 15:10:00.733] [Thread-15/ERROR] [EMI/]: [EMI] Untranslated tag #forge:impure_dusts/lapis
[10mai.2026 15:10:00.733] [Thread-15/ERROR] [EMI/]: [EMI] Untranslated tag #forge:impure_dusts/lazurite
[10mai.2026 15:10:00.733] [Thread-15/ERROR] [EMI/]: [EMI] Untranslated tag #forge:impure_dusts/lead
[10mai.2026 15:10:00.733] [Thread-15/ERROR] [EMI/]: [EMI] Untranslated tag #forge:impure_dusts/lepidolite
[10mai.2026 15:10:00.733] [Thread-15/ERROR] [EMI/]: [EMI] Untranslated tag #forge:impure_dusts/lithium
[10mai.2026 15:10:00.733] [Thread-15/ERROR] [EMI/]: [EMI] Untranslated tag #forge:impure_dusts/magnesite
[10mai.2026 15:10:00.733] [Thread-15/ERROR] [EMI/]: [EMI] Untranslated tag #forge:impure_dusts/magnetite
[10mai.2026 15:10:00.733] [Thread-15/ERROR] [EMI/]: [EMI] Untranslated tag #forge:impure_dusts/malachite
[10mai.2026 15:10:00.733] [Thread-15/ERROR] [EMI/]: [EMI] Untranslated tag #forge:impure_dusts/mica
[10mai.2026 15:10:00.733] [Thread-15/ERROR] [EMI/]: [EMI] Untranslated tag #forge:impure_dusts/molybdenite
[10mai.2026 15:10:00.733] [Thread-15/ERROR] [EMI/]: [EMI] Untranslated tag #forge:impure_dusts/molybdenum
[10mai.2026 15:10:00.733] [Thread-15/ERROR] [EMI/]: [EMI] Untranslated tag #forge:impure_dusts/monazite
[10mai.2026 15:10:00.733] [Thread-15/ERROR] [EMI/]: [EMI] Untranslated tag #forge:impure_dusts/naquadah
[10mai.2026 15:10:00.733] [Thread-15/ERROR] [EMI/]: [EMI] Untranslated tag #forge:impure_dusts/neodymium
[10mai.2026 15:10:00.733] [Thread-15/ERROR] [EMI/]: [EMI] Untranslated tag #forge:impure_dusts/nether_quartz
[10mai.2026 15:10:00.733] [Thread-15/ERROR] [EMI/]: [EMI] Untranslated tag #forge:impure_dusts/nickel
[10mai.2026 15:10:00.733] [Thread-15/ERROR] [EMI/]: [EMI] Untranslated tag #forge:impure_dusts/oilsands
[10mai.2026 15:10:00.733] [Thread-15/ERROR] [EMI/]: [EMI] Untranslated tag #forge:impure_dusts/olivine
[10mai.2026 15:10:00.733] [Thread-15/ERROR] [EMI/]: [EMI] Untranslated tag #forge:impure_dusts/opal
[10mai.2026 15:10:00.733] [Thread-15/ERROR] [EMI/]: [EMI] Untranslated tag #forge:impure_dusts/palladium
[10mai.2026 15:10:00.733] [Thread-15/ERROR] [EMI/]: [EMI] Untranslated tag #forge:impure_dusts/pentlandite
[10mai.2026 15:10:00.733] [Thread-15/ERROR] [EMI/]: [EMI] Untranslated tag #forge:impure_dusts/pitchblende
[10mai.2026 15:10:00.734] [Thread-15/ERROR] [EMI/]: [EMI] Untranslated tag #forge:impure_dusts/platinum
[10mai.2026 15:10:00.734] [Thread-15/ERROR] [EMI/]: [EMI] Untranslated tag #forge:impure_dusts/plutonium
[10mai.2026 15:10:00.734] [Thread-15/ERROR] [EMI/]: [EMI] Untranslated tag #forge:impure_dusts/pollucite
[10mai.2026 15:10:00.734] [Thread-15/ERROR] [EMI/]: [EMI] Untranslated tag #forge:impure_dusts/powellite
[10mai.2026 15:10:00.734] [Thread-15/ERROR] [EMI/]: [EMI] Untranslated tag #forge:impure_dusts/pyrite
[10mai.2026 15:10:00.734] [Thread-15/ERROR] [EMI/]: [EMI] Untranslated tag #forge:impure_dusts/pyrochlore
[10mai.2026 15:10:00.734] [Thread-15/ERROR] [EMI/]: [EMI] Untranslated tag #forge:impure_dusts/pyrolusite
[10mai.2026 15:10:00.734] [Thread-15/ERROR] [EMI/]: [EMI] Untranslated tag #forge:impure_dusts/pyrope
[10mai.2026 15:10:00.734] [Thread-15/ERROR] [EMI/]: [EMI] Untranslated tag #forge:impure_dusts/quartzite
[10mai.2026 15:10:00.734] [Thread-15/ERROR] [EMI/]: [EMI] Untranslated tag #forge:impure_dusts/realgar
[10mai.2026 15:10:00.734] [Thread-15/ERROR] [EMI/]: [EMI] Untranslated tag #forge:impure_dusts/red_garnet
[10mai.2026 15:10:00.734] [Thread-15/ERROR] [EMI/]: [EMI] Untranslated tag #forge:impure_dusts/redstone
[10mai.2026 15:10:00.734] [Thread-15/ERROR] [EMI/]: [EMI] Untranslated tag #forge:impure_dusts/rock_salt
[10mai.2026 15:10:00.734] [Thread-15/ERROR] [EMI/]: [EMI] Untranslated tag #forge:impure_dusts/ruby
[10mai.2026 15:10:00.734] [Thread-15/ERROR] [EMI/]: [EMI] Untranslated tag #forge:impure_dusts/salt
[10mai.2026 15:10:00.734] [Thread-15/ERROR] [EMI/]: [EMI] Untranslated tag #forge:impure_dusts/saltpeter
[10mai.2026 15:10:00.734] [Thread-15/ERROR] [EMI/]: [EMI] Untranslated tag #forge:impure_dusts/sapphire
[10mai.2026 15:10:00.734] [Thread-15/ERROR] [EMI/]: [EMI] Untranslated tag #forge:impure_dusts/scheelite
[10mai.2026 15:10:00.734] [Thread-15/ERROR] [EMI/]: [EMI] Untranslated tag #forge:impure_dusts/silver
[10mai.2026 15:10:00.734] [Thread-15/ERROR] [EMI/]: [EMI] Untranslated tag #forge:impure_dusts/soapstone
[10mai.2026 15:10:00.734] [Thread-15/ERROR] [EMI/]: [EMI] Untranslated tag #forge:impure_dusts/sodalite
[10mai.2026 15:10:00.734] [Thread-15/ERROR] [EMI/]: [EMI] Untranslated tag #forge:impure_dusts/spessartine
[10mai.2026 15:10:00.734] [Thread-15/ERROR] [EMI/]: [EMI] Untranslated tag #forge:impure_dusts/sphalerite
[10mai.2026 15:10:00.734] [Thread-15/ERROR] [EMI/]: [EMI] Untranslated tag #forge:impure_dusts/spodumene
[10mai.2026 15:10:00.734] [Thread-15/ERROR] [EMI/]: [EMI] Untranslated tag #forge:impure_dusts/stibnite
[10mai.2026 15:10:00.734] [Thread-15/ERROR] [EMI/]: [EMI] Untranslated tag #forge:impure_dusts/sulfur
[10mai.2026 15:10:00.734] [Thread-15/ERROR] [EMI/]: [EMI] Untranslated tag #forge:impure_dusts/talc
[10mai.2026 15:10:00.734] [Thread-15/ERROR] [EMI/]: [EMI] Untranslated tag #forge:impure_dusts/tantalite
[10mai.2026 15:10:00.734] [Thread-15/ERROR] [EMI/]: [EMI] Untranslated tag #forge:impure_dusts/tetrahedrite
[10mai.2026 15:10:00.734] [Thread-15/ERROR] [EMI/]: [EMI] Untranslated tag #forge:impure_dusts/thorium
[10mai.2026 15:10:00.734] [Thread-15/ERROR] [EMI/]: [EMI] Untranslated tag #forge:impure_dusts/tin
[10mai.2026 15:10:00.734] [Thread-15/ERROR] [EMI/]: [EMI] Untranslated tag #forge:impure_dusts/topaz
[10mai.2026 15:10:00.734] [Thread-15/ERROR] [EMI/]: [EMI] Untranslated tag #forge:impure_dusts/tricalcium_phosphate
[10mai.2026 15:10:00.735] [Thread-15/ERROR] [EMI/]: [EMI] Untranslated tag #forge:impure_dusts/trona
[10mai.2026 15:10:00.735] [Thread-15/ERROR] [EMI/]: [EMI] Untranslated tag #forge:impure_dusts/tungstate
[10mai.2026 15:10:00.735] [Thread-15/ERROR] [EMI/]: [EMI] Untranslated tag #forge:impure_dusts/uraninite
[10mai.2026 15:10:00.735] [Thread-15/ERROR] [EMI/]: [EMI] Untranslated tag #forge:impure_dusts/vanadium_magnetite
[10mai.2026 15:10:00.735] [Thread-15/ERROR] [EMI/]: [EMI] Untranslated tag #forge:impure_dusts/wulfenite
[10mai.2026 15:10:00.735] [Thread-15/ERROR] [EMI/]: [EMI] Untranslated tag #forge:impure_dusts/yellow_garnet
[10mai.2026 15:10:00.735] [Thread-15/ERROR] [EMI/]: [EMI] Untranslated tag #forge:impure_dusts/yellow_limonite
[10mai.2026 15:10:00.735] [Thread-15/ERROR] [EMI/]: [EMI] Untranslated tag #forge:impure_dusts/zeolite
[10mai.2026 15:10:00.735] [Thread-15/ERROR] [EMI/]: [EMI] Untranslated tag #forge:ingots/actinium
[10mai.2026 15:10:00.735] [Thread-15/ERROR] [EMI/]: [EMI] Untranslated tag #forge:ingots/aluminium
[10mai.2026 15:10:00.735] [Thread-15/ERROR] [EMI/]: [EMI] Untranslated tag #forge:ingots/americium
[10mai.2026 15:10:00.735] [Thread-15/ERROR] [EMI/]: [EMI] Untranslated tag #forge:ingots/annealed_copper
[10mai.2026 15:10:00.735] [Thread-15/ERROR] [EMI/]: [EMI] Untranslated tag #forge:ingots/antimony
[10mai.2026 15:10:00.735] [Thread-15/ERROR] [EMI/]: [EMI] Untranslated tag #forge:ingots/battery_alloy
[10mai.2026 15:10:00.735] [Thread-15/ERROR] [EMI/]: [EMI] Untranslated tag #forge:ingots/berkelium
[10mai.2026 15:10:00.735] [Thread-15/ERROR] [EMI/]: [EMI] Untranslated tag #forge:ingots/beryllium
[10mai.2026 15:10:00.735] [Thread-15/ERROR] [EMI/]: [EMI] Untranslated tag #forge:ingots/bismuth
[10mai.2026 15:10:00.735] [Thread-15/ERROR] [EMI/]: [EMI] Untranslated tag #forge:ingots/bismuth_bronze
[10mai.2026 15:10:00.735] [Thread-15/ERROR] [EMI/]: [EMI] Untranslated tag #forge:ingots/black_bronze
[10mai.2026 15:10:00.735] [Thread-15/ERROR] [EMI/]: [EMI] Untranslated tag #forge:ingots/black_steel
[10mai.2026 15:10:00.735] [Thread-15/ERROR] [EMI/]: [EMI] Untranslated tag #forge:ingots/blue_alloy
[10mai.2026 15:10:00.735] [Thread-15/ERROR] [EMI/]: [EMI] Untranslated tag #forge:ingots/blue_steel
[10mai.2026 15:10:00.735] [Thread-15/ERROR] [EMI/]: [EMI] Untranslated tag #forge:ingots/bohrium
[10mai.2026 15:10:00.735] [Thread-15/ERROR] [EMI/]: [EMI] Untranslated tag #forge:ingots/borosilicate_glass
[10mai.2026 15:10:00.735] [Thread-15/ERROR] [EMI/]: [EMI] Untranslated tag #forge:ingots/brass
[10mai.2026 15:10:00.735] [Thread-15/ERROR] [EMI/]: [EMI] Untranslated tag #forge:ingots/bronze
[10mai.2026 15:10:00.735] [Thread-15/ERROR] [EMI/]: [EMI] Untranslated tag #forge:ingots/californium
[10mai.2026 15:10:00.735] [Thread-15/ERROR] [EMI/]: [EMI] Untranslated tag #forge:ingots/chromium
[10mai.2026 15:10:00.735] [Thread-15/ERROR] [EMI/]: [EMI] Untranslated tag #forge:ingots/clay
[10mai.2026 15:10:00.735] [Thread-15/ERROR] [EMI/]: [EMI] Untranslated tag #forge:ingots/cobalt
[10mai.2026 15:10:00.735] [Thread-15/ERROR] [EMI/]: [EMI] Untranslated tag #forge:ingots/cobalt_brass
[10mai.2026 15:10:00.735] [Thread-15/ERROR] [EMI/]: [EMI] Untranslated tag #forge:ingots/copernicium
[10mai.2026 15:10:00.735] [Thread-15/ERROR] [EMI/]: [EMI] Untranslated tag #forge:ingots/cupronickel
[10mai.2026 15:10:00.736] [Thread-15/ERROR] [EMI/]: [EMI] Untranslated tag #forge:ingots/curium
[10mai.2026 15:10:00.736] [Thread-15/ERROR] [EMI/]: [EMI] Untranslated tag #forge:ingots/damascus_steel
[10mai.2026 15:10:00.736] [Thread-15/ERROR] [EMI/]: [EMI] Untranslated tag #forge:ingots/darmstadtium
[10mai.2026 15:10:00.736] [Thread-15/ERROR] [EMI/]: [EMI] Untranslated tag #forge:ingots/dubnium
[10mai.2026 15:10:00.736] [Thread-15/ERROR] [EMI/]: [EMI] Untranslated tag #forge:ingots/duranium
[10mai.2026 15:10:00.736] [Thread-15/ERROR] [EMI/]: [EMI] Untranslated tag #forge:ingots/dysprosium
[10mai.2026 15:10:00.736] [Thread-15/ERROR] [EMI/]: [EMI] Untranslated tag #forge:ingots/einsteinium
[10mai.2026 15:10:00.736] [Thread-15/ERROR] [EMI/]: [EMI] Untranslated tag #forge:ingots/electrum
[10mai.2026 15:10:00.736] [Thread-15/ERROR] [EMI/]: [EMI] Untranslated tag #forge:ingots/enriched_naquadah
[10mai.2026 15:10:00.736] [Thread-15/ERROR] [EMI/]: [EMI] Untranslated tag #forge:ingots/enriched_naquadah_trinium_europium_duranide
[10mai.2026 15:10:00.736] [Thread-15/ERROR] [EMI/]: [EMI] Untranslated tag #forge:ingots/epoxy
[10mai.2026 15:10:00.736] [Thread-15/ERROR] [EMI/]: [EMI] Untranslated tag #forge:ingots/erbium
[10mai.2026 15:10:00.736] [Thread-15/ERROR] [EMI/]: [EMI] Untranslated tag #forge:ingots/europium
[10mai.2026 15:10:00.736] [Thread-15/ERROR] [EMI/]: [EMI] Untranslated tag #forge:ingots/fermium
[10mai.2026 15:10:00.736] [Thread-15/ERROR] [EMI/]: [EMI] Untranslated tag #forge:ingots/flerovium
[10mai.2026 15:10:00.736] [Thread-15/ERROR] [EMI/]: [EMI] Untranslated tag #forge:ingots/gadolinium
[10mai.2026 15:10:00.737] [Thread-15/ERROR] [EMI/]: [EMI] Untranslated tag #forge:ingots/gallium
[10mai.2026 15:10:00.737] [Thread-15/ERROR] [EMI/]: [EMI] Untranslated tag #forge:ingots/gallium_arsenide
[10mai.2026 15:10:00.737] [Thread-15/ERROR] [EMI/]: [EMI] Untranslated tag #forge:ingots/germanium
[10mai.2026 15:10:00.737] [Thread-15/ERROR] [EMI/]: [EMI] Untranslated tag #forge:ingots/graphene
[10mai.2026 15:10:00.737] [Thread-15/ERROR] [EMI/]: [EMI] Untranslated tag #forge:ingots/hafnium
[10mai.2026 15:10:00.737] [Thread-15/ERROR] [EMI/]: [EMI] Untranslated tag #forge:ingots/hassium
[10mai.2026 15:10:00.737] [Thread-15/ERROR] [EMI/]: [EMI] Untranslated tag #forge:ingots/hastelloy_c_276
[10mai.2026 15:10:00.737] [Thread-15/ERROR] [EMI/]: [EMI] Untranslated tag #forge:ingots/hastelloy_x
[10mai.2026 15:10:00.737] [Thread-15/ERROR] [EMI/]: [EMI] Untranslated tag #forge:ingots/holmium
[10mai.2026 15:10:00.737] [Thread-15/ERROR] [EMI/]: [EMI] Untranslated tag #forge:ingots/hsla_steel
[10mai.2026 15:10:00.737] [Thread-15/ERROR] [EMI/]: [EMI] Untranslated tag #forge:ingots/hsse
[10mai.2026 15:10:00.737] [Thread-15/ERROR] [EMI/]: [EMI] Untranslated tag #forge:ingots/hssg
[10mai.2026 15:10:00.737] [Thread-15/ERROR] [EMI/]: [EMI] Untranslated tag #forge:ingots/hsss
[10mai.2026 15:10:00.737] [Thread-15/ERROR] [EMI/]: [EMI] Untranslated tag #forge:ingots/incoloy_ma_956
[10mai.2026 15:10:00.737] [Thread-15/ERROR] [EMI/]: [EMI] Untranslated tag #forge:ingots/indium
[10mai.2026 15:10:00.737] [Thread-15/ERROR] [EMI/]: [EMI] Untranslated tag #forge:ingots/indium_gallium_phosphide
[10mai.2026 15:10:00.737] [Thread-15/ERROR] [EMI/]: [EMI] Untranslated tag #forge:ingots/indium_tin_barium_titanium_cuprate
[10mai.2026 15:10:00.737] [Thread-15/ERROR] [EMI/]: [EMI] Untranslated tag #forge:ingots/invar
[10mai.2026 15:10:00.737] [Thread-15/ERROR] [EMI/]: [EMI] Untranslated tag #forge:ingots/iridium
[10mai.2026 15:10:00.737] [Thread-15/ERROR] [EMI/]: [EMI] Untranslated tag #forge:ingots/kanthal
[10mai.2026 15:10:00.737] [Thread-15/ERROR] [EMI/]: [EMI] Untranslated tag #forge:ingots/lawrencium
[10mai.2026 15:10:00.737] [Thread-15/ERROR] [EMI/]: [EMI] Untranslated tag #forge:ingots/lead
[10mai.2026 15:10:00.737] [Thread-15/ERROR] [EMI/]: [EMI] Untranslated tag #forge:ingots/livermorium
[10mai.2026 15:10:00.737] [Thread-15/ERROR] [EMI/]: [EMI] Untranslated tag #forge:ingots/magnalium
[10mai.2026 15:10:00.737] [Thread-15/ERROR] [EMI/]: [EMI] Untranslated tag #forge:ingots/magnesium_diboride
[10mai.2026 15:10:00.737] [Thread-15/ERROR] [EMI/]: [EMI] Untranslated tag #forge:ingots/magnetic_iron
[10mai.2026 15:10:00.737] [Thread-15/ERROR] [EMI/]: [EMI] Untranslated tag #forge:ingots/magnetic_neodymium
[10mai.2026 15:10:00.737] [Thread-15/ERROR] [EMI/]: [EMI] Untranslated tag #forge:ingots/magnetic_samarium
[10mai.2026 15:10:00.737] [Thread-15/ERROR] [EMI/]: [EMI] Untranslated tag #forge:ingots/magnetic_steel
[10mai.2026 15:10:00.737] [Thread-15/ERROR] [EMI/]: [EMI] Untranslated tag #forge:ingots/manganese
[10mai.2026 15:10:00.737] [Thread-15/ERROR] [EMI/]: [EMI] Untranslated tag #forge:ingots/manganese_phosphide
[10mai.2026 15:10:00.737] [Thread-15/ERROR] [EMI/]: [EMI] Untranslated tag #forge:ingots/maraging_steel_300
[10mai.2026 15:10:00.737] [Thread-15/ERROR] [EMI/]: [EMI] Untranslated tag #forge:ingots/meitnerium
[10mai.2026 15:10:00.737] [Thread-15/ERROR] [EMI/]: [EMI] Untranslated tag #forge:ingots/mendelevium
[10mai.2026 15:10:00.737] [Thread-15/ERROR] [EMI/]: [EMI] Untranslated tag #forge:ingots/mercury_barium_calcium_cuprate
[10mai.2026 15:10:00.737] [Thread-15/ERROR] [EMI/]: [EMI] Untranslated tag #forge:ingots/molybdenum
[10mai.2026 15:10:00.737] [Thread-15/ERROR] [EMI/]: [EMI] Untranslated tag #forge:ingots/molybdenum_disilicide
[10mai.2026 15:10:00.737] [Thread-15/ERROR] [EMI/]: [EMI] Untranslated tag #forge:ingots/moscovium
[10mai.2026 15:10:00.737] [Thread-15/ERROR] [EMI/]: [EMI] Untranslated tag #forge:ingots/naquadah
[10mai.2026 15:10:00.737] [Thread-15/ERROR] [EMI/]: [EMI] Untranslated tag #forge:ingots/naquadah_alloy
[10mai.2026 15:10:00.737] [Thread-15/ERROR] [EMI/]: [EMI] Untranslated tag #forge:ingots/naquadria
[10mai.2026 15:10:00.737] [Thread-15/ERROR] [EMI/]: [EMI] Untranslated tag #forge:ingots/neodymium
[10mai.2026 15:10:00.737] [Thread-15/ERROR] [EMI/]: [EMI] Untranslated tag #forge:ingots/neptunium
[10mai.2026 15:10:00.737] [Thread-15/ERROR] [EMI/]: [EMI] Untranslated tag #forge:ingots/neutronium
[10mai.2026 15:10:00.737] [Thread-15/ERROR] [EMI/]: [EMI] Untranslated tag #forge:ingots/nichrome
[10mai.2026 15:10:00.737] [Thread-15/ERROR] [EMI/]: [EMI] Untranslated tag #forge:ingots/nickel
[10mai.2026 15:10:00.737] [Thread-15/ERROR] [EMI/]: [EMI] Untranslated tag #forge:ingots/nickel_zinc_ferrite
[10mai.2026 15:10:00.737] [Thread-15/ERROR] [EMI/]: [EMI] Untranslated tag #forge:ingots/nihonium
[10mai.2026 15:10:00.737] [Thread-15/ERROR] [EMI/]: [EMI] Untranslated tag #forge:ingots/niobium
[10mai.2026 15:10:00.737] [Thread-15/ERROR] [EMI/]: [EMI] Untranslated tag #forge:ingots/niobium_nitride
[10mai.2026 15:10:00.737] [Thread-15/ERROR] [EMI/]: [EMI] Untranslated tag #forge:ingots/niobium_titanium
[10mai.2026 15:10:00.737] [Thread-15/ERROR] [EMI/]: [EMI] Untranslated tag #forge:ingots/nobelium
[10mai.2026 15:10:00.737] [Thread-15/ERROR] [EMI/]: [EMI] Untranslated tag #forge:ingots/osmiridium
[10mai.2026 15:10:00.737] [Thread-15/ERROR] [EMI/]: [EMI] Untranslated tag #forge:ingots/osmium
[10mai.2026 15:10:00.737] [Thread-15/ERROR] [EMI/]: [EMI] Untranslated tag #forge:ingots/palladium
[10mai.2026 15:10:00.737] [Thread-15/ERROR] [EMI/]: [EMI] Untranslated tag #forge:ingots/platinum
[10mai.2026 15:10:00.737] [Thread-15/ERROR] [EMI/]: [EMI] Untranslated tag #forge:ingots/plutonium
[10mai.2026 15:10:00.737] [Thread-15/ERROR] [EMI/]: [EMI] Untranslated tag #forge:ingots/plutonium_241
[10mai.2026 15:10:00.737] [Thread-15/ERROR] [EMI/]: [EMI] Untranslated tag #forge:ingots/polonium
[10mai.2026 15:10:00.737] [Thread-15/ERROR] [EMI/]: [EMI] Untranslated tag #forge:ingots/polybenzimidazole
[10mai.2026 15:10:00.737] [Thread-15/ERROR] [EMI/]: [EMI] Untranslated tag #forge:ingots/polycaprolactam
[10mai.2026 15:10:00.737] [Thread-15/ERROR] [EMI/]: [EMI] Untranslated tag #forge:ingots/polyethylene
[10mai.2026 15:10:00.738] [Thread-15/ERROR] [EMI/]: [EMI] Untranslated tag #forge:ingots/polyphenylene_sulfide
[10mai.2026 15:10:00.738] [Thread-15/ERROR] [EMI/]: [EMI] Untranslated tag #forge:ingots/polytetrafluoroethylene
[10mai.2026 15:10:00.738] [Thread-15/ERROR] [EMI/]: [EMI] Untranslated tag #forge:ingots/polyvinyl_butyral
[10mai.2026 15:10:00.738] [Thread-15/ERROR] [EMI/]: [EMI] Untranslated tag #forge:ingots/polyvinyl_chloride
[10mai.2026 15:10:00.738] [Thread-15/ERROR] [EMI/]: [EMI] Untranslated tag #forge:ingots/potin
[10mai.2026 15:10:00.738] [Thread-15/ERROR] [EMI/]: [EMI] Untranslated tag #forge:ingots/praseodymium
[10mai.2026 15:10:00.738] [Thread-15/ERROR] [EMI/]: [EMI] Untranslated tag #forge:ingots/promethium
[10mai.2026 15:10:00.738] [Thread-15/ERROR] [EMI/]: [EMI] Untranslated tag #forge:ingots/protactinium
[10mai.2026 15:10:00.738] [Thread-15/ERROR] [EMI/]: [EMI] Untranslated tag #forge:ingots/quantum_coolant
[10mai.2026 15:10:00.738] [Thread-15/ERROR] [EMI/]: [EMI] Untranslated tag #forge:ingots/radium
[10mai.2026 15:10:00.738] [Thread-15/ERROR] [EMI/]: [EMI] Untranslated tag #forge:ingots/raw_rubber
[10mai.2026 15:10:00.738] [Thread-15/ERROR] [EMI/]: [EMI] Untranslated tag #forge:ingots/red_alloy
[10mai.2026 15:10:00.738] [Thread-15/ERROR] [EMI/]: [EMI] Untranslated tag #forge:ingots/red_steel
[10mai.2026 15:10:00.738] [Thread-15/ERROR] [EMI/]: [EMI] Untranslated tag #forge:ingots/reinforced_epoxy_resin
[10mai.2026 15:10:00.738] [Thread-15/ERROR] [EMI/]: [EMI] Untranslated tag #forge:ingots/rhenium
[10mai.2026 15:10:00.738] [Thread-15/ERROR] [EMI/]: [EMI] Untranslated tag #forge:ingots/rhodium
[10mai.2026 15:10:00.738] [Thread-15/ERROR] [EMI/]: [EMI] Untranslated tag #forge:ingots/rhodium_plated_palladium
[10mai.2026 15:10:00.738] [Thread-15/ERROR] [EMI/]: [EMI] Untranslated tag #forge:ingots/roentgenium
[10mai.2026 15:10:00.738] [Thread-15/ERROR] [EMI/]: [EMI] Untranslated tag #forge:ingots/rose_gold
[10mai.2026 15:10:00.738] [Thread-15/ERROR] [EMI/]: [EMI] Untranslated tag #forge:ingots/rtm_alloy
[10mai.2026 15:10:00.738] [Thread-15/ERROR] [EMI/]: [EMI] Untranslated tag #forge:ingots/rubber
[10mai.2026 15:10:00.738] [Thread-15/ERROR] [EMI/]: [EMI] Untranslated tag #forge:ingots/rubidium
[10mai.2026 15:10:00.738] [Thread-15/ERROR] [EMI/]: [EMI] Untranslated tag #forge:ingots/ruridit
[10mai.2026 15:10:00.738] [Thread-15/ERROR] [EMI/]: [EMI] Untranslated tag #forge:ingots/ruthenium
[10mai.2026 15:10:00.738] [Thread-15/ERROR] [EMI/]: [EMI] Untranslated tag #forge:ingots/ruthenium_trinium_americium_neutronate
[10mai.2026 15:10:00.738] [Thread-15/ERROR] [EMI/]: [EMI] Untranslated tag #forge:ingots/rutherfordium
[10mai.2026 15:10:00.738] [Thread-15/ERROR] [EMI/]: [EMI] Untranslated tag #forge:ingots/samarium
[10mai.2026 15:10:00.738] [Thread-15/ERROR] [EMI/]: [EMI] Untranslated tag #forge:ingots/samarium_iron_arsenic_oxide
[10mai.2026 15:10:00.738] [Thread-15/ERROR] [EMI/]: [EMI] Untranslated tag #forge:ingots/scandium
[10mai.2026 15:10:00.738] [Thread-15/ERROR] [EMI/]: [EMI] Untranslated tag #forge:ingots/seaborgium
[10mai.2026 15:10:00.738] [Thread-15/ERROR] [EMI/]: [EMI] Untranslated tag #forge:ingots/selenium
[10mai.2026 15:10:00.738] [Thread-15/ERROR] [EMI/]: [EMI] Untranslated tag #forge:ingots/silicon
[10mai.2026 15:10:00.738] [Thread-15/ERROR] [EMI/]: [EMI] Untranslated tag #forge:ingots/silicone_rubber
[10mai.2026 15:10:00.738] [Thread-15/ERROR] [EMI/]: [EMI] Untranslated tag #forge:ingots/silver
[10mai.2026 15:10:00.738] [Thread-15/ERROR] [EMI/]: [EMI] Untranslated tag #forge:ingots/soldering_alloy
[10mai.2026 15:10:00.738] [Thread-15/ERROR] [EMI/]: [EMI] Untranslated tag #forge:ingots/stainless_steel
[10mai.2026 15:10:00.738] [Thread-15/ERROR] [EMI/]: [EMI] Untranslated tag #forge:ingots/steel
[10mai.2026 15:10:00.738] [Thread-15/ERROR] [EMI/]: [EMI] Untranslated tag #forge:ingots/stellite_100
[10mai.2026 15:10:00.738] [Thread-15/ERROR] [EMI/]: [EMI] Untranslated tag #forge:ingots/sterling_silver
[10mai.2026 15:10:00.738] [Thread-15/ERROR] [EMI/]: [EMI] Untranslated tag #forge:ingots/strontium
[10mai.2026 15:10:00.738] [Thread-15/ERROR] [EMI/]: [EMI] Untranslated tag #forge:ingots/styrene_butadiene_rubber
[10mai.2026 15:10:00.738] [Thread-15/ERROR] [EMI/]: [EMI] Untranslated tag #forge:ingots/tantalum
[10mai.2026 15:10:00.738] [Thread-15/ERROR] [EMI/]: [EMI] Untranslated tag #forge:ingots/tantalum_carbide
[10mai.2026 15:10:00.738] [Thread-15/ERROR] [EMI/]: [EMI] Untranslated tag #forge:ingots/technetium
[10mai.2026 15:10:00.739] [Thread-15/ERROR] [EMI/]: [EMI] Untranslated tag #forge:ingots/tellurium
[10mai.2026 15:10:00.739] [Thread-15/ERROR] [EMI/]: [EMI] Untranslated tag #forge:ingots/tennessine
[10mai.2026 15:10:00.739] [Thread-15/ERROR] [EMI/]: [EMI] Untranslated tag #forge:ingots/terbium
[10mai.2026 15:10:00.739] [Thread-15/ERROR] [EMI/]: [EMI] Untranslated tag #forge:ingots/thallium
[10mai.2026 15:10:00.739] [Thread-15/ERROR] [EMI/]: [EMI] Untranslated tag #forge:ingots/thorium
[10mai.2026 15:10:00.739] [Thread-15/ERROR] [EMI/]: [EMI] Untranslated tag #forge:ingots/thulium
[10mai.2026 15:10:00.739] [Thread-15/ERROR] [EMI/]: [EMI] Untranslated tag #forge:ingots/tin
[10mai.2026 15:10:00.739] [Thread-15/ERROR] [EMI/]: [EMI] Untranslated tag #forge:ingots/tin_alloy
[10mai.2026 15:10:00.739] [Thread-15/ERROR] [EMI/]: [EMI] Untranslated tag #forge:ingots/titanium
[10mai.2026 15:10:00.739] [Thread-15/ERROR] [EMI/]: [EMI] Untranslated tag #forge:ingots/titanium_carbide
[10mai.2026 15:10:00.739] [Thread-15/ERROR] [EMI/]: [EMI] Untranslated tag #forge:ingots/titanium_tungsten_carbide
[10mai.2026 15:10:00.739] [Thread-15/ERROR] [EMI/]: [EMI] Untranslated tag #forge:ingots/trinium
[10mai.2026 15:10:00.739] [Thread-15/ERROR] [EMI/]: [EMI] Untranslated tag #forge:ingots/tritanium
[10mai.2026 15:10:00.739] [Thread-15/ERROR] [EMI/]: [EMI] Untranslated tag #forge:ingots/tungsten
[10mai.2026 15:10:00.739] [Thread-15/ERROR] [EMI/]: [EMI] Untranslated tag #forge:ingots/tungsten_carbide
[10mai.2026 15:10:00.739] [Thread-15/ERROR] [EMI/]: [EMI] Untranslated tag #forge:ingots/tungsten_steel
[10mai.2026 15:10:00.739] [Thread-15/ERROR] [EMI/]: [EMI] Untranslated tag #forge:ingots/ultimet
[10mai.2026 15:10:00.739] [Thread-15/ERROR] [EMI/]: [EMI] Untranslated tag #forge:ingots/uranium
[10mai.2026 15:10:00.739] [Thread-15/ERROR] [EMI/]: [EMI] Untranslated tag #forge:ingots/uranium_235
[10mai.2026 15:10:00.739] [Thread-15/ERROR] [EMI/]: [EMI] Untranslated tag #forge:ingots/uranium_rhodium_dinaquadide
[10mai.2026 15:10:00.739] [Thread-15/ERROR] [EMI/]: [EMI] Untranslated tag #forge:ingots/uranium_triplatinum
[10mai.2026 15:10:00.739] [Thread-15/ERROR] [EMI/]: [EMI] Untranslated tag #forge:ingots/vanadium
[10mai.2026 15:10:00.739] [Thread-15/ERROR] [EMI/]: [EMI] Untranslated tag #forge:ingots/vanadium_gallium
[10mai.2026 15:10:00.739] [Thread-15/ERROR] [EMI/]: [EMI] Untranslated tag #forge:ingots/vanadium_steel
[10mai.2026 15:10:00.739] [Thread-15/ERROR] [EMI/]: [EMI] Untranslated tag #forge:ingots/watertight_steel
[10mai.2026 15:10:00.739] [Thread-15/ERROR] [EMI/]: [EMI] Untranslated tag #forge:ingots/wax
[10mai.2026 15:10:00.739] [Thread-15/ERROR] [EMI/]: [EMI] Untranslated tag #forge:ingots/wrought_iron
[10mai.2026 15:10:00.739] [Thread-15/ERROR] [EMI/]: [EMI] Untranslated tag #forge:ingots/ytterbium
[10mai.2026 15:10:00.739] [Thread-15/ERROR] [EMI/]: [EMI] Untranslated tag #forge:ingots/yttrium
[10mai.2026 15:10:00.739] [Thread-15/ERROR] [EMI/]: [EMI] Untranslated tag #forge:ingots/yttrium_barium_cuprate
[10mai.2026 15:10:00.739] [Thread-15/ERROR] [EMI/]: [EMI] Untranslated tag #forge:ingots/zeron_100
[10mai.2026 15:10:00.739] [Thread-15/ERROR] [EMI/]: [EMI] Untranslated tag #forge:ingots/zinc
[10mai.2026 15:10:00.739] [Thread-15/ERROR] [EMI/]: [EMI] Untranslated tag #forge:ingots/zirconium
[10mai.2026 15:10:00.739] [Thread-15/ERROR] [EMI/]: [EMI] Untranslated tag #forge:lenses
[10mai.2026 15:10:00.739] [Thread-15/ERROR] [EMI/]: [EMI] Untranslated tag #forge:lenses/amethyst
[10mai.2026 15:10:00.739] [Thread-15/ERROR] [EMI/]: [EMI] Untranslated tag #forge:lenses/black
[10mai.2026 15:10:00.739] [Thread-15/ERROR] [EMI/]: [EMI] Untranslated tag #forge:lenses/blue
[10mai.2026 15:10:00.739] [Thread-15/ERROR] [EMI/]: [EMI] Untranslated tag #forge:lenses/brown
[10mai.2026 15:10:00.739] [Thread-15/ERROR] [EMI/]: [EMI] Untranslated tag #forge:lenses/cyan
[10mai.2026 15:10:00.739] [Thread-15/ERROR] [EMI/]: [EMI] Untranslated tag #forge:lenses/diamond
[10mai.2026 15:10:00.739] [Thread-15/ERROR] [EMI/]: [EMI] Untranslated tag #forge:lenses/emerald
[10mai.2026 15:10:00.739] [Thread-15/ERROR] [EMI/]: [EMI] Untranslated tag #forge:lenses/glass
[10mai.2026 15:10:00.739] [Thread-15/ERROR] [EMI/]: [EMI] Untranslated tag #forge:lenses/gray
[10mai.2026 15:10:00.739] [Thread-15/ERROR] [EMI/]: [EMI] Untranslated tag #forge:lenses/green
[10mai.2026 15:10:00.739] [Thread-15/ERROR] [EMI/]: [EMI] Untranslated tag #forge:lenses/light_blue
[10mai.2026 15:10:00.739] [Thread-15/ERROR] [EMI/]: [EMI] Untranslated tag #forge:lenses/light_gray
[10mai.2026 15:10:00.740] [Thread-15/ERROR] [EMI/]: [EMI] Untranslated tag #forge:lenses/lime
[10mai.2026 15:10:00.740] [Thread-15/ERROR] [EMI/]: [EMI] Untranslated tag #forge:lenses/magenta
[10mai.2026 15:10:00.740] [Thread-15/ERROR] [EMI/]: [EMI] Untranslated tag #forge:lenses/nether_star
[10mai.2026 15:10:00.740] [Thread-15/ERROR] [EMI/]: [EMI] Untranslated tag #forge:lenses/orange
[10mai.2026 15:10:00.740] [Thread-15/ERROR] [EMI/]: [EMI] Untranslated tag #forge:lenses/pink
[10mai.2026 15:10:00.740] [Thread-15/ERROR] [EMI/]: [EMI] Untranslated tag #forge:lenses/purple
[10mai.2026 15:10:00.740] [Thread-15/ERROR] [EMI/]: [EMI] Untranslated tag #forge:lenses/red
[10mai.2026 15:10:00.740] [Thread-15/ERROR] [EMI/]: [EMI] Untranslated tag #forge:lenses/ruby
[10mai.2026 15:10:00.740] [Thread-15/ERROR] [EMI/]: [EMI] Untranslated tag #forge:lenses/sapphire
[10mai.2026 15:10:00.740] [Thread-15/ERROR] [EMI/]: [EMI] Untranslated tag #forge:lenses/white
[10mai.2026 15:10:00.740] [Thread-15/ERROR] [EMI/]: [EMI] Untranslated tag #forge:lenses/yellow
[10mai.2026 15:10:00.740] [Thread-15/ERROR] [EMI/]: [EMI] Untranslated tag #forge:marble
[10mai.2026 15:10:00.740] [Thread-15/ERROR] [EMI/]: [EMI] Untranslated tag #forge:nanites
[10mai.2026 15:10:00.740] [Thread-15/ERROR] [EMI/]: [EMI] Untranslated tag #forge:nanites/dysprosium
[10mai.2026 15:10:00.740] [Thread-15/ERROR] [EMI/]: [EMI] Untranslated tag #forge:nanites/iron
[10mai.2026 15:10:00.740] [Thread-15/ERROR] [EMI/]: [EMI] Untranslated tag #forge:nuggets/actinium
[10mai.2026 15:10:00.740] [Thread-15/ERROR] [EMI/]: [EMI] Untranslated tag #forge:nuggets/aluminium
[10mai.2026 15:10:00.740] [Thread-15/ERROR] [EMI/]: [EMI] Untranslated tag #forge:nuggets/americium
[10mai.2026 15:10:00.740] [Thread-15/ERROR] [EMI/]: [EMI] Untranslated tag #forge:nuggets/annealed_copper
[10mai.2026 15:10:00.740] [Thread-15/ERROR] [EMI/]: [EMI] Untranslated tag #forge:nuggets/antimony
[10mai.2026 15:10:00.740] [Thread-15/ERROR] [EMI/]: [EMI] Untranslated tag #forge:nuggets/battery_alloy
[10mai.2026 15:10:00.740] [Thread-15/ERROR] [EMI/]: [EMI] Untranslated tag #forge:nuggets/berkelium
[10mai.2026 15:10:00.740] [Thread-15/ERROR] [EMI/]: [EMI] Untranslated tag #forge:nuggets/beryllium
[10mai.2026 15:10:00.740] [Thread-15/ERROR] [EMI/]: [EMI] Untranslated tag #forge:nuggets/bismuth
[10mai.2026 15:10:00.740] [Thread-15/ERROR] [EMI/]: [EMI] Untranslated tag #forge:nuggets/bismuth_bronze
[10mai.2026 15:10:00.740] [Thread-15/ERROR] [EMI/]: [EMI] Untranslated tag #forge:nuggets/black_bronze
[10mai.2026 15:10:00.740] [Thread-15/ERROR] [EMI/]: [EMI] Untranslated tag #forge:nuggets/black_steel
[10mai.2026 15:10:00.740] [Thread-15/ERROR] [EMI/]: [EMI] Untranslated tag #forge:nuggets/blue_alloy
[10mai.2026 15:10:00.740] [Thread-15/ERROR] [EMI/]: [EMI] Untranslated tag #forge:nuggets/blue_steel
[10mai.2026 15:10:00.740] [Thread-15/ERROR] [EMI/]: [EMI] Untranslated tag #forge:nuggets/bohrium
[10mai.2026 15:10:00.740] [Thread-15/ERROR] [EMI/]: [EMI] Untranslated tag #forge:nuggets/borosilicate_glass
[10mai.2026 15:10:00.740] [Thread-15/ERROR] [EMI/]: [EMI] Untranslated tag #forge:nuggets/brass
[10mai.2026 15:10:00.740] [Thread-15/ERROR] [EMI/]: [EMI] Untranslated tag #forge:nuggets/bronze
[10mai.2026 15:10:00.740] [Thread-15/ERROR] [EMI/]: [EMI] Untranslated tag #forge:nuggets/californium
[10mai.2026 15:10:00.740] [Thread-15/ERROR] [EMI/]: [EMI] Untranslated tag #forge:nuggets/chromium
[10mai.2026 15:10:00.740] [Thread-15/ERROR] [EMI/]: [EMI] Untranslated tag #forge:nuggets/cobalt
[10mai.2026 15:10:00.740] [Thread-15/ERROR] [EMI/]: [EMI] Untranslated tag #forge:nuggets/cobalt_brass
[10mai.2026 15:10:00.740] [Thread-15/ERROR] [EMI/]: [EMI] Untranslated tag #forge:nuggets/copernicium
[10mai.2026 15:10:00.740] [Thread-15/ERROR] [EMI/]: [EMI] Untranslated tag #forge:nuggets/cupronickel
[10mai.2026 15:10:00.740] [Thread-15/ERROR] [EMI/]: [EMI] Untranslated tag #forge:nuggets/curium
[10mai.2026 15:10:00.740] [Thread-15/ERROR] [EMI/]: [EMI] Untranslated tag #forge:nuggets/damascus_steel
[10mai.2026 15:10:00.740] [Thread-15/ERROR] [EMI/]: [EMI] Untranslated tag #forge:nuggets/darmstadtium
[10mai.2026 15:10:00.740] [Thread-15/ERROR] [EMI/]: [EMI] Untranslated tag #forge:nuggets/dubnium
[10mai.2026 15:10:00.740] [Thread-15/ERROR] [EMI/]: [EMI] Untranslated tag #forge:nuggets/duranium
[10mai.2026 15:10:00.740] [Thread-15/ERROR] [EMI/]: [EMI] Untranslated tag #forge:nuggets/dysprosium
[10mai.2026 15:10:00.740] [Thread-15/ERROR] [EMI/]: [EMI] Untranslated tag #forge:nuggets/einsteinium
[10mai.2026 15:10:00.741] [Thread-15/ERROR] [EMI/]: [EMI] Untranslated tag #forge:nuggets/electrum
[10mai.2026 15:10:00.741] [Thread-15/ERROR] [EMI/]: [EMI] Untranslated tag #forge:nuggets/enriched_naquadah
[10mai.2026 15:10:00.741] [Thread-15/ERROR] [EMI/]: [EMI] Untranslated tag #forge:nuggets/enriched_naquadah_trinium_europium_duranide
[10mai.2026 15:10:00.741] [Thread-15/ERROR] [EMI/]: [EMI] Untranslated tag #forge:nuggets/epoxy
[10mai.2026 15:10:00.741] [Thread-15/ERROR] [EMI/]: [EMI] Untranslated tag #forge:nuggets/erbium
[10mai.2026 15:10:00.741] [Thread-15/ERROR] [EMI/]: [EMI] Untranslated tag #forge:nuggets/europium
[10mai.2026 15:10:00.741] [Thread-15/ERROR] [EMI/]: [EMI] Untranslated tag #forge:nuggets/fermium
[10mai.2026 15:10:00.741] [Thread-15/ERROR] [EMI/]: [EMI] Untranslated tag #forge:nuggets/flerovium
[10mai.2026 15:10:00.741] [Thread-15/ERROR] [EMI/]: [EMI] Untranslated tag #forge:nuggets/gadolinium
[10mai.2026 15:10:00.741] [Thread-15/ERROR] [EMI/]: [EMI] Untranslated tag #forge:nuggets/gallium
[10mai.2026 15:10:00.741] [Thread-15/ERROR] [EMI/]: [EMI] Untranslated tag #forge:nuggets/gallium_arsenide
[10mai.2026 15:10:00.741] [Thread-15/ERROR] [EMI/]: [EMI] Untranslated tag #forge:nuggets/germanium
[10mai.2026 15:10:00.741] [Thread-15/ERROR] [EMI/]: [EMI] Untranslated tag #forge:nuggets/graphene
[10mai.2026 15:10:00.741] [Thread-15/ERROR] [EMI/]: [EMI] Untranslated tag #forge:nuggets/hafnium
[10mai.2026 15:10:00.741] [Thread-15/ERROR] [EMI/]: [EMI] Untranslated tag #forge:nuggets/hassium
[10mai.2026 15:10:00.741] [Thread-15/ERROR] [EMI/]: [EMI] Untranslated tag #forge:nuggets/hastelloy_c_276
[10mai.2026 15:10:00.741] [Thread-15/ERROR] [EMI/]: [EMI] Untranslated tag #forge:nuggets/hastelloy_x
[10mai.2026 15:10:00.741] [Thread-15/ERROR] [EMI/]: [EMI] Untranslated tag #forge:nuggets/holmium
[10mai.2026 15:10:00.741] [Thread-15/ERROR] [EMI/]: [EMI] Untranslated tag #forge:nuggets/hsla_steel
[10mai.2026 15:10:00.741] [Thread-15/ERROR] [EMI/]: [EMI] Untranslated tag #forge:nuggets/hsse
[10mai.2026 15:10:00.741] [Thread-15/ERROR] [EMI/]: [EMI] Untranslated tag #forge:nuggets/hssg
[10mai.2026 15:10:00.741] [Thread-15/ERROR] [EMI/]: [EMI] Untranslated tag #forge:nuggets/hsss
[10mai.2026 15:10:00.741] [Thread-15/ERROR] [EMI/]: [EMI] Untranslated tag #forge:nuggets/incoloy_ma_956
[10mai.2026 15:10:00.741] [Thread-15/ERROR] [EMI/]: [EMI] Untranslated tag #forge:nuggets/indium
[10mai.2026 15:10:00.741] [Thread-15/ERROR] [EMI/]: [EMI] Untranslated tag #forge:nuggets/indium_gallium_phosphide
[10mai.2026 15:10:00.741] [Thread-15/ERROR] [EMI/]: [EMI] Untranslated tag #forge:nuggets/indium_tin_barium_titanium_cuprate
[10mai.2026 15:10:00.741] [Thread-15/ERROR] [EMI/]: [EMI] Untranslated tag #forge:nuggets/invar
[10mai.2026 15:10:00.741] [Thread-15/ERROR] [EMI/]: [EMI] Untranslated tag #forge:nuggets/iridium
[10mai.2026 15:10:00.741] [Thread-15/ERROR] [EMI/]: [EMI] Untranslated tag #forge:nuggets/kanthal
[10mai.2026 15:10:00.741] [Thread-15/ERROR] [EMI/]: [EMI] Untranslated tag #forge:nuggets/lawrencium
[10mai.2026 15:10:00.741] [Thread-15/ERROR] [EMI/]: [EMI] Untranslated tag #forge:nuggets/lead
[10mai.2026 15:10:00.741] [Thread-15/ERROR] [EMI/]: [EMI] Untranslated tag #forge:nuggets/livermorium
[10mai.2026 15:10:00.741] [Thread-15/ERROR] [EMI/]: [EMI] Untranslated tag #forge:nuggets/magnalium
[10mai.2026 15:10:00.741] [Thread-15/ERROR] [EMI/]: [EMI] Untranslated tag #forge:nuggets/magnesium_diboride
[10mai.2026 15:10:00.741] [Thread-15/ERROR] [EMI/]: [EMI] Untranslated tag #forge:nuggets/magnetic_iron
[10mai.2026 15:10:00.741] [Thread-15/ERROR] [EMI/]: [EMI] Untranslated tag #forge:nuggets/magnetic_neodymium
[10mai.2026 15:10:00.741] [Thread-15/ERROR] [EMI/]: [EMI] Untranslated tag #forge:nuggets/magnetic_samarium
[10mai.2026 15:10:00.741] [Thread-15/ERROR] [EMI/]: [EMI] Untranslated tag #forge:nuggets/magnetic_steel
[10mai.2026 15:10:00.741] [Thread-15/ERROR] [EMI/]: [EMI] Untranslated tag #forge:nuggets/manganese
[10mai.2026 15:10:00.741] [Thread-15/ERROR] [EMI/]: [EMI] Untranslated tag #forge:nuggets/manganese_phosphide
[10mai.2026 15:10:00.741] [Thread-15/ERROR] [EMI/]: [EMI] Untranslated tag #forge:nuggets/maraging_steel_300
[10mai.2026 15:10:00.741] [Thread-15/ERROR] [EMI/]: [EMI] Untranslated tag #forge:nuggets/meitnerium
[10mai.2026 15:10:00.741] [Thread-15/ERROR] [EMI/]: [EMI] Untranslated tag #forge:nuggets/mendelevium
[10mai.2026 15:10:00.741] [Thread-15/ERROR] [EMI/]: [EMI] Untranslated tag #forge:nuggets/mercury_barium_calcium_cuprate
[10mai.2026 15:10:00.741] [Thread-15/ERROR] [EMI/]: [EMI] Untranslated tag #forge:nuggets/molybdenum
[10mai.2026 15:10:00.741] [Thread-15/ERROR] [EMI/]: [EMI] Untranslated tag #forge:nuggets/molybdenum_disilicide
[10mai.2026 15:10:00.741] [Thread-15/ERROR] [EMI/]: [EMI] Untranslated tag #forge:nuggets/moscovium
[10mai.2026 15:10:00.742] [Thread-15/ERROR] [EMI/]: [EMI] Untranslated tag #forge:nuggets/naquadah
[10mai.2026 15:10:00.742] [Thread-15/ERROR] [EMI/]: [EMI] Untranslated tag #forge:nuggets/naquadah_alloy
[10mai.2026 15:10:00.742] [Thread-15/ERROR] [EMI/]: [EMI] Untranslated tag #forge:nuggets/naquadria
[10mai.2026 15:10:00.742] [Thread-15/ERROR] [EMI/]: [EMI] Untranslated tag #forge:nuggets/neodymium
[10mai.2026 15:10:00.742] [Thread-15/ERROR] [EMI/]: [EMI] Untranslated tag #forge:nuggets/neptunium
[10mai.2026 15:10:00.742] [Thread-15/ERROR] [EMI/]: [EMI] Untranslated tag #forge:nuggets/netherite
[10mai.2026 15:10:00.742] [Thread-15/ERROR] [EMI/]: [EMI] Untranslated tag #forge:nuggets/neutronium
[10mai.2026 15:10:00.742] [Thread-15/ERROR] [EMI/]: [EMI] Untranslated tag #forge:nuggets/nichrome
[10mai.2026 15:10:00.742] [Thread-15/ERROR] [EMI/]: [EMI] Untranslated tag #forge:nuggets/nickel
[10mai.2026 15:10:00.742] [Thread-15/ERROR] [EMI/]: [EMI] Untranslated tag #forge:nuggets/nickel_zinc_ferrite
[10mai.2026 15:10:00.742] [Thread-15/ERROR] [EMI/]: [EMI] Untranslated tag #forge:nuggets/nihonium
[10mai.2026 15:10:00.742] [Thread-15/ERROR] [EMI/]: [EMI] Untranslated tag #forge:nuggets/niobium
[10mai.2026 15:10:00.742] [Thread-15/ERROR] [EMI/]: [EMI] Untranslated tag #forge:nuggets/niobium_nitride
[10mai.2026 15:10:00.742] [Thread-15/ERROR] [EMI/]: [EMI] Untranslated tag #forge:nuggets/niobium_titanium
[10mai.2026 15:10:00.742] [Thread-15/ERROR] [EMI/]: [EMI] Untranslated tag #forge:nuggets/nobelium
[10mai.2026 15:10:00.742] [Thread-15/ERROR] [EMI/]: [EMI] Untranslated tag #forge:nuggets/osmiridium
[10mai.2026 15:10:00.742] [Thread-15/ERROR] [EMI/]: [EMI] Untranslated tag #forge:nuggets/osmium
[10mai.2026 15:10:00.742] [Thread-15/ERROR] [EMI/]: [EMI] Untranslated tag #forge:nuggets/palladium
[10mai.2026 15:10:00.742] [Thread-15/ERROR] [EMI/]: [EMI] Untranslated tag #forge:nuggets/platinum
[10mai.2026 15:10:00.742] [Thread-15/ERROR] [EMI/]: [EMI] Untranslated tag #forge:nuggets/plutonium
[10mai.2026 15:10:00.742] [Thread-15/ERROR] [EMI/]: [EMI] Untranslated tag #forge:nuggets/plutonium_241
[10mai.2026 15:10:00.742] [Thread-15/ERROR] [EMI/]: [EMI] Untranslated tag #forge:nuggets/polonium
[10mai.2026 15:10:00.742] [Thread-15/ERROR] [EMI/]: [EMI] Untranslated tag #forge:nuggets/polybenzimidazole
[10mai.2026 15:10:00.742] [Thread-15/ERROR] [EMI/]: [EMI] Untranslated tag #forge:nuggets/polycaprolactam
[10mai.2026 15:10:00.742] [Thread-15/ERROR] [EMI/]: [EMI] Untranslated tag #forge:nuggets/polyethylene
[10mai.2026 15:10:00.742] [Thread-15/ERROR] [EMI/]: [EMI] Untranslated tag #forge:nuggets/polyphenylene_sulfide
[10mai.2026 15:10:00.742] [Thread-15/ERROR] [EMI/]: [EMI] Untranslated tag #forge:nuggets/polytetrafluoroethylene
[10mai.2026 15:10:00.742] [Thread-15/ERROR] [EMI/]: [EMI] Untranslated tag #forge:nuggets/polyvinyl_butyral
[10mai.2026 15:10:00.742] [Thread-15/ERROR] [EMI/]: [EMI] Untranslated tag #forge:nuggets/polyvinyl_chloride
[10mai.2026 15:10:00.742] [Thread-15/ERROR] [EMI/]: [EMI] Untranslated tag #forge:nuggets/potin
[10mai.2026 15:10:00.742] [Thread-15/ERROR] [EMI/]: [EMI] Untranslated tag #forge:nuggets/praseodymium
[10mai.2026 15:10:00.742] [Thread-15/ERROR] [EMI/]: [EMI] Untranslated tag #forge:nuggets/promethium
[10mai.2026 15:10:00.742] [Thread-15/ERROR] [EMI/]: [EMI] Untranslated tag #forge:nuggets/protactinium
[10mai.2026 15:10:00.742] [Thread-15/ERROR] [EMI/]: [EMI] Untranslated tag #forge:nuggets/quantum_coolant
[10mai.2026 15:10:00.742] [Thread-15/ERROR] [EMI/]: [EMI] Untranslated tag #forge:nuggets/radium
[10mai.2026 15:10:00.742] [Thread-15/ERROR] [EMI/]: [EMI] Untranslated tag #forge:nuggets/raw_rubber
[10mai.2026 15:10:00.742] [Thread-15/ERROR] [EMI/]: [EMI] Untranslated tag #forge:nuggets/red_alloy
[10mai.2026 15:10:00.742] [Thread-15/ERROR] [EMI/]: [EMI] Untranslated tag #forge:nuggets/red_steel
[10mai.2026 15:10:00.742] [Thread-15/ERROR] [EMI/]: [EMI] Untranslated tag #forge:nuggets/reinforced_epoxy_resin
[10mai.2026 15:10:00.742] [Thread-15/ERROR] [EMI/]: [EMI] Untranslated tag #forge:nuggets/rhenium
[10mai.2026 15:10:00.742] [Thread-15/ERROR] [EMI/]: [EMI] Untranslated tag #forge:nuggets/rhodium
[10mai.2026 15:10:00.742] [Thread-15/ERROR] [EMI/]: [EMI] Untranslated tag #forge:nuggets/rhodium_plated_palladium
[10mai.2026 15:10:00.742] [Thread-15/ERROR] [EMI/]: [EMI] Untranslated tag #forge:nuggets/roentgenium
[10mai.2026 15:10:00.742] [Thread-15/ERROR] [EMI/]: [EMI] Untranslated tag #forge:nuggets/rose_gold
[10mai.2026 15:10:00.742] [Thread-15/ERROR] [EMI/]: [EMI] Untranslated tag #forge:nuggets/rtm_alloy
[10mai.2026 15:10:00.742] [Thread-15/ERROR] [EMI/]: [EMI] Untranslated tag #forge:nuggets/rubber
[10mai.2026 15:10:00.742] [Thread-15/ERROR] [EMI/]: [EMI] Untranslated tag #forge:nuggets/rubidium
[10mai.2026 15:10:00.742] [Thread-15/ERROR] [EMI/]: [EMI] Untranslated tag #forge:nuggets/ruridit
[10mai.2026 15:10:00.742] [Thread-15/ERROR] [EMI/]: [EMI] Untranslated tag #forge:nuggets/ruthenium
[10mai.2026 15:10:00.742] [Thread-15/ERROR] [EMI/]: [EMI] Untranslated tag #forge:nuggets/ruthenium_trinium_americium_neutronate
[10mai.2026 15:10:00.742] [Thread-15/ERROR] [EMI/]: [EMI] Untranslated tag #forge:nuggets/rutherfordium
[10mai.2026 15:10:00.742] [Thread-15/ERROR] [EMI/]: [EMI] Untranslated tag #forge:nuggets/samarium
[10mai.2026 15:10:00.742] [Thread-15/ERROR] [EMI/]: [EMI] Untranslated tag #forge:nuggets/samarium_iron_arsenic_oxide
[10mai.2026 15:10:00.742] [Thread-15/ERROR] [EMI/]: [EMI] Untranslated tag #forge:nuggets/scandium
[10mai.2026 15:10:00.742] [Thread-15/ERROR] [EMI/]: [EMI] Untranslated tag #forge:nuggets/seaborgium
[10mai.2026 15:10:00.744] [Thread-15/ERROR] [EMI/]: [EMI] Untranslated tag #forge:nuggets/selenium
[10mai.2026 15:10:00.744] [Thread-15/ERROR] [EMI/]: [EMI] Untranslated tag #forge:nuggets/silicon
[10mai.2026 15:10:00.744] [Thread-15/ERROR] [EMI/]: [EMI] Untranslated tag #forge:nuggets/silicone_rubber
[10mai.2026 15:10:00.744] [Thread-15/ERROR] [EMI/]: [EMI] Untranslated tag #forge:nuggets/silver
[10mai.2026 15:10:00.744] [Thread-15/ERROR] [EMI/]: [EMI] Untranslated tag #forge:nuggets/soldering_alloy
[10mai.2026 15:10:00.744] [Thread-15/ERROR] [EMI/]: [EMI] Untranslated tag #forge:nuggets/stainless_steel
[10mai.2026 15:10:00.744] [Thread-15/ERROR] [EMI/]: [EMI] Untranslated tag #forge:nuggets/steel
[10mai.2026 15:10:00.744] [Thread-15/ERROR] [EMI/]: [EMI] Untranslated tag #forge:nuggets/stellite_100
[10mai.2026 15:10:00.744] [Thread-15/ERROR] [EMI/]: [EMI] Untranslated tag #forge:nuggets/sterling_silver
[10mai.2026 15:10:00.744] [Thread-15/ERROR] [EMI/]: [EMI] Untranslated tag #forge:nuggets/strontium
[10mai.2026 15:10:00.744] [Thread-15/ERROR] [EMI/]: [EMI] Untranslated tag #forge:nuggets/styrene_butadiene_rubber
[10mai.2026 15:10:00.744] [Thread-15/ERROR] [EMI/]: [EMI] Untranslated tag #forge:nuggets/tantalum
[10mai.2026 15:10:00.744] [Thread-15/ERROR] [EMI/]: [EMI] Untranslated tag #forge:nuggets/tantalum_carbide
[10mai.2026 15:10:00.744] [Thread-15/ERROR] [EMI/]: [EMI] Untranslated tag #forge:nuggets/technetium
[10mai.2026 15:10:00.744] [Thread-15/ERROR] [EMI/]: [EMI] Untranslated tag #forge:nuggets/tellurium
[10mai.2026 15:10:00.744] [Thread-15/ERROR] [EMI/]: [EMI] Untranslated tag #forge:nuggets/tennessine
[10mai.2026 15:10:00.744] [Thread-15/ERROR] [EMI/]: [EMI] Untranslated tag #forge:nuggets/terbium
[10mai.2026 15:10:00.744] [Thread-15/ERROR] [EMI/]: [EMI] Untranslated tag #forge:nuggets/thallium
[10mai.2026 15:10:00.744] [Thread-15/ERROR] [EMI/]: [EMI] Untranslated tag #forge:nuggets/thorium
[10mai.2026 15:10:00.744] [Thread-15/ERROR] [EMI/]: [EMI] Untranslated tag #forge:nuggets/thulium
[10mai.2026 15:10:00.744] [Thread-15/ERROR] [EMI/]: [EMI] Untranslated tag #forge:nuggets/tin
[10mai.2026 15:10:00.744] [Thread-15/ERROR] [EMI/]: [EMI] Untranslated tag #forge:nuggets/tin_alloy
[10mai.2026 15:10:00.744] [Thread-15/ERROR] [EMI/]: [EMI] Untranslated tag #forge:nuggets/titanium
[10mai.2026 15:10:00.744] [Thread-15/ERROR] [EMI/]: [EMI] Untranslated tag #forge:nuggets/titanium_carbide
[10mai.2026 15:10:00.744] [Thread-15/ERROR] [EMI/]: [EMI] Untranslated tag #forge:nuggets/titanium_tungsten_carbide
[10mai.2026 15:10:00.744] [Thread-15/ERROR] [EMI/]: [EMI] Untranslated tag #forge:nuggets/trinium
[10mai.2026 15:10:00.744] [Thread-15/ERROR] [EMI/]: [EMI] Untranslated tag #forge:nuggets/tritanium
[10mai.2026 15:10:00.744] [Thread-15/ERROR] [EMI/]: [EMI] Untranslated tag #forge:nuggets/tungsten
[10mai.2026 15:10:00.744] [Thread-15/ERROR] [EMI/]: [EMI] Untranslated tag #forge:nuggets/tungsten_carbide
[10mai.2026 15:10:00.744] [Thread-15/ERROR] [EMI/]: [EMI] Untranslated tag #forge:nuggets/tungsten_steel
[10mai.2026 15:10:00.744] [Thread-15/ERROR] [EMI/]: [EMI] Untranslated tag #forge:nuggets/ultimet
[10mai.2026 15:10:00.744] [Thread-15/ERROR] [EMI/]: [EMI] Untranslated tag #forge:nuggets/uranium
[10mai.2026 15:10:00.744] [Thread-15/ERROR] [EMI/]: [EMI] Untranslated tag #forge:nuggets/uranium_235
[10mai.2026 15:10:00.744] [Thread-15/ERROR] [EMI/]: [EMI] Untranslated tag #forge:nuggets/uranium_rhodium_dinaquadide
[10mai.2026 15:10:00.744] [Thread-15/ERROR] [EMI/]: [EMI] Untranslated tag #forge:nuggets/uranium_triplatinum
[10mai.2026 15:10:00.744] [Thread-15/ERROR] [EMI/]: [EMI] Untranslated tag #forge:nuggets/vanadium
[10mai.2026 15:10:00.744] [Thread-15/ERROR] [EMI/]: [EMI] Untranslated tag #forge:nuggets/vanadium_gallium
[10mai.2026 15:10:00.744] [Thread-15/ERROR] [EMI/]: [EMI] Untranslated tag #forge:nuggets/vanadium_steel
[10mai.2026 15:10:00.744] [Thread-15/ERROR] [EMI/]: [EMI] Untranslated tag #forge:nuggets/watertight_steel
[10mai.2026 15:10:00.744] [Thread-15/ERROR] [EMI/]: [EMI] Untranslated tag #forge:nuggets/wax
[10mai.2026 15:10:00.744] [Thread-15/ERROR] [EMI/]: [EMI] Untranslated tag #forge:nuggets/wrought_iron
[10mai.2026 15:10:00.744] [Thread-15/ERROR] [EMI/]: [EMI] Untranslated tag #forge:nuggets/ytterbium
[10mai.2026 15:10:00.744] [Thread-15/ERROR] [EMI/]: [EMI] Untranslated tag #forge:nuggets/yttrium
[10mai.2026 15:10:00.744] [Thread-15/ERROR] [EMI/]: [EMI] Untranslated tag #forge:nuggets/yttrium_barium_cuprate
[10mai.2026 15:10:00.744] [Thread-15/ERROR] [EMI/]: [EMI] Untranslated tag #forge:nuggets/zeron_100
[10mai.2026 15:10:00.745] [Thread-15/ERROR] [EMI/]: [EMI] Untranslated tag #forge:nuggets/zinc
[10mai.2026 15:10:00.745] [Thread-15/ERROR] [EMI/]: [EMI] Untranslated tag #forge:nuggets/zirconium
[10mai.2026 15:10:00.745] [Thread-15/ERROR] [EMI/]: [EMI] Untranslated tag #forge:ores/almandine
[10mai.2026 15:10:00.745] [Thread-15/ERROR] [EMI/]: [EMI] Untranslated tag #forge:ores/aluminium
[10mai.2026 15:10:00.745] [Thread-15/ERROR] [EMI/]: [EMI] Untranslated tag #forge:ores/alunite
[10mai.2026 15:10:00.745] [Thread-15/ERROR] [EMI/]: [EMI] Untranslated tag #forge:ores/amethyst
[10mai.2026 15:10:00.745] [Thread-15/ERROR] [EMI/]: [EMI] Untranslated tag #forge:ores/apatite
[10mai.2026 15:10:00.745] [Thread-15/ERROR] [EMI/]: [EMI] Untranslated tag #forge:ores/asbestos
[10mai.2026 15:10:00.745] [Thread-15/ERROR] [EMI/]: [EMI] Untranslated tag #forge:ores/barite
[10mai.2026 15:10:00.745] [Thread-15/ERROR] [EMI/]: [EMI] Untranslated tag #forge:ores/basaltic_mineral_sand
[10mai.2026 15:10:00.745] [Thread-15/ERROR] [EMI/]: [EMI] Untranslated tag #forge:ores/bastnasite
[10mai.2026 15:10:00.745] [Thread-15/ERROR] [EMI/]: [EMI] Untranslated tag #forge:ores/bauxite
[10mai.2026 15:10:00.745] [Thread-15/ERROR] [EMI/]: [EMI] Untranslated tag #forge:ores/bentonite
[10mai.2026 15:10:00.745] [Thread-15/ERROR] [EMI/]: [EMI] Untranslated tag #forge:ores/beryllium
[10mai.2026 15:10:00.745] [Thread-15/ERROR] [EMI/]: [EMI] Untranslated tag #forge:ores/blue_topaz
[10mai.2026 15:10:00.745] [Thread-15/ERROR] [EMI/]: [EMI] Untranslated tag #forge:ores/bornite
[10mai.2026 15:10:00.745] [Thread-15/ERROR] [EMI/]: [EMI] Untranslated tag #forge:ores/calcite
[10mai.2026 15:10:00.745] [Thread-15/ERROR] [EMI/]: [EMI] Untranslated tag #forge:ores/cassiterite
[10mai.2026 15:10:00.745] [Thread-15/ERROR] [EMI/]: [EMI] Untranslated tag #forge:ores/cassiterite_sand
[10mai.2026 15:10:00.745] [Thread-15/ERROR] [EMI/]: [EMI] Untranslated tag #forge:ores/certus_quartz
[10mai.2026 15:10:00.745] [Thread-15/ERROR] [EMI/]: [EMI] Untranslated tag #forge:ores/chalcocite
[10mai.2026 15:10:00.745] [Thread-15/ERROR] [EMI/]: [EMI] Untranslated tag #forge:ores/chalcopyrite
[10mai.2026 15:10:00.745] [Thread-15/ERROR] [EMI/]: [EMI] Untranslated tag #forge:ores/chromite
[10mai.2026 15:10:00.745] [Thread-15/ERROR] [EMI/]: [EMI] Untranslated tag #forge:ores/cinnabar
[10mai.2026 15:10:00.745] [Thread-15/ERROR] [EMI/]: [EMI] Untranslated tag #forge:ores/cobalt
[10mai.2026 15:10:00.745] [Thread-15/ERROR] [EMI/]: [EMI] Untranslated tag #forge:ores/cobaltite
[10mai.2026 15:10:00.745] [Thread-15/ERROR] [EMI/]: [EMI] Untranslated tag #forge:ores/cooperite
[10mai.2026 15:10:00.745] [Thread-15/ERROR] [EMI/]: [EMI] Untranslated tag #forge:ores/diatomite
[10mai.2026 15:10:00.745] [Thread-15/ERROR] [EMI/]: [EMI] Untranslated tag #forge:ores/electrotine
[10mai.2026 15:10:00.745] [Thread-15/ERROR] [EMI/]: [EMI] Untranslated tag #forge:ores/fullers_earth
[10mai.2026 15:10:00.745] [Thread-15/ERROR] [EMI/]: [EMI] Untranslated tag #forge:ores/galena
[10mai.2026 15:10:00.745] [Thread-15/ERROR] [EMI/]: [EMI] Untranslated tag #forge:ores/garnet_sand
[10mai.2026 15:10:00.745] [Thread-15/ERROR] [EMI/]: [EMI] Untranslated tag #forge:ores/garnierite
[10mai.2026 15:10:00.745] [Thread-15/ERROR] [EMI/]: [EMI] Untranslated tag #forge:ores/glauconite_sand
[10mai.2026 15:10:00.745] [Thread-15/ERROR] [EMI/]: [EMI] Untranslated tag #forge:ores/goethite
[10mai.2026 15:10:00.745] [Thread-15/ERROR] [EMI/]: [EMI] Untranslated tag #forge:ores/granitic_mineral_sand
[10mai.2026 15:10:00.745] [Thread-15/ERROR] [EMI/]: [EMI] Untranslated tag #forge:ores/graphite
[10mai.2026 15:10:00.745] [Thread-15/ERROR] [EMI/]: [EMI] Untranslated tag #forge:ores/green_sapphire
[10mai.2026 15:10:00.745] [Thread-15/ERROR] [EMI/]: [EMI] Untranslated tag #forge:ores/grossular
[10mai.2026 15:10:00.745] [Thread-15/ERROR] [EMI/]: [EMI] Untranslated tag #forge:ores/gypsum
[10mai.2026 15:10:00.745] [Thread-15/ERROR] [EMI/]: [EMI] Untranslated tag #forge:ores/hematite
[10mai.2026 15:10:00.745] [Thread-15/ERROR] [EMI/]: [EMI] Untranslated tag #forge:ores/ilmenite
[10mai.2026 15:10:00.745] [Thread-15/ERROR] [EMI/]: [EMI] Untranslated tag #forge:ores/kyanite
[10mai.2026 15:10:00.745] [Thread-15/ERROR] [EMI/]: [EMI] Untranslated tag #forge:ores/lazurite
[10mai.2026 15:10:00.745] [Thread-15/ERROR] [EMI/]: [EMI] Untranslated tag #forge:ores/lead
[10mai.2026 15:10:00.746] [Thread-15/ERROR] [EMI/]: [EMI] Untranslated tag #forge:ores/lepidolite
[10mai.2026 15:10:00.746] [Thread-15/ERROR] [EMI/]: [EMI] Untranslated tag #forge:ores/lithium
[10mai.2026 15:10:00.746] [Thread-15/ERROR] [EMI/]: [EMI] Untranslated tag #forge:ores/magnesite
[10mai.2026 15:10:00.746] [Thread-15/ERROR] [EMI/]: [EMI] Untranslated tag #forge:ores/magnetite
[10mai.2026 15:10:00.746] [Thread-15/ERROR] [EMI/]: [EMI] Untranslated tag #forge:ores/malachite
[10mai.2026 15:10:00.746] [Thread-15/ERROR] [EMI/]: [EMI] Untranslated tag #forge:ores/mica
[10mai.2026 15:10:00.746] [Thread-15/ERROR] [EMI/]: [EMI] Untranslated tag #forge:ores/molybdenite
[10mai.2026 15:10:00.746] [Thread-15/ERROR] [EMI/]: [EMI] Untranslated tag #forge:ores/molybdenum
[10mai.2026 15:10:00.746] [Thread-15/ERROR] [EMI/]: [EMI] Untranslated tag #forge:ores/monazite
[10mai.2026 15:10:00.746] [Thread-15/ERROR] [EMI/]: [EMI] Untranslated tag #forge:ores/naquadah
[10mai.2026 15:10:00.746] [Thread-15/ERROR] [EMI/]: [EMI] Untranslated tag #forge:ores/neodymium
[10mai.2026 15:10:00.746] [Thread-15/ERROR] [EMI/]: [EMI] Untranslated tag #forge:ores/nether_quartz
[10mai.2026 15:10:00.746] [Thread-15/ERROR] [EMI/]: [EMI] Untranslated tag #forge:ores/nickel
[10mai.2026 15:10:00.746] [Thread-15/ERROR] [EMI/]: [EMI] Untranslated tag #forge:ores/oilsands
[10mai.2026 15:10:00.746] [Thread-15/ERROR] [EMI/]: [EMI] Untranslated tag #forge:ores/olivine
[10mai.2026 15:10:00.746] [Thread-15/ERROR] [EMI/]: [EMI] Untranslated tag #forge:ores/opal
[10mai.2026 15:10:00.746] [Thread-15/ERROR] [EMI/]: [EMI] Untranslated tag #forge:ores/palladium
[10mai.2026 15:10:00.746] [Thread-15/ERROR] [EMI/]: [EMI] Untranslated tag #forge:ores/pentlandite
[10mai.2026 15:10:00.746] [Thread-15/ERROR] [EMI/]: [EMI] Untranslated tag #forge:ores/pitchblende
[10mai.2026 15:10:00.746] [Thread-15/ERROR] [EMI/]: [EMI] Untranslated tag #forge:ores/platinum
[10mai.2026 15:10:00.746] [Thread-15/ERROR] [EMI/]: [EMI] Untranslated tag #forge:ores/plutonium
[10mai.2026 15:10:00.746] [Thread-15/ERROR] [EMI/]: [EMI] Untranslated tag #forge:ores/pollucite
[10mai.2026 15:10:00.746] [Thread-15/ERROR] [EMI/]: [EMI] Untranslated tag #forge:ores/powellite
[10mai.2026 15:10:00.746] [Thread-15/ERROR] [EMI/]: [EMI] Untranslated tag #forge:ores/pyrite
[10mai.2026 15:10:00.746] [Thread-15/ERROR] [EMI/]: [EMI] Untranslated tag #forge:ores/pyrochlore
[10mai.2026 15:10:00.746] [Thread-15/ERROR] [EMI/]: [EMI] Untranslated tag #forge:ores/pyrolusite
[10mai.2026 15:10:00.746] [Thread-15/ERROR] [EMI/]: [EMI] Untranslated tag #forge:ores/pyrope
[10mai.2026 15:10:00.746] [Thread-15/ERROR] [EMI/]: [EMI] Untranslated tag #forge:ores/quartzite
[10mai.2026 15:10:00.746] [Thread-15/ERROR] [EMI/]: [EMI] Untranslated tag #forge:ores/realgar
[10mai.2026 15:10:00.746] [Thread-15/ERROR] [EMI/]: [EMI] Untranslated tag #forge:ores/red_garnet
[10mai.2026 15:10:00.746] [Thread-15/ERROR] [EMI/]: [EMI] Untranslated tag #forge:ores/rock_salt
[10mai.2026 15:10:00.746] [Thread-15/ERROR] [EMI/]: [EMI] Untranslated tag #forge:ores/ruby
[10mai.2026 15:10:00.746] [Thread-15/ERROR] [EMI/]: [EMI] Untranslated tag #forge:ores/salt
[10mai.2026 15:10:00.746] [Thread-15/ERROR] [EMI/]: [EMI] Untranslated tag #forge:ores/saltpeter
[10mai.2026 15:10:00.746] [Thread-15/ERROR] [EMI/]: [EMI] Untranslated tag #forge:ores/sapphire
[10mai.2026 15:10:00.746] [Thread-15/ERROR] [EMI/]: [EMI] Untranslated tag #forge:ores/scheelite
[10mai.2026 15:10:00.746] [Thread-15/ERROR] [EMI/]: [EMI] Untranslated tag #forge:ores/silver
[10mai.2026 15:10:00.746] [Thread-15/ERROR] [EMI/]: [EMI] Untranslated tag #forge:ores/soapstone
[10mai.2026 15:10:00.746] [Thread-15/ERROR] [EMI/]: [EMI] Untranslated tag #forge:ores/sodalite
[10mai.2026 15:10:00.746] [Thread-15/ERROR] [EMI/]: [EMI] Untranslated tag #forge:ores/spessartine
[10mai.2026 15:10:00.746] [Thread-15/ERROR] [EMI/]: [EMI] Untranslated tag #forge:ores/sphalerite
[10mai.2026 15:10:00.746] [Thread-15/ERROR] [EMI/]: [EMI] Untranslated tag #forge:ores/spodumene
[10mai.2026 15:10:00.746] [Thread-15/ERROR] [EMI/]: [EMI] Untranslated tag #forge:ores/stibnite
[10mai.2026 15:10:00.746] [Thread-15/ERROR] [EMI/]: [EMI] Untranslated tag #forge:ores/sulfur
[10mai.2026 15:10:00.746] [Thread-15/ERROR] [EMI/]: [EMI] Untranslated tag #forge:ores/talc
[10mai.2026 15:10:00.746] [Thread-15/ERROR] [EMI/]: [EMI] Untranslated tag #forge:ores/tantalite
[10mai.2026 15:10:00.746] [Thread-15/ERROR] [EMI/]: [EMI] Untranslated tag #forge:ores/tetrahedrite
[10mai.2026 15:10:00.747] [Thread-15/ERROR] [EMI/]: [EMI] Untranslated tag #forge:ores/thorium
[10mai.2026 15:10:00.747] [Thread-15/ERROR] [EMI/]: [EMI] Untranslated tag #forge:ores/tin
[10mai.2026 15:10:00.747] [Thread-15/ERROR] [EMI/]: [EMI] Untranslated tag #forge:ores/topaz
[10mai.2026 15:10:00.747] [Thread-15/ERROR] [EMI/]: [EMI] Untranslated tag #forge:ores/tricalcium_phosphate
[10mai.2026 15:10:00.747] [Thread-15/ERROR] [EMI/]: [EMI] Untranslated tag #forge:ores/trona
[10mai.2026 15:10:00.747] [Thread-15/ERROR] [EMI/]: [EMI] Untranslated tag #forge:ores/tungstate
[10mai.2026 15:10:00.747] [Thread-15/ERROR] [EMI/]: [EMI] Untranslated tag #forge:ores/uraninite
[10mai.2026 15:10:00.747] [Thread-15/ERROR] [EMI/]: [EMI] Untranslated tag #forge:ores/vanadium_magnetite
[10mai.2026 15:10:00.747] [Thread-15/ERROR] [EMI/]: [EMI] Untranslated tag #forge:ores/wulfenite
[10mai.2026 15:10:00.747] [Thread-15/ERROR] [EMI/]: [EMI] Untranslated tag #forge:ores/yellow_garnet
[10mai.2026 15:10:00.747] [Thread-15/ERROR] [EMI/]: [EMI] Untranslated tag #forge:ores/yellow_limonite
[10mai.2026 15:10:00.747] [Thread-15/ERROR] [EMI/]: [EMI] Untranslated tag #forge:ores/zeolite
[10mai.2026 15:10:00.747] [Thread-15/ERROR] [EMI/]: [EMI] Untranslated tag #forge:ores_in_ground/andesite
[10mai.2026 15:10:00.747] [Thread-15/ERROR] [EMI/]: [EMI] Untranslated tag #forge:ores_in_ground/basalt
[10mai.2026 15:10:00.747] [Thread-15/ERROR] [EMI/]: [EMI] Untranslated tag #forge:ores_in_ground/blackstone
[10mai.2026 15:10:00.747] [Thread-15/ERROR] [EMI/]: [EMI] Untranslated tag #forge:ores_in_ground/diorite
[10mai.2026 15:10:00.747] [Thread-15/ERROR] [EMI/]: [EMI] Untranslated tag #forge:ores_in_ground/endstone
[10mai.2026 15:10:00.747] [Thread-15/ERROR] [EMI/]: [EMI] Untranslated tag #forge:ores_in_ground/granite
[10mai.2026 15:10:00.747] [Thread-15/ERROR] [EMI/]: [EMI] Untranslated tag #forge:ores_in_ground/gravel
[10mai.2026 15:10:00.747] [Thread-15/ERROR] [EMI/]: [EMI] Untranslated tag #forge:ores_in_ground/marble
[10mai.2026 15:10:00.747] [Thread-15/ERROR] [EMI/]: [EMI] Untranslated tag #forge:ores_in_ground/red_granite
[10mai.2026 15:10:00.747] [Thread-15/ERROR] [EMI/]: [EMI] Untranslated tag #forge:ores_in_ground/red_sand
[10mai.2026 15:10:00.747] [Thread-15/ERROR] [EMI/]: [EMI] Untranslated tag #forge:ores_in_ground/sand
[10mai.2026 15:10:00.747] [Thread-15/ERROR] [EMI/]: [EMI] Untranslated tag #forge:ores_in_ground/tuff
[10mai.2026 15:10:00.747] [Thread-15/ERROR] [EMI/]: [EMI] Untranslated tag #forge:pistons
[10mai.2026 15:10:00.747] [Thread-15/ERROR] [EMI/]: [EMI] Untranslated tag #forge:plates/aluminium
[10mai.2026 15:10:00.747] [Thread-15/ERROR] [EMI/]: [EMI] Untranslated tag #forge:plates/americium
[10mai.2026 15:10:00.747] [Thread-15/ERROR] [EMI/]: [EMI] Untranslated tag #forge:plates/amethyst
[10mai.2026 15:10:00.747] [Thread-15/ERROR] [EMI/]: [EMI] Untranslated tag #forge:plates/annealed_copper
[10mai.2026 15:10:00.747] [Thread-15/ERROR] [EMI/]: [EMI] Untranslated tag #forge:plates/battery_alloy
[10mai.2026 15:10:00.747] [Thread-15/ERROR] [EMI/]: [EMI] Untranslated tag #forge:plates/beryllium
[10mai.2026 15:10:00.747] [Thread-15/ERROR] [EMI/]: [EMI] Untranslated tag #forge:plates/bismuth_bronze
[10mai.2026 15:10:00.747] [Thread-15/ERROR] [EMI/]: [EMI] Untranslated tag #forge:plates/black_bronze
[10mai.2026 15:10:00.747] [Thread-15/ERROR] [EMI/]: [EMI] Untranslated tag #forge:plates/black_steel
[10mai.2026 15:10:00.747] [Thread-15/ERROR] [EMI/]: [EMI] Untranslated tag #forge:plates/blue_alloy
[10mai.2026 15:10:00.747] [Thread-15/ERROR] [EMI/]: [EMI] Untranslated tag #forge:plates/blue_steel
[10mai.2026 15:10:00.747] [Thread-15/ERROR] [EMI/]: [EMI] Untranslated tag #forge:plates/blue_topaz
[10mai.2026 15:10:00.747] [Thread-15/ERROR] [EMI/]: [EMI] Untranslated tag #forge:plates/brass
[10mai.2026 15:10:00.747] [Thread-15/ERROR] [EMI/]: [EMI] Untranslated tag #forge:plates/bronze
[10mai.2026 15:10:00.747] [Thread-15/ERROR] [EMI/]: [EMI] Untranslated tag #forge:plates/certus_quartz
[10mai.2026 15:10:00.747] [Thread-15/ERROR] [EMI/]: [EMI] Untranslated tag #forge:plates/chromium
[10mai.2026 15:10:00.748] [Thread-15/ERROR] [EMI/]: [EMI] Untranslated tag #forge:plates/cobalt
[10mai.2026 15:10:00.748] [Thread-15/ERROR] [EMI/]: [EMI] Untranslated tag #forge:plates/cobalt_brass
[10mai.2026 15:10:00.748] [Thread-15/ERROR] [EMI/]: [EMI] Untranslated tag #forge:plates/cupronickel
[10mai.2026 15:10:00.748] [Thread-15/ERROR] [EMI/]: [EMI] Untranslated tag #forge:plates/damascus_steel
[10mai.2026 15:10:00.748] [Thread-15/ERROR] [EMI/]: [EMI] Untranslated tag #forge:plates/darmstadtium
[10mai.2026 15:10:00.748] [Thread-15/ERROR] [EMI/]: [EMI] Untranslated tag #forge:plates/diamond
[10mai.2026 15:10:00.748] [Thread-15/ERROR] [EMI/]: [EMI] Untranslated tag #forge:plates/duranium
[10mai.2026 15:10:00.748] [Thread-15/ERROR] [EMI/]: [EMI] Untranslated tag #forge:plates/dysprosium
[10mai.2026 15:10:00.748] [Thread-15/ERROR] [EMI/]: [EMI] Untranslated tag #forge:plates/echo_shard
[10mai.2026 15:10:00.748] [Thread-15/ERROR] [EMI/]: [EMI] Untranslated tag #forge:plates/electrum
[10mai.2026 15:10:00.748] [Thread-15/ERROR] [EMI/]: [EMI] Untranslated tag #forge:plates/emerald
[10mai.2026 15:10:00.748] [Thread-15/ERROR] [EMI/]: [EMI] Untranslated tag #forge:plates/ender_eye
[10mai.2026 15:10:00.748] [Thread-15/ERROR] [EMI/]: [EMI] Untranslated tag #forge:plates/ender_pearl
[10mai.2026 15:10:00.748] [Thread-15/ERROR] [EMI/]: [EMI] Untranslated tag #forge:plates/enriched_naquadah
[10mai.2026 15:10:00.748] [Thread-15/ERROR] [EMI/]: [EMI] Untranslated tag #forge:plates/enriched_naquadah_trinium_europium_duranide
[10mai.2026 15:10:00.748] [Thread-15/ERROR] [EMI/]: [EMI] Untranslated tag #forge:plates/epoxy
[10mai.2026 15:10:00.748] [Thread-15/ERROR] [EMI/]: [EMI] Untranslated tag #forge:plates/europium
[10mai.2026 15:10:00.748] [Thread-15/ERROR] [EMI/]: [EMI] Untranslated tag #forge:plates/gallium
[10mai.2026 15:10:00.748] [Thread-15/ERROR] [EMI/]: [EMI] Untranslated tag #forge:plates/gallium_arsenide
[10mai.2026 15:10:00.748] [Thread-15/ERROR] [EMI/]: [EMI] Untranslated tag #forge:plates/glass
[10mai.2026 15:10:00.748] [Thread-15/ERROR] [EMI/]: [EMI] Untranslated tag #forge:plates/glowstone
[10mai.2026 15:10:00.748] [Thread-15/ERROR] [EMI/]: [EMI] Untranslated tag #forge:plates/graphene
[10mai.2026 15:10:00.748] [Thread-15/ERROR] [EMI/]: [EMI] Untranslated tag #forge:plates/green_sapphire
[10mai.2026 15:10:00.748] [Thread-15/ERROR] [EMI/]: [EMI] Untranslated tag #forge:plates/hastelloy_c_276
[10mai.2026 15:10:00.748] [Thread-15/ERROR] [EMI/]: [EMI] Untranslated tag #forge:plates/hastelloy_x
[10mai.2026 15:10:00.748] [Thread-15/ERROR] [EMI/]: [EMI] Untranslated tag #forge:plates/hsla_steel
[10mai.2026 15:10:00.748] [Thread-15/ERROR] [EMI/]: [EMI] Untranslated tag #forge:plates/hsse
[10mai.2026 15:10:00.748] [Thread-15/ERROR] [EMI/]: [EMI] Untranslated tag #forge:plates/hssg
[10mai.2026 15:10:00.748] [Thread-15/ERROR] [EMI/]: [EMI] Untranslated tag #forge:plates/hsss
[10mai.2026 15:10:00.748] [Thread-15/ERROR] [EMI/]: [EMI] Untranslated tag #forge:plates/incoloy_ma_956
[10mai.2026 15:10:00.748] [Thread-15/ERROR] [EMI/]: [EMI] Untranslated tag #forge:plates/indium_gallium_phosphide
[10mai.2026 15:10:00.748] [Thread-15/ERROR] [EMI/]: [EMI] Untranslated tag #forge:plates/indium_tin_barium_titanium_cuprate
[10mai.2026 15:10:00.748] [Thread-15/ERROR] [EMI/]: [EMI] Untranslated tag #forge:plates/invar
[10mai.2026 15:10:00.748] [Thread-15/ERROR] [EMI/]: [EMI] Untranslated tag #forge:plates/iridium
[10mai.2026 15:10:00.748] [Thread-15/ERROR] [EMI/]: [EMI] Untranslated tag #forge:plates/kanthal
[10mai.2026 15:10:00.748] [Thread-15/ERROR] [EMI/]: [EMI] Untranslated tag #forge:plates/lapis
[10mai.2026 15:10:00.748] [Thread-15/ERROR] [EMI/]: [EMI] Untranslated tag #forge:plates/lazurite
[10mai.2026 15:10:00.748] [Thread-15/ERROR] [EMI/]: [EMI] Untranslated tag #forge:plates/lead
[10mai.2026 15:10:00.748] [Thread-15/ERROR] [EMI/]: [EMI] Untranslated tag #forge:plates/magnalium
[10mai.2026 15:10:00.748] [Thread-15/ERROR] [EMI/]: [EMI] Untranslated tag #forge:plates/magnetic_steel
[10mai.2026 15:10:00.748] [Thread-15/ERROR] [EMI/]: [EMI] Untranslated tag #forge:plates/manganese
[10mai.2026 15:10:00.748] [Thread-15/ERROR] [EMI/]: [EMI] Untranslated tag #forge:plates/maraging_steel_300
[10mai.2026 15:10:00.748] [Thread-15/ERROR] [EMI/]: [EMI] Untranslated tag #forge:plates/molybdenum
[10mai.2026 15:10:00.748] [Thread-15/ERROR] [EMI/]: [EMI] Untranslated tag #forge:plates/molybdenum_disilicide
[10mai.2026 15:10:00.748] [Thread-15/ERROR] [EMI/]: [EMI] Untranslated tag #forge:plates/naquadah
[10mai.2026 15:10:00.748] [Thread-15/ERROR] [EMI/]: [EMI] Untranslated tag #forge:plates/naquadah_alloy
[10mai.2026 15:10:00.748] [Thread-15/ERROR] [EMI/]: [EMI] Untranslated tag #forge:plates/naquadria
[10mai.2026 15:10:00.748] [Thread-15/ERROR] [EMI/]: [EMI] Untranslated tag #forge:plates/neodymium
[10mai.2026 15:10:00.749] [Thread-15/ERROR] [EMI/]: [EMI] Untranslated tag #forge:plates/nether_quartz
[10mai.2026 15:10:00.749] [Thread-15/ERROR] [EMI/]: [EMI] Untranslated tag #forge:plates/nether_star
[10mai.2026 15:10:00.749] [Thread-15/ERROR] [EMI/]: [EMI] Untranslated tag #forge:plates/neutronium
[10mai.2026 15:10:00.749] [Thread-15/ERROR] [EMI/]: [EMI] Untranslated tag #forge:plates/nichrome
[10mai.2026 15:10:00.749] [Thread-15/ERROR] [EMI/]: [EMI] Untranslated tag #forge:plates/nickel
[10mai.2026 15:10:00.749] [Thread-15/ERROR] [EMI/]: [EMI] Untranslated tag #forge:plates/niobium_nitride
[10mai.2026 15:10:00.749] [Thread-15/ERROR] [EMI/]: [EMI] Untranslated tag #forge:plates/niobium_titanium
[10mai.2026 15:10:00.749] [Thread-15/ERROR] [EMI/]: [EMI] Untranslated tag #forge:plates/obsidian
[10mai.2026 15:10:00.749] [Thread-15/ERROR] [EMI/]: [EMI] Untranslated tag #forge:plates/olivine
[10mai.2026 15:10:00.749] [Thread-15/ERROR] [EMI/]: [EMI] Untranslated tag #forge:plates/opal
[10mai.2026 15:10:00.749] [Thread-15/ERROR] [EMI/]: [EMI] Untranslated tag #forge:plates/osmiridium
[10mai.2026 15:10:00.749] [Thread-15/ERROR] [EMI/]: [EMI] Untranslated tag #forge:plates/osmium
[10mai.2026 15:10:00.749] [Thread-15/ERROR] [EMI/]: [EMI] Untranslated tag #forge:plates/palladium
[10mai.2026 15:10:00.749] [Thread-15/ERROR] [EMI/]: [EMI] Untranslated tag #forge:plates/paper
[10mai.2026 15:10:00.749] [Thread-15/ERROR] [EMI/]: [EMI] Untranslated tag #forge:plates/platinum
[10mai.2026 15:10:00.749] [Thread-15/ERROR] [EMI/]: [EMI] Untranslated tag #forge:plates/plutonium_241
[10mai.2026 15:10:00.749] [Thread-15/ERROR] [EMI/]: [EMI] Untranslated tag #forge:plates/polybenzimidazole
[10mai.2026 15:10:00.749] [Thread-15/ERROR] [EMI/]: [EMI] Untranslated tag #forge:plates/polycaprolactam
[10mai.2026 15:10:00.749] [Thread-15/ERROR] [EMI/]: [EMI] Untranslated tag #forge:plates/polyethylene
[10mai.2026 15:10:00.749] [Thread-15/ERROR] [EMI/]: [EMI] Untranslated tag #forge:plates/polyphenylene_sulfide
[10mai.2026 15:10:00.749] [Thread-15/ERROR] [EMI/]: [EMI] Untranslated tag #forge:plates/polytetrafluoroethylene
[10mai.2026 15:10:00.749] [Thread-15/ERROR] [EMI/]: [EMI] Untranslated tag #forge:plates/polyvinyl_butyral
[10mai.2026 15:10:00.749] [Thread-15/ERROR] [EMI/]: [EMI] Untranslated tag #forge:plates/polyvinyl_chloride
[10mai.2026 15:10:00.749] [Thread-15/ERROR] [EMI/]: [EMI] Untranslated tag #forge:plates/potin
[10mai.2026 15:10:00.749] [Thread-15/ERROR] [EMI/]: [EMI] Untranslated tag #forge:plates/quartzite
[10mai.2026 15:10:00.749] [Thread-15/ERROR] [EMI/]: [EMI] Untranslated tag #forge:plates/red_alloy
[10mai.2026 15:10:00.749] [Thread-15/ERROR] [EMI/]: [EMI] Untranslated tag #forge:plates/red_garnet
[10mai.2026 15:10:00.749] [Thread-15/ERROR] [EMI/]: [EMI] Untranslated tag #forge:plates/red_steel
[10mai.2026 15:10:00.749] [Thread-15/ERROR] [EMI/]: [EMI] Untranslated tag #forge:plates/redstone
[10mai.2026 15:10:00.749] [Thread-15/ERROR] [EMI/]: [EMI] Untranslated tag #forge:plates/reinforced_epoxy_resin
[10mai.2026 15:10:00.749] [Thread-15/ERROR] [EMI/]: [EMI] Untranslated tag #forge:plates/rhodium
[10mai.2026 15:10:00.749] [Thread-15/ERROR] [EMI/]: [EMI] Untranslated tag #forge:plates/rhodium_plated_palladium
[10mai.2026 15:10:00.749] [Thread-15/ERROR] [EMI/]: [EMI] Untranslated tag #forge:plates/rose_gold
[10mai.2026 15:10:00.749] [Thread-15/ERROR] [EMI/]: [EMI] Untranslated tag #forge:plates/rubber
[10mai.2026 15:10:00.749] [Thread-15/ERROR] [EMI/]: [EMI] Untranslated tag #forge:plates/ruby
[10mai.2026 15:10:00.749] [Thread-15/ERROR] [EMI/]: [EMI] Untranslated tag #forge:plates/ruridit
[10mai.2026 15:10:00.749] [Thread-15/ERROR] [EMI/]: [EMI] Untranslated tag #forge:plates/ruthenium
[10mai.2026 15:10:00.749] [Thread-15/ERROR] [EMI/]: [EMI] Untranslated tag #forge:plates/sapphire
[10mai.2026 15:10:00.749] [Thread-15/ERROR] [EMI/]: [EMI] Untranslated tag #forge:plates/silicon
[10mai.2026 15:10:00.749] [Thread-15/ERROR] [EMI/]: [EMI] Untranslated tag #forge:plates/silicone_rubber
[10mai.2026 15:10:00.749] [Thread-15/ERROR] [EMI/]: [EMI] Untranslated tag #forge:plates/silver
[10mai.2026 15:10:00.749] [Thread-15/ERROR] [EMI/]: [EMI] Untranslated tag #forge:plates/sodalite
[10mai.2026 15:10:00.749] [Thread-15/ERROR] [EMI/]: [EMI] Untranslated tag #forge:plates/stainless_steel
[10mai.2026 15:10:00.749] [Thread-15/ERROR] [EMI/]: [EMI] Untranslated tag #forge:plates/steel
[10mai.2026 15:10:00.749] [Thread-15/ERROR] [EMI/]: [EMI] Untranslated tag #forge:plates/stellite_100
[10mai.2026 15:10:00.749] [Thread-15/ERROR] [EMI/]: [EMI] Untranslated tag #forge:plates/sterling_silver
[10mai.2026 15:10:00.749] [Thread-15/ERROR] [EMI/]: [EMI] Untranslated tag #forge:plates/stone
[10mai.2026 15:10:00.749] [Thread-15/ERROR] [EMI/]: [EMI] Untranslated tag #forge:plates/styrene_butadiene_rubber
[10mai.2026 15:10:00.749] [Thread-15/ERROR] [EMI/]: [EMI] Untranslated tag #forge:plates/tantalum
[10mai.2026 15:10:00.749] [Thread-15/ERROR] [EMI/]: [EMI] Untranslated tag #forge:plates/tantalum_carbide
[10mai.2026 15:10:00.750] [Thread-15/ERROR] [EMI/]: [EMI] Untranslated tag #forge:plates/thorium
[10mai.2026 15:10:00.750] [Thread-15/ERROR] [EMI/]: [EMI] Untranslated tag #forge:plates/tin
[10mai.2026 15:10:00.750] [Thread-15/ERROR] [EMI/]: [EMI] Untranslated tag #forge:plates/tin_alloy
[10mai.2026 15:10:00.750] [Thread-15/ERROR] [EMI/]: [EMI] Untranslated tag #forge:plates/titanium
[10mai.2026 15:10:00.750] [Thread-15/ERROR] [EMI/]: [EMI] Untranslated tag #forge:plates/titanium_carbide
[10mai.2026 15:10:00.750] [Thread-15/ERROR] [EMI/]: [EMI] Untranslated tag #forge:plates/titanium_tungsten_carbide
[10mai.2026 15:10:00.750] [Thread-15/ERROR] [EMI/]: [EMI] Untranslated tag #forge:plates/topaz
[10mai.2026 15:10:00.750] [Thread-15/ERROR] [EMI/]: [EMI] Untranslated tag #forge:plates/treated_wood
[10mai.2026 15:10:00.750] [Thread-15/ERROR] [EMI/]: [EMI] Untranslated tag #forge:plates/trinium
[10mai.2026 15:10:00.750] [Thread-15/ERROR] [EMI/]: [EMI] Untranslated tag #forge:plates/tritanium
[10mai.2026 15:10:00.750] [Thread-15/ERROR] [EMI/]: [EMI] Untranslated tag #forge:plates/tungsten
[10mai.2026 15:10:00.750] [Thread-15/ERROR] [EMI/]: [EMI] Untranslated tag #forge:plates/tungsten_carbide
[10mai.2026 15:10:00.750] [Thread-15/ERROR] [EMI/]: [EMI] Untranslated tag #forge:plates/tungsten_steel
[10mai.2026 15:10:00.750] [Thread-15/ERROR] [EMI/]: [EMI] Untranslated tag #forge:plates/ultimet
[10mai.2026 15:10:00.750] [Thread-15/ERROR] [EMI/]: [EMI] Untranslated tag #forge:plates/uranium
[10mai.2026 15:10:00.750] [Thread-15/ERROR] [EMI/]: [EMI] Untranslated tag #forge:plates/uranium_235
[10mai.2026 15:10:00.750] [Thread-15/ERROR] [EMI/]: [EMI] Untranslated tag #forge:plates/uranium_rhodium_dinaquadide
[10mai.2026 15:10:00.750] [Thread-15/ERROR] [EMI/]: [EMI] Untranslated tag #forge:plates/vanadium_gallium
[10mai.2026 15:10:00.750] [Thread-15/ERROR] [EMI/]: [EMI] Untranslated tag #forge:plates/vanadium_steel
[10mai.2026 15:10:00.750] [Thread-15/ERROR] [EMI/]: [EMI] Untranslated tag #forge:plates/watertight_steel
[10mai.2026 15:10:00.750] [Thread-15/ERROR] [EMI/]: [EMI] Untranslated tag #forge:plates/wood
[10mai.2026 15:10:00.750] [Thread-15/ERROR] [EMI/]: [EMI] Untranslated tag #forge:plates/wrought_iron
[10mai.2026 15:10:00.750] [Thread-15/ERROR] [EMI/]: [EMI] Untranslated tag #forge:plates/yellow_garnet
[10mai.2026 15:10:00.750] [Thread-15/ERROR] [EMI/]: [EMI] Untranslated tag #forge:plates/yttrium_barium_cuprate
[10mai.2026 15:10:00.750] [Thread-15/ERROR] [EMI/]: [EMI] Untranslated tag #forge:plates/zeron_100
[10mai.2026 15:10:00.750] [Thread-15/ERROR] [EMI/]: [EMI] Untranslated tag #forge:plates/zinc
[10mai.2026 15:10:00.750] [Thread-15/ERROR] [EMI/]: [EMI] Untranslated tag #forge:pure_dusts
[10mai.2026 15:10:00.750] [Thread-15/ERROR] [EMI/]: [EMI] Untranslated tag #forge:pure_dusts/almandine
[10mai.2026 15:10:00.750] [Thread-15/ERROR] [EMI/]: [EMI] Untranslated tag #forge:pure_dusts/aluminium
[10mai.2026 15:10:00.750] [Thread-15/ERROR] [EMI/]: [EMI] Untranslated tag #forge:pure_dusts/alunite
[10mai.2026 15:10:00.750] [Thread-15/ERROR] [EMI/]: [EMI] Untranslated tag #forge:pure_dusts/amethyst
[10mai.2026 15:10:00.750] [Thread-15/ERROR] [EMI/]: [EMI] Untranslated tag #forge:pure_dusts/apatite
[10mai.2026 15:10:00.750] [Thread-15/ERROR] [EMI/]: [EMI] Untranslated tag #forge:pure_dusts/asbestos
[10mai.2026 15:10:00.750] [Thread-15/ERROR] [EMI/]: [EMI] Untranslated tag #forge:pure_dusts/barite
[10mai.2026 15:10:00.750] [Thread-15/ERROR] [EMI/]: [EMI] Untranslated tag #forge:pure_dusts/basaltic_mineral_sand
[10mai.2026 15:10:00.750] [Thread-15/ERROR] [EMI/]: [EMI] Untranslated tag #forge:pure_dusts/bastnasite
[10mai.2026 15:10:00.750] [Thread-15/ERROR] [EMI/]: [EMI] Untranslated tag #forge:pure_dusts/bauxite
[10mai.2026 15:10:00.750] [Thread-15/ERROR] [EMI/]: [EMI] Untranslated tag #forge:pure_dusts/bentonite
[10mai.2026 15:10:00.751] [Thread-15/ERROR] [EMI/]: [EMI] Untranslated tag #forge:pure_dusts/beryllium
[10mai.2026 15:10:00.751] [Thread-15/ERROR] [EMI/]: [EMI] Untranslated tag #forge:pure_dusts/blue_topaz
[10mai.2026 15:10:00.751] [Thread-15/ERROR] [EMI/]: [EMI] Untranslated tag #forge:pure_dusts/bornite
[10mai.2026 15:10:00.751] [Thread-15/ERROR] [EMI/]: [EMI] Untranslated tag #forge:pure_dusts/calcite
[10mai.2026 15:10:00.751] [Thread-15/ERROR] [EMI/]: [EMI] Untranslated tag #forge:pure_dusts/cassiterite
[10mai.2026 15:10:00.751] [Thread-15/ERROR] [EMI/]: [EMI] Untranslated tag #forge:pure_dusts/cassiterite_sand
[10mai.2026 15:10:00.751] [Thread-15/ERROR] [EMI/]: [EMI] Untranslated tag #forge:pure_dusts/certus_quartz
[10mai.2026 15:10:00.751] [Thread-15/ERROR] [EMI/]: [EMI] Untranslated tag #forge:pure_dusts/chalcocite
[10mai.2026 15:10:00.751] [Thread-15/ERROR] [EMI/]: [EMI] Untranslated tag #forge:pure_dusts/chalcopyrite
[10mai.2026 15:10:00.751] [Thread-15/ERROR] [EMI/]: [EMI] Untranslated tag #forge:pure_dusts/chromite
[10mai.2026 15:10:00.751] [Thread-15/ERROR] [EMI/]: [EMI] Untranslated tag #forge:pure_dusts/cinnabar
[10mai.2026 15:10:00.751] [Thread-15/ERROR] [EMI/]: [EMI] Untranslated tag #forge:pure_dusts/coal
[10mai.2026 15:10:00.751] [Thread-15/ERROR] [EMI/]: [EMI] Untranslated tag #forge:pure_dusts/cobalt
[10mai.2026 15:10:00.751] [Thread-15/ERROR] [EMI/]: [EMI] Untranslated tag #forge:pure_dusts/cobaltite
[10mai.2026 15:10:00.751] [Thread-15/ERROR] [EMI/]: [EMI] Untranslated tag #forge:pure_dusts/cooperite
[10mai.2026 15:10:00.751] [Thread-15/ERROR] [EMI/]: [EMI] Untranslated tag #forge:pure_dusts/copper
[10mai.2026 15:10:00.751] [Thread-15/ERROR] [EMI/]: [EMI] Untranslated tag #forge:pure_dusts/diamond
[10mai.2026 15:10:00.751] [Thread-15/ERROR] [EMI/]: [EMI] Untranslated tag #forge:pure_dusts/diatomite
[10mai.2026 15:10:00.751] [Thread-15/ERROR] [EMI/]: [EMI] Untranslated tag #forge:pure_dusts/electrotine
[10mai.2026 15:10:00.751] [Thread-15/ERROR] [EMI/]: [EMI] Untranslated tag #forge:pure_dusts/emerald
[10mai.2026 15:10:00.751] [Thread-15/ERROR] [EMI/]: [EMI] Untranslated tag #forge:pure_dusts/fullers_earth
[10mai.2026 15:10:00.751] [Thread-15/ERROR] [EMI/]: [EMI] Untranslated tag #forge:pure_dusts/galena
[10mai.2026 15:10:00.751] [Thread-15/ERROR] [EMI/]: [EMI] Untranslated tag #forge:pure_dusts/garnet_sand
[10mai.2026 15:10:00.751] [Thread-15/ERROR] [EMI/]: [EMI] Untranslated tag #forge:pure_dusts/garnierite
[10mai.2026 15:10:00.751] [Thread-15/ERROR] [EMI/]: [EMI] Untranslated tag #forge:pure_dusts/glauconite_sand
[10mai.2026 15:10:00.751] [Thread-15/ERROR] [EMI/]: [EMI] Untranslated tag #forge:pure_dusts/goethite
[10mai.2026 15:10:00.751] [Thread-15/ERROR] [EMI/]: [EMI] Untranslated tag #forge:pure_dusts/gold
[10mai.2026 15:10:00.751] [Thread-15/ERROR] [EMI/]: [EMI] Untranslated tag #forge:pure_dusts/granitic_mineral_sand
[10mai.2026 15:10:00.751] [Thread-15/ERROR] [EMI/]: [EMI] Untranslated tag #forge:pure_dusts/graphite
[10mai.2026 15:10:00.751] [Thread-15/ERROR] [EMI/]: [EMI] Untranslated tag #forge:pure_dusts/green_sapphire
[10mai.2026 15:10:00.751] [Thread-15/ERROR] [EMI/]: [EMI] Untranslated tag #forge:pure_dusts/grossular
[10mai.2026 15:10:00.751] [Thread-15/ERROR] [EMI/]: [EMI] Untranslated tag #forge:pure_dusts/gypsum
[10mai.2026 15:10:00.751] [Thread-15/ERROR] [EMI/]: [EMI] Untranslated tag #forge:pure_dusts/hematite
[10mai.2026 15:10:00.751] [Thread-15/ERROR] [EMI/]: [EMI] Untranslated tag #forge:pure_dusts/ilmenite
[10mai.2026 15:10:00.751] [Thread-15/ERROR] [EMI/]: [EMI] Untranslated tag #forge:pure_dusts/iron
[10mai.2026 15:10:00.751] [Thread-15/ERROR] [EMI/]: [EMI] Untranslated tag #forge:pure_dusts/kyanite
[10mai.2026 15:10:00.751] [Thread-15/ERROR] [EMI/]: [EMI] Untranslated tag #forge:pure_dusts/lapis
[10mai.2026 15:10:00.751] [Thread-15/ERROR] [EMI/]: [EMI] Untranslated tag #forge:pure_dusts/lazurite
[10mai.2026 15:10:00.751] [Thread-15/ERROR] [EMI/]: [EMI] Untranslated tag #forge:pure_dusts/lead
[10mai.2026 15:10:00.751] [Thread-15/ERROR] [EMI/]: [EMI] Untranslated tag #forge:pure_dusts/lepidolite
[10mai.2026 15:10:00.752] [Thread-15/ERROR] [EMI/]: [EMI] Untranslated tag #forge:pure_dusts/lithium
[10mai.2026 15:10:00.752] [Thread-15/ERROR] [EMI/]: [EMI] Untranslated tag #forge:pure_dusts/magnesite
[10mai.2026 15:10:00.752] [Thread-15/ERROR] [EMI/]: [EMI] Untranslated tag #forge:pure_dusts/magnetite
[10mai.2026 15:10:00.752] [Thread-15/ERROR] [EMI/]: [EMI] Untranslated tag #forge:pure_dusts/malachite
[10mai.2026 15:10:00.752] [Thread-15/ERROR] [EMI/]: [EMI] Untranslated tag #forge:pure_dusts/mica
[10mai.2026 15:10:00.752] [Thread-15/ERROR] [EMI/]: [EMI] Untranslated tag #forge:pure_dusts/molybdenite
[10mai.2026 15:10:00.752] [Thread-15/ERROR] [EMI/]: [EMI] Untranslated tag #forge:pure_dusts/molybdenum
[10mai.2026 15:10:00.752] [Thread-15/ERROR] [EMI/]: [EMI] Untranslated tag #forge:pure_dusts/monazite
[10mai.2026 15:10:00.752] [Thread-15/ERROR] [EMI/]: [EMI] Untranslated tag #forge:pure_dusts/naquadah
[10mai.2026 15:10:00.752] [Thread-15/ERROR] [EMI/]: [EMI] Untranslated tag #forge:pure_dusts/neodymium
[10mai.2026 15:10:00.752] [Thread-15/ERROR] [EMI/]: [EMI] Untranslated tag #forge:pure_dusts/nether_quartz
[10mai.2026 15:10:00.752] [Thread-15/ERROR] [EMI/]: [EMI] Untranslated tag #forge:pure_dusts/nickel
[10mai.2026 15:10:00.752] [Thread-15/ERROR] [EMI/]: [EMI] Untranslated tag #forge:pure_dusts/oilsands
[10mai.2026 15:10:00.752] [Thread-15/ERROR] [EMI/]: [EMI] Untranslated tag #forge:pure_dusts/olivine
[10mai.2026 15:10:00.752] [Thread-15/ERROR] [EMI/]: [EMI] Untranslated tag #forge:pure_dusts/opal
[10mai.2026 15:10:00.752] [Thread-15/ERROR] [EMI/]: [EMI] Untranslated tag #forge:pure_dusts/palladium
[10mai.2026 15:10:00.752] [Thread-15/ERROR] [EMI/]: [EMI] Untranslated tag #forge:pure_dusts/pentlandite
[10mai.2026 15:10:00.752] [Thread-15/ERROR] [EMI/]: [EMI] Untranslated tag #forge:pure_dusts/pitchblende
[10mai.2026 15:10:00.752] [Thread-15/ERROR] [EMI/]: [EMI] Untranslated tag #forge:pure_dusts/platinum
[10mai.2026 15:10:00.752] [Thread-15/ERROR] [EMI/]: [EMI] Untranslated tag #forge:pure_dusts/plutonium
[10mai.2026 15:10:00.752] [Thread-15/ERROR] [EMI/]: [EMI] Untranslated tag #forge:pure_dusts/pollucite
[10mai.2026 15:10:00.752] [Thread-15/ERROR] [EMI/]: [EMI] Untranslated tag #forge:pure_dusts/powellite
[10mai.2026 15:10:00.752] [Thread-15/ERROR] [EMI/]: [EMI] Untranslated tag #forge:pure_dusts/pyrite
[10mai.2026 15:10:00.752] [Thread-15/ERROR] [EMI/]: [EMI] Untranslated tag #forge:pure_dusts/pyrochlore
[10mai.2026 15:10:00.752] [Thread-15/ERROR] [EMI/]: [EMI] Untranslated tag #forge:pure_dusts/pyrolusite
[10mai.2026 15:10:00.752] [Thread-15/ERROR] [EMI/]: [EMI] Untranslated tag #forge:pure_dusts/pyrope
[10mai.2026 15:10:00.752] [Thread-15/ERROR] [EMI/]: [EMI] Untranslated tag #forge:pure_dusts/quartzite
[10mai.2026 15:10:00.752] [Thread-15/ERROR] [EMI/]: [EMI] Untranslated tag #forge:pure_dusts/realgar
[10mai.2026 15:10:00.752] [Thread-15/ERROR] [EMI/]: [EMI] Untranslated tag #forge:pure_dusts/red_garnet
[10mai.2026 15:10:00.752] [Thread-15/ERROR] [EMI/]: [EMI] Untranslated tag #forge:pure_dusts/redstone
[10mai.2026 15:10:00.752] [Thread-15/ERROR] [EMI/]: [EMI] Untranslated tag #forge:pure_dusts/rock_salt
[10mai.2026 15:10:00.752] [Thread-15/ERROR] [EMI/]: [EMI] Untranslated tag #forge:pure_dusts/ruby
[10mai.2026 15:10:00.752] [Thread-15/ERROR] [EMI/]: [EMI] Untranslated tag #forge:pure_dusts/salt
[10mai.2026 15:10:00.752] [Thread-15/ERROR] [EMI/]: [EMI] Untranslated tag #forge:pure_dusts/saltpeter
[10mai.2026 15:10:00.752] [Thread-15/ERROR] [EMI/]: [EMI] Untranslated tag #forge:pure_dusts/sapphire
[10mai.2026 15:10:00.752] [Thread-15/ERROR] [EMI/]: [EMI] Untranslated tag #forge:pure_dusts/scheelite
[10mai.2026 15:10:00.752] [Thread-15/ERROR] [EMI/]: [EMI] Untranslated tag #forge:pure_dusts/silver
[10mai.2026 15:10:00.752] [Thread-15/ERROR] [EMI/]: [EMI] Untranslated tag #forge:pure_dusts/soapstone
[10mai.2026 15:10:00.752] [Thread-15/ERROR] [EMI/]: [EMI] Untranslated tag #forge:pure_dusts/sodalite
[10mai.2026 15:10:00.752] [Thread-15/ERROR] [EMI/]: [EMI] Untranslated tag #forge:pure_dusts/spessartine
[10mai.2026 15:10:00.752] [Thread-15/ERROR] [EMI/]: [EMI] Untranslated tag #forge:pure_dusts/sphalerite
[10mai.2026 15:10:00.752] [Thread-15/ERROR] [EMI/]: [EMI] Untranslated tag #forge:pure_dusts/spodumene
[10mai.2026 15:10:00.752] [Thread-15/ERROR] [EMI/]: [EMI] Untranslated tag #forge:pure_dusts/stibnite
[10mai.2026 15:10:00.753] [Thread-15/ERROR] [EMI/]: [EMI] Untranslated tag #forge:pure_dusts/sulfur
[10mai.2026 15:10:00.753] [Thread-15/ERROR] [EMI/]: [EMI] Untranslated tag #forge:pure_dusts/talc
[10mai.2026 15:10:00.753] [Thread-15/ERROR] [EMI/]: [EMI] Untranslated tag #forge:pure_dusts/tantalite
[10mai.2026 15:10:00.753] [Thread-15/ERROR] [EMI/]: [EMI] Untranslated tag #forge:pure_dusts/tetrahedrite
[10mai.2026 15:10:00.753] [Thread-15/ERROR] [EMI/]: [EMI] Untranslated tag #forge:pure_dusts/thorium
[10mai.2026 15:10:00.753] [Thread-15/ERROR] [EMI/]: [EMI] Untranslated tag #forge:pure_dusts/tin
[10mai.2026 15:10:00.753] [Thread-15/ERROR] [EMI/]: [EMI] Untranslated tag #forge:pure_dusts/topaz
[10mai.2026 15:10:00.753] [Thread-15/ERROR] [EMI/]: [EMI] Untranslated tag #forge:pure_dusts/tricalcium_phosphate
[10mai.2026 15:10:00.753] [Thread-15/ERROR] [EMI/]: [EMI] Untranslated tag #forge:pure_dusts/trona
[10mai.2026 15:10:00.753] [Thread-15/ERROR] [EMI/]: [EMI] Untranslated tag #forge:pure_dusts/tungstate
[10mai.2026 15:10:00.753] [Thread-15/ERROR] [EMI/]: [EMI] Untranslated tag #forge:pure_dusts/uraninite
[10mai.2026 15:10:00.753] [Thread-15/ERROR] [EMI/]: [EMI] Untranslated tag #forge:pure_dusts/vanadium_magnetite
[10mai.2026 15:10:00.753] [Thread-15/ERROR] [EMI/]: [EMI] Untranslated tag #forge:pure_dusts/wulfenite
[10mai.2026 15:10:00.753] [Thread-15/ERROR] [EMI/]: [EMI] Untranslated tag #forge:pure_dusts/yellow_garnet
[10mai.2026 15:10:00.753] [Thread-15/ERROR] [EMI/]: [EMI] Untranslated tag #forge:pure_dusts/yellow_limonite
[10mai.2026 15:10:00.753] [Thread-15/ERROR] [EMI/]: [EMI] Untranslated tag #forge:pure_dusts/zeolite
[10mai.2026 15:10:00.753] [Thread-15/ERROR] [EMI/]: [EMI] Untranslated tag #forge:purified_ores
[10mai.2026 15:10:00.753] [Thread-15/ERROR] [EMI/]: [EMI] Untranslated tag #forge:purified_ores/almandine
[10mai.2026 15:10:00.753] [Thread-15/ERROR] [EMI/]: [EMI] Untranslated tag #forge:purified_ores/aluminium
[10mai.2026 15:10:00.753] [Thread-15/ERROR] [EMI/]: [EMI] Untranslated tag #forge:purified_ores/alunite
[10mai.2026 15:10:00.753] [Thread-15/ERROR] [EMI/]: [EMI] Untranslated tag #forge:purified_ores/amethyst
[10mai.2026 15:10:00.753] [Thread-15/ERROR] [EMI/]: [EMI] Untranslated tag #forge:purified_ores/apatite
[10mai.2026 15:10:00.753] [Thread-15/ERROR] [EMI/]: [EMI] Untranslated tag #forge:purified_ores/asbestos
[10mai.2026 15:10:00.753] [Thread-15/ERROR] [EMI/]: [EMI] Untranslated tag #forge:purified_ores/barite
[10mai.2026 15:10:00.753] [Thread-15/ERROR] [EMI/]: [EMI] Untranslated tag #forge:purified_ores/basaltic_mineral_sand
[10mai.2026 15:10:00.753] [Thread-15/ERROR] [EMI/]: [EMI] Untranslated tag #forge:purified_ores/bastnasite
[10mai.2026 15:10:00.753] [Thread-15/ERROR] [EMI/]: [EMI] Untranslated tag #forge:purified_ores/bauxite
[10mai.2026 15:10:00.753] [Thread-15/ERROR] [EMI/]: [EMI] Untranslated tag #forge:purified_ores/bentonite
[10mai.2026 15:10:00.753] [Thread-15/ERROR] [EMI/]: [EMI] Untranslated tag #forge:purified_ores/beryllium
[10mai.2026 15:10:00.753] [Thread-15/ERROR] [EMI/]: [EMI] Untranslated tag #forge:purified_ores/blue_topaz
[10mai.2026 15:10:00.753] [Thread-15/ERROR] [EMI/]: [EMI] Untranslated tag #forge:purified_ores/bornite
[10mai.2026 15:10:00.753] [Thread-15/ERROR] [EMI/]: [EMI] Untranslated tag #forge:purified_ores/calcite
[10mai.2026 15:10:00.753] [Thread-15/ERROR] [EMI/]: [EMI] Untranslated tag #forge:purified_ores/cassiterite
[10mai.2026 15:10:00.753] [Thread-15/ERROR] [EMI/]: [EMI] Untranslated tag #forge:purified_ores/cassiterite_sand
[10mai.2026 15:10:00.753] [Thread-15/ERROR] [EMI/]: [EMI] Untranslated tag #forge:purified_ores/certus_quartz
[10mai.2026 15:10:00.754] [Thread-15/ERROR] [EMI/]: [EMI] Untranslated tag #forge:purified_ores/chalcocite
[10mai.2026 15:10:00.754] [Thread-15/ERROR] [EMI/]: [EMI] Untranslated tag #forge:purified_ores/chalcopyrite
[10mai.2026 15:10:00.754] [Thread-15/ERROR] [EMI/]: [EMI] Untranslated tag #forge:purified_ores/chromite
[10mai.2026 15:10:00.754] [Thread-15/ERROR] [EMI/]: [EMI] Untranslated tag #forge:purified_ores/cinnabar
[10mai.2026 15:10:00.754] [Thread-15/ERROR] [EMI/]: [EMI] Untranslated tag #forge:purified_ores/coal
[10mai.2026 15:10:00.754] [Thread-15/ERROR] [EMI/]: [EMI] Untranslated tag #forge:purified_ores/cobalt
[10mai.2026 15:10:00.754] [Thread-15/ERROR] [EMI/]: [EMI] Untranslated tag #forge:purified_ores/cobaltite
[10mai.2026 15:10:00.754] [Thread-15/ERROR] [EMI/]: [EMI] Untranslated tag #forge:purified_ores/cooperite
[10mai.2026 15:10:00.754] [Thread-15/ERROR] [EMI/]: [EMI] Untranslated tag #forge:purified_ores/copper
[10mai.2026 15:10:00.754] [Thread-15/ERROR] [EMI/]: [EMI] Untranslated tag #forge:purified_ores/diamond
[10mai.2026 15:10:00.754] [Thread-15/ERROR] [EMI/]: [EMI] Untranslated tag #forge:purified_ores/diatomite
[10mai.2026 15:10:00.754] [Thread-15/ERROR] [EMI/]: [EMI] Untranslated tag #forge:purified_ores/electrotine
[10mai.2026 15:10:00.754] [Thread-15/ERROR] [EMI/]: [EMI] Untranslated tag #forge:purified_ores/emerald
[10mai.2026 15:10:00.754] [Thread-15/ERROR] [EMI/]: [EMI] Untranslated tag #forge:purified_ores/fullers_earth
[10mai.2026 15:10:00.754] [Thread-15/ERROR] [EMI/]: [EMI] Untranslated tag #forge:purified_ores/galena
[10mai.2026 15:10:00.754] [Thread-15/ERROR] [EMI/]: [EMI] Untranslated tag #forge:purified_ores/garnet_sand
[10mai.2026 15:10:00.754] [Thread-15/ERROR] [EMI/]: [EMI] Untranslated tag #forge:purified_ores/garnierite
[10mai.2026 15:10:00.754] [Thread-15/ERROR] [EMI/]: [EMI] Untranslated tag #forge:purified_ores/glauconite_sand
[10mai.2026 15:10:00.754] [Thread-15/ERROR] [EMI/]: [EMI] Untranslated tag #forge:purified_ores/goethite
[10mai.2026 15:10:00.754] [Thread-15/ERROR] [EMI/]: [EMI] Untranslated tag #forge:purified_ores/gold
[10mai.2026 15:10:00.754] [Thread-15/ERROR] [EMI/]: [EMI] Untranslated tag #forge:purified_ores/granitic_mineral_sand
[10mai.2026 15:10:00.754] [Thread-15/ERROR] [EMI/]: [EMI] Untranslated tag #forge:purified_ores/graphite
[10mai.2026 15:10:00.754] [Thread-15/ERROR] [EMI/]: [EMI] Untranslated tag #forge:purified_ores/green_sapphire
[10mai.2026 15:10:00.754] [Thread-15/ERROR] [EMI/]: [EMI] Untranslated tag #forge:purified_ores/grossular
[10mai.2026 15:10:00.754] [Thread-15/ERROR] [EMI/]: [EMI] Untranslated tag #forge:purified_ores/gypsum
[10mai.2026 15:10:00.754] [Thread-15/ERROR] [EMI/]: [EMI] Untranslated tag #forge:purified_ores/hematite
[10mai.2026 15:10:00.754] [Thread-15/ERROR] [EMI/]: [EMI] Untranslated tag #forge:purified_ores/ilmenite
[10mai.2026 15:10:00.754] [Thread-15/ERROR] [EMI/]: [EMI] Untranslated tag #forge:purified_ores/iron
[10mai.2026 15:10:00.754] [Thread-15/ERROR] [EMI/]: [EMI] Untranslated tag #forge:purified_ores/kyanite
[10mai.2026 15:10:00.754] [Thread-15/ERROR] [EMI/]: [EMI] Untranslated tag #forge:purified_ores/lapis
[10mai.2026 15:10:00.754] [Thread-15/ERROR] [EMI/]: [EMI] Untranslated tag #forge:purified_ores/lazurite
[10mai.2026 15:10:00.754] [Thread-15/ERROR] [EMI/]: [EMI] Untranslated tag #forge:purified_ores/lead
[10mai.2026 15:10:00.754] [Thread-15/ERROR] [EMI/]: [EMI] Untranslated tag #forge:purified_ores/lepidolite
[10mai.2026 15:10:00.754] [Thread-15/ERROR] [EMI/]: [EMI] Untranslated tag #forge:purified_ores/lithium
[10mai.2026 15:10:00.754] [Thread-15/ERROR] [EMI/]: [EMI] Untranslated tag #forge:purified_ores/magnesite
[10mai.2026 15:10:00.754] [Thread-15/ERROR] [EMI/]: [EMI] Untranslated tag #forge:purified_ores/magnetite
[10mai.2026 15:10:00.754] [Thread-15/ERROR] [EMI/]: [EMI] Untranslated tag #forge:purified_ores/malachite
[10mai.2026 15:10:00.754] [Thread-15/ERROR] [EMI/]: [EMI] Untranslated tag #forge:purified_ores/mica
[10mai.2026 15:10:00.754] [Thread-15/ERROR] [EMI/]: [EMI] Untranslated tag #forge:purified_ores/molybdenite
[10mai.2026 15:10:00.754] [Thread-15/ERROR] [EMI/]: [EMI] Untranslated tag #forge:purified_ores/molybdenum
[10mai.2026 15:10:00.754] [Thread-15/ERROR] [EMI/]: [EMI] Untranslated tag #forge:purified_ores/monazite
[10mai.2026 15:10:00.754] [Thread-15/ERROR] [EMI/]: [EMI] Untranslated tag #forge:purified_ores/naquadah
[10mai.2026 15:10:00.754] [Thread-15/ERROR] [EMI/]: [EMI] Untranslated tag #forge:purified_ores/neodymium
[10mai.2026 15:10:00.754] [Thread-15/ERROR] [EMI/]: [EMI] Untranslated tag #forge:purified_ores/nether_quartz
[10mai.2026 15:10:00.754] [Thread-15/ERROR] [EMI/]: [EMI] Untranslated tag #forge:purified_ores/nickel
[10mai.2026 15:10:00.754] [Thread-15/ERROR] [EMI/]: [EMI] Untranslated tag #forge:purified_ores/oilsands
[10mai.2026 15:10:00.754] [Thread-15/ERROR] [EMI/]: [EMI] Untranslated tag #forge:purified_ores/olivine
[10mai.2026 15:10:00.754] [Thread-15/ERROR] [EMI/]: [EMI] Untranslated tag #forge:purified_ores/opal
[10mai.2026 15:10:00.754] [Thread-15/ERROR] [EMI/]: [EMI] Untranslated tag #forge:purified_ores/palladium
[10mai.2026 15:10:00.754] [Thread-15/ERROR] [EMI/]: [EMI] Untranslated tag #forge:purified_ores/pentlandite
[10mai.2026 15:10:00.754] [Thread-15/ERROR] [EMI/]: [EMI] Untranslated tag #forge:purified_ores/pitchblende
[10mai.2026 15:10:00.754] [Thread-15/ERROR] [EMI/]: [EMI] Untranslated tag #forge:purified_ores/platinum
[10mai.2026 15:10:00.754] [Thread-15/ERROR] [EMI/]: [EMI] Untranslated tag #forge:purified_ores/plutonium
[10mai.2026 15:10:00.754] [Thread-15/ERROR] [EMI/]: [EMI] Untranslated tag #forge:purified_ores/pollucite
[10mai.2026 15:10:00.754] [Thread-15/ERROR] [EMI/]: [EMI] Untranslated tag #forge:purified_ores/powellite
[10mai.2026 15:10:00.754] [Thread-15/ERROR] [EMI/]: [EMI] Untranslated tag #forge:purified_ores/pyrite
[10mai.2026 15:10:00.756] [Thread-15/ERROR] [EMI/]: [EMI] Untranslated tag #forge:purified_ores/pyrochlore
[10mai.2026 15:10:00.756] [Thread-15/ERROR] [EMI/]: [EMI] Untranslated tag #forge:purified_ores/pyrolusite
[10mai.2026 15:10:00.756] [Thread-15/ERROR] [EMI/]: [EMI] Untranslated tag #forge:purified_ores/pyrope
[10mai.2026 15:10:00.756] [Thread-15/ERROR] [EMI/]: [EMI] Untranslated tag #forge:purified_ores/quartzite
[10mai.2026 15:10:00.756] [Thread-15/ERROR] [EMI/]: [EMI] Untranslated tag #forge:purified_ores/realgar
[10mai.2026 15:10:00.756] [Thread-15/ERROR] [EMI/]: [EMI] Untranslated tag #forge:purified_ores/red_garnet
[10mai.2026 15:10:00.756] [Thread-15/ERROR] [EMI/]: [EMI] Untranslated tag #forge:purified_ores/redstone
[10mai.2026 15:10:00.756] [Thread-15/ERROR] [EMI/]: [EMI] Untranslated tag #forge:purified_ores/rock_salt
[10mai.2026 15:10:00.756] [Thread-15/ERROR] [EMI/]: [EMI] Untranslated tag #forge:purified_ores/ruby
[10mai.2026 15:10:00.756] [Thread-15/ERROR] [EMI/]: [EMI] Untranslated tag #forge:purified_ores/salt
[10mai.2026 15:10:00.756] [Thread-15/ERROR] [EMI/]: [EMI] Untranslated tag #forge:purified_ores/saltpeter
[10mai.2026 15:10:00.756] [Thread-15/ERROR] [EMI/]: [EMI] Untranslated tag #forge:purified_ores/sapphire
[10mai.2026 15:10:00.756] [Thread-15/ERROR] [EMI/]: [EMI] Untranslated tag #forge:purified_ores/scheelite
[10mai.2026 15:10:00.756] [Thread-15/ERROR] [EMI/]: [EMI] Untranslated tag #forge:purified_ores/silver
[10mai.2026 15:10:00.756] [Thread-15/ERROR] [EMI/]: [EMI] Untranslated tag #forge:purified_ores/soapstone
[10mai.2026 15:10:00.756] [Thread-15/ERROR] [EMI/]: [EMI] Untranslated tag #forge:purified_ores/sodalite
[10mai.2026 15:10:00.756] [Thread-15/ERROR] [EMI/]: [EMI] Untranslated tag #forge:purified_ores/spessartine
[10mai.2026 15:10:00.756] [Thread-15/ERROR] [EMI/]: [EMI] Untranslated tag #forge:purified_ores/sphalerite
[10mai.2026 15:10:00.756] [Thread-15/ERROR] [EMI/]: [EMI] Untranslated tag #forge:purified_ores/spodumene
[10mai.2026 15:10:00.756] [Thread-15/ERROR] [EMI/]: [EMI] Untranslated tag #forge:purified_ores/stibnite
[10mai.2026 15:10:00.756] [Thread-15/ERROR] [EMI/]: [EMI] Untranslated tag #forge:purified_ores/sulfur
[10mai.2026 15:10:00.756] [Thread-15/ERROR] [EMI/]: [EMI] Untranslated tag #forge:purified_ores/talc
[10mai.2026 15:10:00.756] [Thread-15/ERROR] [EMI/]: [EMI] Untranslated tag #forge:purified_ores/tantalite
[10mai.2026 15:10:00.756] [Thread-15/ERROR] [EMI/]: [EMI] Untranslated tag #forge:purified_ores/tetrahedrite
[10mai.2026 15:10:00.756] [Thread-15/ERROR] [EMI/]: [EMI] Untranslated tag #forge:purified_ores/thorium
[10mai.2026 15:10:00.756] [Thread-15/ERROR] [EMI/]: [EMI] Untranslated tag #forge:purified_ores/tin
[10mai.2026 15:10:00.756] [Thread-15/ERROR] [EMI/]: [EMI] Untranslated tag #forge:purified_ores/topaz
[10mai.2026 15:10:00.756] [Thread-15/ERROR] [EMI/]: [EMI] Untranslated tag #forge:purified_ores/tricalcium_phosphate
[10mai.2026 15:10:00.756] [Thread-15/ERROR] [EMI/]: [EMI] Untranslated tag #forge:purified_ores/trona
[10mai.2026 15:10:00.756] [Thread-15/ERROR] [EMI/]: [EMI] Untranslated tag #forge:purified_ores/tungstate
[10mai.2026 15:10:00.756] [Thread-15/ERROR] [EMI/]: [EMI] Untranslated tag #forge:purified_ores/uraninite
[10mai.2026 15:10:00.756] [Thread-15/ERROR] [EMI/]: [EMI] Untranslated tag #forge:purified_ores/vanadium_magnetite
[10mai.2026 15:10:00.756] [Thread-15/ERROR] [EMI/]: [EMI] Untranslated tag #forge:purified_ores/wulfenite
[10mai.2026 15:10:00.756] [Thread-15/ERROR] [EMI/]: [EMI] Untranslated tag #forge:purified_ores/yellow_garnet
[10mai.2026 15:10:00.756] [Thread-15/ERROR] [EMI/]: [EMI] Untranslated tag #forge:purified_ores/yellow_limonite
[10mai.2026 15:10:00.756] [Thread-15/ERROR] [EMI/]: [EMI] Untranslated tag #forge:purified_ores/zeolite
[10mai.2026 15:10:00.756] [Thread-15/ERROR] [EMI/]: [EMI] Untranslated tag #forge:raw_materials/almandine
[10mai.2026 15:10:00.756] [Thread-15/ERROR] [EMI/]: [EMI] Untranslated tag #forge:raw_materials/aluminium
[10mai.2026 15:10:00.756] [Thread-15/ERROR] [EMI/]: [EMI] Untranslated tag #forge:raw_materials/alunite
[10mai.2026 15:10:00.756] [Thread-15/ERROR] [EMI/]: [EMI] Untranslated tag #forge:raw_materials/amethyst
[10mai.2026 15:10:00.756] [Thread-15/ERROR] [EMI/]: [EMI] Untranslated tag #forge:raw_materials/apatite
[10mai.2026 15:10:00.756] [Thread-15/ERROR] [EMI/]: [EMI] Untranslated tag #forge:raw_materials/asbestos
[10mai.2026 15:10:00.756] [Thread-15/ERROR] [EMI/]: [EMI] Untranslated tag #forge:raw_materials/barite
[10mai.2026 15:10:00.756] [Thread-15/ERROR] [EMI/]: [EMI] Untranslated tag #forge:raw_materials/basaltic_mineral_sand
[10mai.2026 15:10:00.756] [Thread-15/ERROR] [EMI/]: [EMI] Untranslated tag #forge:raw_materials/bastnasite
[10mai.2026 15:10:00.756] [Thread-15/ERROR] [EMI/]: [EMI] Untranslated tag #forge:raw_materials/bauxite
[10mai.2026 15:10:00.756] [Thread-15/ERROR] [EMI/]: [EMI] Untranslated tag #forge:raw_materials/bentonite
[10mai.2026 15:10:00.756] [Thread-15/ERROR] [EMI/]: [EMI] Untranslated tag #forge:raw_materials/beryllium
[10mai.2026 15:10:00.756] [Thread-15/ERROR] [EMI/]: [EMI] Untranslated tag #forge:raw_materials/blue_topaz
[10mai.2026 15:10:00.756] [Thread-15/ERROR] [EMI/]: [EMI] Untranslated tag #forge:raw_materials/bornite
[10mai.2026 15:10:00.756] [Thread-15/ERROR] [EMI/]: [EMI] Untranslated tag #forge:raw_materials/calcite
[10mai.2026 15:10:00.756] [Thread-15/ERROR] [EMI/]: [EMI] Untranslated tag #forge:raw_materials/cassiterite
[10mai.2026 15:10:00.756] [Thread-15/ERROR] [EMI/]: [EMI] Untranslated tag #forge:raw_materials/cassiterite_sand
[10mai.2026 15:10:00.756] [Thread-15/ERROR] [EMI/]: [EMI] Untranslated tag #forge:raw_materials/certus_quartz
[10mai.2026 15:10:00.756] [Thread-15/ERROR] [EMI/]: [EMI] Untranslated tag #forge:raw_materials/chalcocite
[10mai.2026 15:10:00.756] [Thread-15/ERROR] [EMI/]: [EMI] Untranslated tag #forge:raw_materials/chalcopyrite
[10mai.2026 15:10:00.756] [Thread-15/ERROR] [EMI/]: [EMI] Untranslated tag #forge:raw_materials/chromite
[10mai.2026 15:10:00.756] [Thread-15/ERROR] [EMI/]: [EMI] Untranslated tag #forge:raw_materials/cinnabar
[10mai.2026 15:10:00.756] [Thread-15/ERROR] [EMI/]: [EMI] Untranslated tag #forge:raw_materials/coal
[10mai.2026 15:10:00.756] [Thread-15/ERROR] [EMI/]: [EMI] Untranslated tag #forge:raw_materials/cobalt
[10mai.2026 15:10:00.756] [Thread-15/ERROR] [EMI/]: [EMI] Untranslated tag #forge:raw_materials/cobaltite
[10mai.2026 15:10:00.757] [Thread-15/ERROR] [EMI/]: [EMI] Untranslated tag #forge:raw_materials/cooperite
[10mai.2026 15:10:00.757] [Thread-15/ERROR] [EMI/]: [EMI] Untranslated tag #forge:raw_materials/diamond
[10mai.2026 15:10:00.757] [Thread-15/ERROR] [EMI/]: [EMI] Untranslated tag #forge:raw_materials/diatomite
[10mai.2026 15:10:00.757] [Thread-15/ERROR] [EMI/]: [EMI] Untranslated tag #forge:raw_materials/electrotine
[10mai.2026 15:10:00.757] [Thread-15/ERROR] [EMI/]: [EMI] Untranslated tag #forge:raw_materials/emerald
[10mai.2026 15:10:00.757] [Thread-15/ERROR] [EMI/]: [EMI] Untranslated tag #forge:raw_materials/fullers_earth
[10mai.2026 15:10:00.757] [Thread-15/ERROR] [EMI/]: [EMI] Untranslated tag #forge:raw_materials/galena
[10mai.2026 15:10:00.757] [Thread-15/ERROR] [EMI/]: [EMI] Untranslated tag #forge:raw_materials/garnet_sand
[10mai.2026 15:10:00.757] [Thread-15/ERROR] [EMI/]: [EMI] Untranslated tag #forge:raw_materials/garnierite
[10mai.2026 15:10:00.757] [Thread-15/ERROR] [EMI/]: [EMI] Untranslated tag #forge:raw_materials/glauconite_sand
[10mai.2026 15:10:00.757] [Thread-15/ERROR] [EMI/]: [EMI] Untranslated tag #forge:raw_materials/goethite
[10mai.2026 15:10:00.757] [Thread-15/ERROR] [EMI/]: [EMI] Untranslated tag #forge:raw_materials/granitic_mineral_sand
[10mai.2026 15:10:00.757] [Thread-15/ERROR] [EMI/]: [EMI] Untranslated tag #forge:raw_materials/graphite
[10mai.2026 15:10:00.757] [Thread-15/ERROR] [EMI/]: [EMI] Untranslated tag #forge:raw_materials/green_sapphire
[10mai.2026 15:10:00.757] [Thread-15/ERROR] [EMI/]: [EMI] Untranslated tag #forge:raw_materials/grossular
[10mai.2026 15:10:00.757] [Thread-15/ERROR] [EMI/]: [EMI] Untranslated tag #forge:raw_materials/gypsum
[10mai.2026 15:10:00.757] [Thread-15/ERROR] [EMI/]: [EMI] Untranslated tag #forge:raw_materials/hematite
[10mai.2026 15:10:00.757] [Thread-15/ERROR] [EMI/]: [EMI] Untranslated tag #forge:raw_materials/ilmenite
[10mai.2026 15:10:00.757] [Thread-15/ERROR] [EMI/]: [EMI] Untranslated tag #forge:raw_materials/kyanite
[10mai.2026 15:10:00.757] [Thread-15/ERROR] [EMI/]: [EMI] Untranslated tag #forge:raw_materials/lapis
[10mai.2026 15:10:00.757] [Thread-15/ERROR] [EMI/]: [EMI] Untranslated tag #forge:raw_materials/lazurite
[10mai.2026 15:10:00.757] [Thread-15/ERROR] [EMI/]: [EMI] Untranslated tag #forge:raw_materials/lead
[10mai.2026 15:10:00.757] [Thread-15/ERROR] [EMI/]: [EMI] Untranslated tag #forge:raw_materials/lepidolite
[10mai.2026 15:10:00.757] [Thread-15/ERROR] [EMI/]: [EMI] Untranslated tag #forge:raw_materials/lithium
[10mai.2026 15:10:00.757] [Thread-15/ERROR] [EMI/]: [EMI] Untranslated tag #forge:raw_materials/magnesite
[10mai.2026 15:10:00.757] [Thread-15/ERROR] [EMI/]: [EMI] Untranslated tag #forge:raw_materials/magnetite
[10mai.2026 15:10:00.757] [Thread-15/ERROR] [EMI/]: [EMI] Untranslated tag #forge:raw_materials/malachite
[10mai.2026 15:10:00.757] [Thread-15/ERROR] [EMI/]: [EMI] Untranslated tag #forge:raw_materials/mica
[10mai.2026 15:10:00.757] [Thread-15/ERROR] [EMI/]: [EMI] Untranslated tag #forge:raw_materials/molybdenite
[10mai.2026 15:10:00.757] [Thread-15/ERROR] [EMI/]: [EMI] Untranslated tag #forge:raw_materials/molybdenum
[10mai.2026 15:10:00.757] [Thread-15/ERROR] [EMI/]: [EMI] Untranslated tag #forge:raw_materials/monazite
[10mai.2026 15:10:00.757] [Thread-15/ERROR] [EMI/]: [EMI] Untranslated tag #forge:raw_materials/naquadah
[10mai.2026 15:10:00.757] [Thread-15/ERROR] [EMI/]: [EMI] Untranslated tag #forge:raw_materials/neodymium
[10mai.2026 15:10:00.757] [Thread-15/ERROR] [EMI/]: [EMI] Untranslated tag #forge:raw_materials/nether_quartz
[10mai.2026 15:10:00.757] [Thread-15/ERROR] [EMI/]: [EMI] Untranslated tag #forge:raw_materials/nickel
[10mai.2026 15:10:00.757] [Thread-15/ERROR] [EMI/]: [EMI] Untranslated tag #forge:raw_materials/oilsands
[10mai.2026 15:10:00.758] [Thread-15/ERROR] [EMI/]: [EMI] Untranslated tag #forge:raw_materials/olivine
[10mai.2026 15:10:00.758] [Thread-15/ERROR] [EMI/]: [EMI] Untranslated tag #forge:raw_materials/opal
[10mai.2026 15:10:00.758] [Thread-15/ERROR] [EMI/]: [EMI] Untranslated tag #forge:raw_materials/palladium
[10mai.2026 15:10:00.758] [Thread-15/ERROR] [EMI/]: [EMI] Untranslated tag #forge:raw_materials/pentlandite
[10mai.2026 15:10:00.758] [Thread-15/ERROR] [EMI/]: [EMI] Untranslated tag #forge:raw_materials/pitchblende
[10mai.2026 15:10:00.758] [Thread-15/ERROR] [EMI/]: [EMI] Untranslated tag #forge:raw_materials/platinum
[10mai.2026 15:10:00.758] [Thread-15/ERROR] [EMI/]: [EMI] Untranslated tag #forge:raw_materials/plutonium
[10mai.2026 15:10:00.758] [Thread-15/ERROR] [EMI/]: [EMI] Untranslated tag #forge:raw_materials/pollucite
[10mai.2026 15:10:00.758] [Thread-15/ERROR] [EMI/]: [EMI] Untranslated tag #forge:raw_materials/powellite
[10mai.2026 15:10:00.758] [Thread-15/ERROR] [EMI/]: [EMI] Untranslated tag #forge:raw_materials/pyrite
[10mai.2026 15:10:00.758] [Thread-15/ERROR] [EMI/]: [EMI] Untranslated tag #forge:raw_materials/pyrochlore
[10mai.2026 15:10:00.758] [Thread-15/ERROR] [EMI/]: [EMI] Untranslated tag #forge:raw_materials/pyrolusite
[10mai.2026 15:10:00.758] [Thread-15/ERROR] [EMI/]: [EMI] Untranslated tag #forge:raw_materials/pyrope
[10mai.2026 15:10:00.758] [Thread-15/ERROR] [EMI/]: [EMI] Untranslated tag #forge:raw_materials/quartzite
[10mai.2026 15:10:00.758] [Thread-15/ERROR] [EMI/]: [EMI] Untranslated tag #forge:raw_materials/realgar
[10mai.2026 15:10:00.758] [Thread-15/ERROR] [EMI/]: [EMI] Untranslated tag #forge:raw_materials/red_garnet
[10mai.2026 15:10:00.758] [Thread-15/ERROR] [EMI/]: [EMI] Untranslated tag #forge:raw_materials/redstone
[10mai.2026 15:10:00.758] [Thread-15/ERROR] [EMI/]: [EMI] Untranslated tag #forge:raw_materials/rock_salt
[10mai.2026 15:10:00.758] [Thread-15/ERROR] [EMI/]: [EMI] Untranslated tag #forge:raw_materials/ruby
[10mai.2026 15:10:00.758] [Thread-15/ERROR] [EMI/]: [EMI] Untranslated tag #forge:raw_materials/salt
[10mai.2026 15:10:00.758] [Thread-15/ERROR] [EMI/]: [EMI] Untranslated tag #forge:raw_materials/saltpeter
[10mai.2026 15:10:00.758] [Thread-15/ERROR] [EMI/]: [EMI] Untranslated tag #forge:raw_materials/sapphire
[10mai.2026 15:10:00.758] [Thread-15/ERROR] [EMI/]: [EMI] Untranslated tag #forge:raw_materials/scheelite
[10mai.2026 15:10:00.758] [Thread-15/ERROR] [EMI/]: [EMI] Untranslated tag #forge:raw_materials/silver
[10mai.2026 15:10:00.758] [Thread-15/ERROR] [EMI/]: [EMI] Untranslated tag #forge:raw_materials/soapstone
[10mai.2026 15:10:00.758] [Thread-15/ERROR] [EMI/]: [EMI] Untranslated tag #forge:raw_materials/sodalite
[10mai.2026 15:10:00.758] [Thread-15/ERROR] [EMI/]: [EMI] Untranslated tag #forge:raw_materials/spessartine
[10mai.2026 15:10:00.758] [Thread-15/ERROR] [EMI/]: [EMI] Untranslated tag #forge:raw_materials/sphalerite
[10mai.2026 15:10:00.758] [Thread-15/ERROR] [EMI/]: [EMI] Untranslated tag #forge:raw_materials/spodumene
[10mai.2026 15:10:00.758] [Thread-15/ERROR] [EMI/]: [EMI] Untranslated tag #forge:raw_materials/stibnite
[10mai.2026 15:10:00.758] [Thread-15/ERROR] [EMI/]: [EMI] Untranslated tag #forge:raw_materials/sulfur
[10mai.2026 15:10:00.758] [Thread-15/ERROR] [EMI/]: [EMI] Untranslated tag #forge:raw_materials/talc
[10mai.2026 15:10:00.758] [Thread-15/ERROR] [EMI/]: [EMI] Untranslated tag #forge:raw_materials/tantalite
[10mai.2026 15:10:00.758] [Thread-15/ERROR] [EMI/]: [EMI] Untranslated tag #forge:raw_materials/tetrahedrite
[10mai.2026 15:10:00.758] [Thread-15/ERROR] [EMI/]: [EMI] Untranslated tag #forge:raw_materials/thorium
[10mai.2026 15:10:00.758] [Thread-15/ERROR] [EMI/]: [EMI] Untranslated tag #forge:raw_materials/tin
[10mai.2026 15:10:00.758] [Thread-15/ERROR] [EMI/]: [EMI] Untranslated tag #forge:raw_materials/topaz
[10mai.2026 15:10:00.758] [Thread-15/ERROR] [EMI/]: [EMI] Untranslated tag #forge:raw_materials/tricalcium_phosphate
[10mai.2026 15:10:00.758] [Thread-15/ERROR] [EMI/]: [EMI] Untranslated tag #forge:raw_materials/trona
[10mai.2026 15:10:00.758] [Thread-15/ERROR] [EMI/]: [EMI] Untranslated tag #forge:raw_materials/tungstate
[10mai.2026 15:10:00.758] [Thread-15/ERROR] [EMI/]: [EMI] Untranslated tag #forge:raw_materials/uraninite
[10mai.2026 15:10:00.758] [Thread-15/ERROR] [EMI/]: [EMI] Untranslated tag #forge:raw_materials/vanadium_magnetite
[10mai.2026 15:10:00.758] [Thread-15/ERROR] [EMI/]: [EMI] Untranslated tag #forge:raw_materials/wulfenite
[10mai.2026 15:10:00.758] [Thread-15/ERROR] [EMI/]: [EMI] Untranslated tag #forge:raw_materials/yellow_garnet
[10mai.2026 15:10:00.758] [Thread-15/ERROR] [EMI/]: [EMI] Untranslated tag #forge:raw_materials/yellow_limonite
[10mai.2026 15:10:00.758] [Thread-15/ERROR] [EMI/]: [EMI] Untranslated tag #forge:raw_materials/zeolite
[10mai.2026 15:10:00.758] [Thread-15/ERROR] [EMI/]: [EMI] Untranslated tag #forge:refined_ores
[10mai.2026 15:10:00.758] [Thread-15/ERROR] [EMI/]: [EMI] Untranslated tag #forge:refined_ores/almandine
[10mai.2026 15:10:00.758] [Thread-15/ERROR] [EMI/]: [EMI] Untranslated tag #forge:refined_ores/aluminium
[10mai.2026 15:10:00.758] [Thread-15/ERROR] [EMI/]: [EMI] Untranslated tag #forge:refined_ores/alunite
[10mai.2026 15:10:00.758] [Thread-15/ERROR] [EMI/]: [EMI] Untranslated tag #forge:refined_ores/amethyst
[10mai.2026 15:10:00.760] [Thread-15/ERROR] [EMI/]: [EMI] Untranslated tag #forge:refined_ores/apatite
[10mai.2026 15:10:00.760] [Thread-15/ERROR] [EMI/]: [EMI] Untranslated tag #forge:refined_ores/asbestos
[10mai.2026 15:10:00.760] [Thread-15/ERROR] [EMI/]: [EMI] Untranslated tag #forge:refined_ores/barite
[10mai.2026 15:10:00.760] [Thread-15/ERROR] [EMI/]: [EMI] Untranslated tag #forge:refined_ores/basaltic_mineral_sand
[10mai.2026 15:10:00.760] [Thread-15/ERROR] [EMI/]: [EMI] Untranslated tag #forge:refined_ores/bastnasite
[10mai.2026 15:10:00.760] [Thread-15/ERROR] [EMI/]: [EMI] Untranslated tag #forge:refined_ores/bauxite
[10mai.2026 15:10:00.760] [Thread-15/ERROR] [EMI/]: [EMI] Untranslated tag #forge:refined_ores/bentonite
[10mai.2026 15:10:00.760] [Thread-15/ERROR] [EMI/]: [EMI] Untranslated tag #forge:refined_ores/beryllium
[10mai.2026 15:10:00.760] [Thread-15/ERROR] [EMI/]: [EMI] Untranslated tag #forge:refined_ores/blue_topaz
[10mai.2026 15:10:00.760] [Thread-15/ERROR] [EMI/]: [EMI] Untranslated tag #forge:refined_ores/bornite
[10mai.2026 15:10:00.760] [Thread-15/ERROR] [EMI/]: [EMI] Untranslated tag #forge:refined_ores/calcite
[10mai.2026 15:10:00.760] [Thread-15/ERROR] [EMI/]: [EMI] Untranslated tag #forge:refined_ores/cassiterite
[10mai.2026 15:10:00.760] [Thread-15/ERROR] [EMI/]: [EMI] Untranslated tag #forge:refined_ores/cassiterite_sand
[10mai.2026 15:10:00.760] [Thread-15/ERROR] [EMI/]: [EMI] Untranslated tag #forge:refined_ores/certus_quartz
[10mai.2026 15:10:00.760] [Thread-15/ERROR] [EMI/]: [EMI] Untranslated tag #forge:refined_ores/chalcocite
[10mai.2026 15:10:00.760] [Thread-15/ERROR] [EMI/]: [EMI] Untranslated tag #forge:refined_ores/chalcopyrite
[10mai.2026 15:10:00.760] [Thread-15/ERROR] [EMI/]: [EMI] Untranslated tag #forge:refined_ores/chromite
[10mai.2026 15:10:00.760] [Thread-15/ERROR] [EMI/]: [EMI] Untranslated tag #forge:refined_ores/cinnabar
[10mai.2026 15:10:00.760] [Thread-15/ERROR] [EMI/]: [EMI] Untranslated tag #forge:refined_ores/coal
[10mai.2026 15:10:00.760] [Thread-15/ERROR] [EMI/]: [EMI] Untranslated tag #forge:refined_ores/cobalt
[10mai.2026 15:10:00.760] [Thread-15/ERROR] [EMI/]: [EMI] Untranslated tag #forge:refined_ores/cobaltite
[10mai.2026 15:10:00.760] [Thread-15/ERROR] [EMI/]: [EMI] Untranslated tag #forge:refined_ores/cooperite
[10mai.2026 15:10:00.760] [Thread-15/ERROR] [EMI/]: [EMI] Untranslated tag #forge:refined_ores/copper
[10mai.2026 15:10:00.760] [Thread-15/ERROR] [EMI/]: [EMI] Untranslated tag #forge:refined_ores/diamond
[10mai.2026 15:10:00.760] [Thread-15/ERROR] [EMI/]: [EMI] Untranslated tag #forge:refined_ores/diatomite
[10mai.2026 15:10:00.760] [Thread-15/ERROR] [EMI/]: [EMI] Untranslated tag #forge:refined_ores/electrotine
[10mai.2026 15:10:00.760] [Thread-15/ERROR] [EMI/]: [EMI] Untranslated tag #forge:refined_ores/emerald
[10mai.2026 15:10:00.760] [Thread-15/ERROR] [EMI/]: [EMI] Untranslated tag #forge:refined_ores/fullers_earth
[10mai.2026 15:10:00.760] [Thread-15/ERROR] [EMI/]: [EMI] Untranslated tag #forge:refined_ores/galena
[10mai.2026 15:10:00.760] [Thread-15/ERROR] [EMI/]: [EMI] Untranslated tag #forge:refined_ores/garnet_sand
[10mai.2026 15:10:00.760] [Thread-15/ERROR] [EMI/]: [EMI] Untranslated tag #forge:refined_ores/garnierite
[10mai.2026 15:10:00.760] [Thread-15/ERROR] [EMI/]: [EMI] Untranslated tag #forge:refined_ores/glauconite_sand
[10mai.2026 15:10:00.760] [Thread-15/ERROR] [EMI/]: [EMI] Untranslated tag #forge:refined_ores/goethite
[10mai.2026 15:10:00.760] [Thread-15/ERROR] [EMI/]: [EMI] Untranslated tag #forge:refined_ores/gold
[10mai.2026 15:10:00.760] [Thread-15/ERROR] [EMI/]: [EMI] Untranslated tag #forge:refined_ores/granitic_mineral_sand
[10mai.2026 15:10:00.760] [Thread-15/ERROR] [EMI/]: [EMI] Untranslated tag #forge:refined_ores/graphite
[10mai.2026 15:10:00.760] [Thread-15/ERROR] [EMI/]: [EMI] Untranslated tag #forge:refined_ores/green_sapphire
[10mai.2026 15:10:00.760] [Thread-15/ERROR] [EMI/]: [EMI] Untranslated tag #forge:refined_ores/grossular
[10mai.2026 15:10:00.760] [Thread-15/ERROR] [EMI/]: [EMI] Untranslated tag #forge:refined_ores/gypsum
[10mai.2026 15:10:00.760] [Thread-15/ERROR] [EMI/]: [EMI] Untranslated tag #forge:refined_ores/hematite
[10mai.2026 15:10:00.760] [Thread-15/ERROR] [EMI/]: [EMI] Untranslated tag #forge:refined_ores/ilmenite
[10mai.2026 15:10:00.760] [Thread-15/ERROR] [EMI/]: [EMI] Untranslated tag #forge:refined_ores/iron
[10mai.2026 15:10:00.760] [Thread-15/ERROR] [EMI/]: [EMI] Untranslated tag #forge:refined_ores/kyanite
[10mai.2026 15:10:00.760] [Thread-15/ERROR] [EMI/]: [EMI] Untranslated tag #forge:refined_ores/lapis
[10mai.2026 15:10:00.760] [Thread-15/ERROR] [EMI/]: [EMI] Untranslated tag #forge:refined_ores/lazurite
[10mai.2026 15:10:00.760] [Thread-15/ERROR] [EMI/]: [EMI] Untranslated tag #forge:refined_ores/lead
[10mai.2026 15:10:00.760] [Thread-15/ERROR] [EMI/]: [EMI] Untranslated tag #forge:refined_ores/lepidolite
[10mai.2026 15:10:00.760] [Thread-15/ERROR] [EMI/]: [EMI] Untranslated tag #forge:refined_ores/lithium
[10mai.2026 15:10:00.761] [Thread-15/ERROR] [EMI/]: [EMI] Untranslated tag #forge:refined_ores/magnesite
[10mai.2026 15:10:00.761] [Thread-15/ERROR] [EMI/]: [EMI] Untranslated tag #forge:refined_ores/magnetite
[10mai.2026 15:10:00.761] [Thread-15/ERROR] [EMI/]: [EMI] Untranslated tag #forge:refined_ores/malachite
[10mai.2026 15:10:00.761] [Thread-15/ERROR] [EMI/]: [EMI] Untranslated tag #forge:refined_ores/mica
[10mai.2026 15:10:00.761] [Thread-15/ERROR] [EMI/]: [EMI] Untranslated tag #forge:refined_ores/molybdenite
[10mai.2026 15:10:00.761] [Thread-15/ERROR] [EMI/]: [EMI] Untranslated tag #forge:refined_ores/molybdenum
[10mai.2026 15:10:00.761] [Thread-15/ERROR] [EMI/]: [EMI] Untranslated tag #forge:refined_ores/monazite
[10mai.2026 15:10:00.761] [Thread-15/ERROR] [EMI/]: [EMI] Untranslated tag #forge:refined_ores/naquadah
[10mai.2026 15:10:00.761] [Thread-15/ERROR] [EMI/]: [EMI] Untranslated tag #forge:refined_ores/neodymium
[10mai.2026 15:10:00.761] [Thread-15/ERROR] [EMI/]: [EMI] Untranslated tag #forge:refined_ores/nether_quartz
[10mai.2026 15:10:00.761] [Thread-15/ERROR] [EMI/]: [EMI] Untranslated tag #forge:refined_ores/nickel
[10mai.2026 15:10:00.761] [Thread-15/ERROR] [EMI/]: [EMI] Untranslated tag #forge:refined_ores/oilsands
[10mai.2026 15:10:00.761] [Thread-15/ERROR] [EMI/]: [EMI] Untranslated tag #forge:refined_ores/olivine
[10mai.2026 15:10:00.761] [Thread-15/ERROR] [EMI/]: [EMI] Untranslated tag #forge:refined_ores/opal
[10mai.2026 15:10:00.761] [Thread-15/ERROR] [EMI/]: [EMI] Untranslated tag #forge:refined_ores/palladium
[10mai.2026 15:10:00.761] [Thread-15/ERROR] [EMI/]: [EMI] Untranslated tag #forge:refined_ores/pentlandite
[10mai.2026 15:10:00.761] [Thread-15/ERROR] [EMI/]: [EMI] Untranslated tag #forge:refined_ores/pitchblende
[10mai.2026 15:10:00.761] [Thread-15/ERROR] [EMI/]: [EMI] Untranslated tag #forge:refined_ores/platinum
[10mai.2026 15:10:00.761] [Thread-15/ERROR] [EMI/]: [EMI] Untranslated tag #forge:refined_ores/plutonium
[10mai.2026 15:10:00.761] [Thread-15/ERROR] [EMI/]: [EMI] Untranslated tag #forge:refined_ores/pollucite
[10mai.2026 15:10:00.761] [Thread-15/ERROR] [EMI/]: [EMI] Untranslated tag #forge:refined_ores/powellite
[10mai.2026 15:10:00.761] [Thread-15/ERROR] [EMI/]: [EMI] Untranslated tag #forge:refined_ores/pyrite
[10mai.2026 15:10:00.761] [Thread-15/ERROR] [EMI/]: [EMI] Untranslated tag #forge:refined_ores/pyrochlore
[10mai.2026 15:10:00.761] [Thread-15/ERROR] [EMI/]: [EMI] Untranslated tag #forge:refined_ores/pyrolusite
[10mai.2026 15:10:00.761] [Thread-15/ERROR] [EMI/]: [EMI] Untranslated tag #forge:refined_ores/pyrope
[10mai.2026 15:10:00.761] [Thread-15/ERROR] [EMI/]: [EMI] Untranslated tag #forge:refined_ores/quartzite
[10mai.2026 15:10:00.761] [Thread-15/ERROR] [EMI/]: [EMI] Untranslated tag #forge:refined_ores/realgar
[10mai.2026 15:10:00.761] [Thread-15/ERROR] [EMI/]: [EMI] Untranslated tag #forge:refined_ores/red_garnet
[10mai.2026 15:10:00.761] [Thread-15/ERROR] [EMI/]: [EMI] Untranslated tag #forge:refined_ores/redstone
[10mai.2026 15:10:00.761] [Thread-15/ERROR] [EMI/]: [EMI] Untranslated tag #forge:refined_ores/rock_salt
[10mai.2026 15:10:00.761] [Thread-15/ERROR] [EMI/]: [EMI] Untranslated tag #forge:refined_ores/ruby
[10mai.2026 15:10:00.761] [Thread-15/ERROR] [EMI/]: [EMI] Untranslated tag #forge:refined_ores/salt
[10mai.2026 15:10:00.761] [Thread-15/ERROR] [EMI/]: [EMI] Untranslated tag #forge:refined_ores/saltpeter
[10mai.2026 15:10:00.761] [Thread-15/ERROR] [EMI/]: [EMI] Untranslated tag #forge:refined_ores/sapphire
[10mai.2026 15:10:00.761] [Thread-15/ERROR] [EMI/]: [EMI] Untranslated tag #forge:refined_ores/scheelite
[10mai.2026 15:10:00.762] [Thread-15/ERROR] [EMI/]: [EMI] Untranslated tag #forge:refined_ores/silver
[10mai.2026 15:10:00.762] [Thread-15/ERROR] [EMI/]: [EMI] Untranslated tag #forge:refined_ores/soapstone
[10mai.2026 15:10:00.762] [Thread-15/ERROR] [EMI/]: [EMI] Untranslated tag #forge:refined_ores/sodalite
[10mai.2026 15:10:00.762] [Thread-15/ERROR] [EMI/]: [EMI] Untranslated tag #forge:refined_ores/spessartine
[10mai.2026 15:10:00.762] [Thread-15/ERROR] [EMI/]: [EMI] Untranslated tag #forge:refined_ores/sphalerite
[10mai.2026 15:10:00.762] [Thread-15/ERROR] [EMI/]: [EMI] Untranslated tag #forge:refined_ores/spodumene
[10mai.2026 15:10:00.762] [Thread-15/ERROR] [EMI/]: [EMI] Untranslated tag #forge:refined_ores/stibnite
[10mai.2026 15:10:00.762] [Thread-15/ERROR] [EMI/]: [EMI] Untranslated tag #forge:refined_ores/sulfur
[10mai.2026 15:10:00.762] [Thread-15/ERROR] [EMI/]: [EMI] Untranslated tag #forge:refined_ores/talc
[10mai.2026 15:10:00.762] [Thread-15/ERROR] [EMI/]: [EMI] Untranslated tag #forge:refined_ores/tantalite
[10mai.2026 15:10:00.762] [Thread-15/ERROR] [EMI/]: [EMI] Untranslated tag #forge:refined_ores/tetrahedrite
[10mai.2026 15:10:00.762] [Thread-15/ERROR] [EMI/]: [EMI] Untranslated tag #forge:refined_ores/thorium
[10mai.2026 15:10:00.762] [Thread-15/ERROR] [EMI/]: [EMI] Untranslated tag #forge:refined_ores/tin
[10mai.2026 15:10:00.762] [Thread-15/ERROR] [EMI/]: [EMI] Untranslated tag #forge:refined_ores/topaz
[10mai.2026 15:10:00.762] [Thread-15/ERROR] [EMI/]: [EMI] Untranslated tag #forge:refined_ores/tricalcium_phosphate
[10mai.2026 15:10:00.762] [Thread-15/ERROR] [EMI/]: [EMI] Untranslated tag #forge:refined_ores/trona
[10mai.2026 15:10:00.762] [Thread-15/ERROR] [EMI/]: [EMI] Untranslated tag #forge:refined_ores/tungstate
[10mai.2026 15:10:00.762] [Thread-15/ERROR] [EMI/]: [EMI] Untranslated tag #forge:refined_ores/uraninite
[10mai.2026 15:10:00.762] [Thread-15/ERROR] [EMI/]: [EMI] Untranslated tag #forge:refined_ores/vanadium_magnetite
[10mai.2026 15:10:00.762] [Thread-15/ERROR] [EMI/]: [EMI] Untranslated tag #forge:refined_ores/wulfenite
[10mai.2026 15:10:00.762] [Thread-15/ERROR] [EMI/]: [EMI] Untranslated tag #forge:refined_ores/yellow_garnet
[10mai.2026 15:10:00.762] [Thread-15/ERROR] [EMI/]: [EMI] Untranslated tag #forge:refined_ores/yellow_limonite
[10mai.2026 15:10:00.762] [Thread-15/ERROR] [EMI/]: [EMI] Untranslated tag #forge:refined_ores/zeolite
[10mai.2026 15:10:00.762] [Thread-15/ERROR] [EMI/]: [EMI] Untranslated tag #forge:rings
[10mai.2026 15:10:00.762] [Thread-15/ERROR] [EMI/]: [EMI] Untranslated tag #forge:rings/aluminium
[10mai.2026 15:10:00.762] [Thread-15/ERROR] [EMI/]: [EMI] Untranslated tag #forge:rings/bronze
[10mai.2026 15:10:00.762] [Thread-15/ERROR] [EMI/]: [EMI] Untranslated tag #forge:rings/chromium
[10mai.2026 15:10:00.762] [Thread-15/ERROR] [EMI/]: [EMI] Untranslated tag #forge:rings/copper
[10mai.2026 15:10:00.762] [Thread-15/ERROR] [EMI/]: [EMI] Untranslated tag #forge:rings/darmstadtium
[10mai.2026 15:10:00.762] [Thread-15/ERROR] [EMI/]: [EMI] Untranslated tag #forge:rings/electrum
[10mai.2026 15:10:00.762] [Thread-15/ERROR] [EMI/]: [EMI] Untranslated tag #forge:rings/gold
[10mai.2026 15:10:00.762] [Thread-15/ERROR] [EMI/]: [EMI] Untranslated tag #forge:rings/hsse
[10mai.2026 15:10:00.762] [Thread-15/ERROR] [EMI/]: [EMI] Untranslated tag #forge:rings/hsss
[10mai.2026 15:10:00.762] [Thread-15/ERROR] [EMI/]: [EMI] Untranslated tag #forge:rings/iron
[10mai.2026 15:10:00.762] [Thread-15/ERROR] [EMI/]: [EMI] Untranslated tag #forge:rings/lead
[10mai.2026 15:10:00.762] [Thread-15/ERROR] [EMI/]: [EMI] Untranslated tag #forge:rings/molybdenum_disilicide
[10mai.2026 15:10:00.762] [Thread-15/ERROR] [EMI/]: [EMI] Untranslated tag #forge:rings/naquadah_alloy
[10mai.2026 15:10:00.762] [Thread-15/ERROR] [EMI/]: [EMI] Untranslated tag #forge:rings/nickel_zinc_ferrite
[10mai.2026 15:10:00.762] [Thread-15/ERROR] [EMI/]: [EMI] Untranslated tag #forge:rings/osmiridium
[10mai.2026 15:10:00.762] [Thread-15/ERROR] [EMI/]: [EMI] Untranslated tag #forge:rings/platinum
[10mai.2026 15:10:00.762] [Thread-15/ERROR] [EMI/]: [EMI] Untranslated tag #forge:rings/polyvinyl_chloride
[10mai.2026 15:10:00.762] [Thread-15/ERROR] [EMI/]: [EMI] Untranslated tag #forge:rings/rhodium_plated_palladium
[10mai.2026 15:10:00.762] [Thread-15/ERROR] [EMI/]: [EMI] Untranslated tag #forge:rings/rose_gold
[10mai.2026 15:10:00.762] [Thread-15/ERROR] [EMI/]: [EMI] Untranslated tag #forge:rings/rubber
[10mai.2026 15:10:00.762] [Thread-15/ERROR] [EMI/]: [EMI] Untranslated tag #forge:rings/silicone_rubber
[10mai.2026 15:10:00.762] [Thread-15/ERROR] [EMI/]: [EMI] Untranslated tag #forge:rings/silver
[10mai.2026 15:10:00.762] [Thread-15/ERROR] [EMI/]: [EMI] Untranslated tag #forge:rings/stainless_steel
[10mai.2026 15:10:00.762] [Thread-15/ERROR] [EMI/]: [EMI] Untranslated tag #forge:rings/steel
[10mai.2026 15:10:00.762] [Thread-15/ERROR] [EMI/]: [EMI] Untranslated tag #forge:rings/styrene_butadiene_rubber
[10mai.2026 15:10:00.762] [Thread-15/ERROR] [EMI/]: [EMI] Untranslated tag #forge:rings/tin
[10mai.2026 15:10:00.762] [Thread-15/ERROR] [EMI/]: [EMI] Untranslated tag #forge:rings/titanium
[10mai.2026 15:10:00.762] [Thread-15/ERROR] [EMI/]: [EMI] Untranslated tag #forge:rings/tritanium
[10mai.2026 15:10:00.762] [Thread-15/ERROR] [EMI/]: [EMI] Untranslated tag #forge:rings/tungsten_steel
[10mai.2026 15:10:00.762] [Thread-15/ERROR] [EMI/]: [EMI] Untranslated tag #forge:rings/wrought_iron
[10mai.2026 15:10:00.763] [Thread-15/ERROR] [EMI/]: [EMI] Untranslated tag #forge:rings/zinc
[10mai.2026 15:10:00.763] [Thread-15/ERROR] [EMI/]: [EMI] Untranslated tag #forge:rods/aluminium
[10mai.2026 15:10:00.763] [Thread-15/ERROR] [EMI/]: [EMI] Untranslated tag #forge:rods/americium
[10mai.2026 15:10:00.763] [Thread-15/ERROR] [EMI/]: [EMI] Untranslated tag #forge:rods/amethyst
[10mai.2026 15:10:00.763] [Thread-15/ERROR] [EMI/]: [EMI] Untranslated tag #forge:rods/annealed_copper
[10mai.2026 15:10:00.763] [Thread-15/ERROR] [EMI/]: [EMI] Untranslated tag #forge:rods/apatite
[10mai.2026 15:10:00.763] [Thread-15/ERROR] [EMI/]: [EMI] Untranslated tag #forge:rods/battery_alloy
[10mai.2026 15:10:00.763] [Thread-15/ERROR] [EMI/]: [EMI] Untranslated tag #forge:rods/bismuth_bronze
[10mai.2026 15:10:00.763] [Thread-15/ERROR] [EMI/]: [EMI] Untranslated tag #forge:rods/black_bronze
[10mai.2026 15:10:00.763] [Thread-15/ERROR] [EMI/]: [EMI] Untranslated tag #forge:rods/black_steel
[10mai.2026 15:10:00.763] [Thread-15/ERROR] [EMI/]: [EMI] Untranslated tag #forge:rods/blue_alloy
[10mai.2026 15:10:00.763] [Thread-15/ERROR] [EMI/]: [EMI] Untranslated tag #forge:rods/blue_steel
[10mai.2026 15:10:00.763] [Thread-15/ERROR] [EMI/]: [EMI] Untranslated tag #forge:rods/blue_topaz
[10mai.2026 15:10:00.763] [Thread-15/ERROR] [EMI/]: [EMI] Untranslated tag #forge:rods/bone
[10mai.2026 15:10:00.763] [Thread-15/ERROR] [EMI/]: [EMI] Untranslated tag #forge:rods/brass
[10mai.2026 15:10:00.763] [Thread-15/ERROR] [EMI/]: [EMI] Untranslated tag #forge:rods/bronze
[10mai.2026 15:10:00.763] [Thread-15/ERROR] [EMI/]: [EMI] Untranslated tag #forge:rods/chromium
[10mai.2026 15:10:00.763] [Thread-15/ERROR] [EMI/]: [EMI] Untranslated tag #forge:rods/cobalt
[10mai.2026 15:10:00.763] [Thread-15/ERROR] [EMI/]: [EMI] Untranslated tag #forge:rods/cobalt_brass
[10mai.2026 15:10:00.763] [Thread-15/ERROR] [EMI/]: [EMI] Untranslated tag #forge:rods/copper
[10mai.2026 15:10:00.763] [Thread-15/ERROR] [EMI/]: [EMI] Untranslated tag #forge:rods/cupronickel
[10mai.2026 15:10:00.763] [Thread-15/ERROR] [EMI/]: [EMI] Untranslated tag #forge:rods/damascus_steel
[10mai.2026 15:10:00.763] [Thread-15/ERROR] [EMI/]: [EMI] Untranslated tag #forge:rods/darmstadtium
[10mai.2026 15:10:00.763] [Thread-15/ERROR] [EMI/]: [EMI] Untranslated tag #forge:rods/diamond
[10mai.2026 15:10:00.763] [Thread-15/ERROR] [EMI/]: [EMI] Untranslated tag #forge:rods/duranium
[10mai.2026 15:10:00.763] [Thread-15/ERROR] [EMI/]: [EMI] Untranslated tag #forge:rods/echo_shard
[10mai.2026 15:10:00.763] [Thread-15/ERROR] [EMI/]: [EMI] Untranslated tag #forge:rods/electrum
[10mai.2026 15:10:00.763] [Thread-15/ERROR] [EMI/]: [EMI] Untranslated tag #forge:rods/emerald
[10mai.2026 15:10:00.763] [Thread-15/ERROR] [EMI/]: [EMI] Untranslated tag #forge:rods/enriched_naquadah
[10mai.2026 15:10:00.763] [Thread-15/ERROR] [EMI/]: [EMI] Untranslated tag #forge:rods/europium
[10mai.2026 15:10:00.763] [Thread-15/ERROR] [EMI/]: [EMI] Untranslated tag #forge:rods/gold
[10mai.2026 15:10:00.763] [Thread-15/ERROR] [EMI/]: [EMI] Untranslated tag #forge:rods/green_sapphire
[10mai.2026 15:10:00.763] [Thread-15/ERROR] [EMI/]: [EMI] Untranslated tag #forge:rods/hastelloy_c_276
[10mai.2026 15:10:00.763] [Thread-15/ERROR] [EMI/]: [EMI] Untranslated tag #forge:rods/hastelloy_x
[10mai.2026 15:10:00.763] [Thread-15/ERROR] [EMI/]: [EMI] Untranslated tag #forge:rods/hsla_steel
[10mai.2026 15:10:00.763] [Thread-15/ERROR] [EMI/]: [EMI] Untranslated tag #forge:rods/hsse
[10mai.2026 15:10:00.763] [Thread-15/ERROR] [EMI/]: [EMI] Untranslated tag #forge:rods/hssg
[10mai.2026 15:10:00.764] [Thread-15/ERROR] [EMI/]: [EMI] Untranslated tag #forge:rods/hsss
[10mai.2026 15:10:00.764] [Thread-15/ERROR] [EMI/]: [EMI] Untranslated tag #forge:rods/incoloy_ma_956
[10mai.2026 15:10:00.764] [Thread-15/ERROR] [EMI/]: [EMI] Untranslated tag #forge:rods/invar
[10mai.2026 15:10:00.764] [Thread-15/ERROR] [EMI/]: [EMI] Untranslated tag #forge:rods/iridium
[10mai.2026 15:10:00.764] [Thread-15/ERROR] [EMI/]: [EMI] Untranslated tag #forge:rods/iron
[10mai.2026 15:10:00.764] [Thread-15/ERROR] [EMI/]: [EMI] Untranslated tag #forge:rods/kanthal
[10mai.2026 15:10:00.764] [Thread-15/ERROR] [EMI/]: [EMI] Untranslated tag #forge:rods/lapis
[10mai.2026 15:10:00.764] [Thread-15/ERROR] [EMI/]: [EMI] Untranslated tag #forge:rods/lazurite
[10mai.2026 15:10:00.764] [Thread-15/ERROR] [EMI/]: [EMI] Untranslated tag #forge:rods/lead
[10mai.2026 15:10:00.764] [Thread-15/ERROR] [EMI/]: [EMI] Untranslated tag #forge:rods/long
[10mai.2026 15:10:00.764] [Thread-15/ERROR] [EMI/]: [EMI] Untranslated tag #forge:rods/long/aluminium
[10mai.2026 15:10:00.764] [Thread-15/ERROR] [EMI/]: [EMI] Untranslated tag #forge:rods/long/annealed_copper
[10mai.2026 15:10:00.764] [Thread-15/ERROR] [EMI/]: [EMI] Untranslated tag #forge:rods/long/bismuth_bronze
[10mai.2026 15:10:00.764] [Thread-15/ERROR] [EMI/]: [EMI] Untranslated tag #forge:rods/long/black_bronze
[10mai.2026 15:10:00.764] [Thread-15/ERROR] [EMI/]: [EMI] Untranslated tag #forge:rods/long/blue_steel
[10mai.2026 15:10:00.764] [Thread-15/ERROR] [EMI/]: [EMI] Untranslated tag #forge:rods/long/brass
[10mai.2026 15:10:00.764] [Thread-15/ERROR] [EMI/]: [EMI] Untranslated tag #forge:rods/long/bronze
[10mai.2026 15:10:00.764] [Thread-15/ERROR] [EMI/]: [EMI] Untranslated tag #forge:rods/long/cobalt_brass
[10mai.2026 15:10:00.764] [Thread-15/ERROR] [EMI/]: [EMI] Untranslated tag #forge:rods/long/copper
[10mai.2026 15:10:00.764] [Thread-15/ERROR] [EMI/]: [EMI] Untranslated tag #forge:rods/long/cupronickel
[10mai.2026 15:10:00.764] [Thread-15/ERROR] [EMI/]: [EMI] Untranslated tag #forge:rods/long/damascus_steel
[10mai.2026 15:10:00.764] [Thread-15/ERROR] [EMI/]: [EMI] Untranslated tag #forge:rods/long/darmstadtium
[10mai.2026 15:10:00.764] [Thread-15/ERROR] [EMI/]: [EMI] Untranslated tag #forge:rods/long/diamond
[10mai.2026 15:10:00.764] [Thread-15/ERROR] [EMI/]: [EMI] Untranslated tag #forge:rods/long/duranium
[10mai.2026 15:10:00.764] [Thread-15/ERROR] [EMI/]: [EMI] Untranslated tag #forge:rods/long/electrum
[10mai.2026 15:10:00.764] [Thread-15/ERROR] [EMI/]: [EMI] Untranslated tag #forge:rods/long/europium
[10mai.2026 15:10:00.764] [Thread-15/ERROR] [EMI/]: [EMI] Untranslated tag #forge:rods/long/gold
[10mai.2026 15:10:00.764] [Thread-15/ERROR] [EMI/]: [EMI] Untranslated tag #forge:rods/long/hsla_steel
[10mai.2026 15:10:00.764] [Thread-15/ERROR] [EMI/]: [EMI] Untranslated tag #forge:rods/long/hsse
[10mai.2026 15:10:00.764] [Thread-15/ERROR] [EMI/]: [EMI] Untranslated tag #forge:rods/long/hssg
[10mai.2026 15:10:00.764] [Thread-15/ERROR] [EMI/]: [EMI] Untranslated tag #forge:rods/long/hsss
[10mai.2026 15:10:00.764] [Thread-15/ERROR] [EMI/]: [EMI] Untranslated tag #forge:rods/long/invar
[10mai.2026 15:10:00.764] [Thread-15/ERROR] [EMI/]: [EMI] Untranslated tag #forge:rods/long/iridium
[10mai.2026 15:10:00.764] [Thread-15/ERROR] [EMI/]: [EMI] Untranslated tag #forge:rods/long/iron
[10mai.2026 15:10:00.764] [Thread-15/ERROR] [EMI/]: [EMI] Untranslated tag #forge:rods/long/kanthal
[10mai.2026 15:10:00.764] [Thread-15/ERROR] [EMI/]: [EMI] Untranslated tag #forge:rods/long/lead
[10mai.2026 15:10:00.764] [Thread-15/ERROR] [EMI/]: [EMI] Untranslated tag #forge:rods/long/magnalium
[10mai.2026 15:10:00.764] [Thread-15/ERROR] [EMI/]: [EMI] Untranslated tag #forge:rods/long/magnetic_samarium
[10mai.2026 15:10:00.764] [Thread-15/ERROR] [EMI/]: [EMI] Untranslated tag #forge:rods/long/molybdenum_disilicide
[10mai.2026 15:10:00.764] [Thread-15/ERROR] [EMI/]: [EMI] Untranslated tag #forge:rods/long/naquadah
[10mai.2026 15:10:00.764] [Thread-15/ERROR] [EMI/]: [EMI] Untranslated tag #forge:rods/long/naquadah_alloy
[10mai.2026 15:10:00.764] [Thread-15/ERROR] [EMI/]: [EMI] Untranslated tag #forge:rods/long/neutronium
[10mai.2026 15:10:00.764] [Thread-15/ERROR] [EMI/]: [EMI] Untranslated tag #forge:rods/long/nichrome
[10mai.2026 15:10:00.764] [Thread-15/ERROR] [EMI/]: [EMI] Untranslated tag #forge:rods/long/niobium_titanium
[10mai.2026 15:10:00.764] [Thread-15/ERROR] [EMI/]: [EMI] Untranslated tag #forge:rods/long/osmiridium
[10mai.2026 15:10:00.764] [Thread-15/ERROR] [EMI/]: [EMI] Untranslated tag #forge:rods/long/osmium
[10mai.2026 15:10:00.764] [Thread-15/ERROR] [EMI/]: [EMI] Untranslated tag #forge:rods/long/platinum
[10mai.2026 15:10:00.764] [Thread-15/ERROR] [EMI/]: [EMI] Untranslated tag #forge:rods/long/potin
[10mai.2026 15:10:00.764] [Thread-15/ERROR] [EMI/]: [EMI] Untranslated tag #forge:rods/long/red_steel
[10mai.2026 15:10:00.764] [Thread-15/ERROR] [EMI/]: [EMI] Untranslated tag #forge:rods/long/rhodium
[10mai.2026 15:10:00.764] [Thread-15/ERROR] [EMI/]: [EMI] Untranslated tag #forge:rods/long/rhodium_plated_palladium
[10mai.2026 15:10:00.764] [Thread-15/ERROR] [EMI/]: [EMI] Untranslated tag #forge:rods/long/rose_gold
[10mai.2026 15:10:00.764] [Thread-15/ERROR] [EMI/]: [EMI] Untranslated tag #forge:rods/long/rtm_alloy
[10mai.2026 15:10:00.764] [Thread-15/ERROR] [EMI/]: [EMI] Untranslated tag #forge:rods/long/ruridit
[10mai.2026 15:10:00.764] [Thread-15/ERROR] [EMI/]: [EMI] Untranslated tag #forge:rods/long/samarium
[10mai.2026 15:10:00.764] [Thread-15/ERROR] [EMI/]: [EMI] Untranslated tag #forge:rods/long/silver
[10mai.2026 15:10:00.764] [Thread-15/ERROR] [EMI/]: [EMI] Untranslated tag #forge:rods/long/stainless_steel
[10mai.2026 15:10:00.764] [Thread-15/ERROR] [EMI/]: [EMI] Untranslated tag #forge:rods/long/steel
[10mai.2026 15:10:00.764] [Thread-15/ERROR] [EMI/]: [EMI] Untranslated tag #forge:rods/long/sterling_silver
[10mai.2026 15:10:00.764] [Thread-15/ERROR] [EMI/]: [EMI] Untranslated tag #forge:rods/long/tin
[10mai.2026 15:10:00.766] [Thread-15/ERROR] [EMI/]: [EMI] Untranslated tag #forge:rods/long/tin_alloy
[10mai.2026 15:10:00.766] [Thread-15/ERROR] [EMI/]: [EMI] Untranslated tag #forge:rods/long/titanium
[10mai.2026 15:10:00.766] [Thread-15/ERROR] [EMI/]: [EMI] Untranslated tag #forge:rods/long/tritanium
[10mai.2026 15:10:00.766] [Thread-15/ERROR] [EMI/]: [EMI] Untranslated tag #forge:rods/long/tungsten
[10mai.2026 15:10:00.766] [Thread-15/ERROR] [EMI/]: [EMI] Untranslated tag #forge:rods/long/tungsten_carbide
[10mai.2026 15:10:00.766] [Thread-15/ERROR] [EMI/]: [EMI] Untranslated tag #forge:rods/long/tungsten_steel
[10mai.2026 15:10:00.766] [Thread-15/ERROR] [EMI/]: [EMI] Untranslated tag #forge:rods/long/ultimet
[10mai.2026 15:10:00.766] [Thread-15/ERROR] [EMI/]: [EMI] Untranslated tag #forge:rods/long/vanadium_gallium
[10mai.2026 15:10:00.766] [Thread-15/ERROR] [EMI/]: [EMI] Untranslated tag #forge:rods/long/vanadium_steel
[10mai.2026 15:10:00.766] [Thread-15/ERROR] [EMI/]: [EMI] Untranslated tag #forge:rods/long/wood
[10mai.2026 15:10:00.766] [Thread-15/ERROR] [EMI/]: [EMI] Untranslated tag #forge:rods/long/wrought_iron
[10mai.2026 15:10:00.766] [Thread-15/ERROR] [EMI/]: [EMI] Untranslated tag #forge:rods/long/yttrium_barium_cuprate
[10mai.2026 15:10:00.766] [Thread-15/ERROR] [EMI/]: [EMI] Untranslated tag #forge:rods/magnalium
[10mai.2026 15:10:00.766] [Thread-15/ERROR] [EMI/]: [EMI] Untranslated tag #forge:rods/magnetic_iron
[10mai.2026 15:10:00.766] [Thread-15/ERROR] [EMI/]: [EMI] Untranslated tag #forge:rods/magnetic_neodymium
[10mai.2026 15:10:00.766] [Thread-15/ERROR] [EMI/]: [EMI] Untranslated tag #forge:rods/magnetic_samarium
[10mai.2026 15:10:00.766] [Thread-15/ERROR] [EMI/]: [EMI] Untranslated tag #forge:rods/magnetic_steel
[10mai.2026 15:10:00.766] [Thread-15/ERROR] [EMI/]: [EMI] Untranslated tag #forge:rods/manganese
[10mai.2026 15:10:00.766] [Thread-15/ERROR] [EMI/]: [EMI] Untranslated tag #forge:rods/maraging_steel_300
[10mai.2026 15:10:00.766] [Thread-15/ERROR] [EMI/]: [EMI] Untranslated tag #forge:rods/molybdenum
[10mai.2026 15:10:00.766] [Thread-15/ERROR] [EMI/]: [EMI] Untranslated tag #forge:rods/molybdenum_disilicide
[10mai.2026 15:10:00.766] [Thread-15/ERROR] [EMI/]: [EMI] Untranslated tag #forge:rods/naquadah
[10mai.2026 15:10:00.766] [Thread-15/ERROR] [EMI/]: [EMI] Untranslated tag #forge:rods/naquadah_alloy
[10mai.2026 15:10:00.766] [Thread-15/ERROR] [EMI/]: [EMI] Untranslated tag #forge:rods/naquadria
[10mai.2026 15:10:00.766] [Thread-15/ERROR] [EMI/]: [EMI] Untranslated tag #forge:rods/neodymium
[10mai.2026 15:10:00.766] [Thread-15/ERROR] [EMI/]: [EMI] Untranslated tag #forge:rods/neutronium
[10mai.2026 15:10:00.766] [Thread-15/ERROR] [EMI/]: [EMI] Untranslated tag #forge:rods/nichrome
[10mai.2026 15:10:00.766] [Thread-15/ERROR] [EMI/]: [EMI] Untranslated tag #forge:rods/nickel_zinc_ferrite
[10mai.2026 15:10:00.766] [Thread-15/ERROR] [EMI/]: [EMI] Untranslated tag #forge:rods/niobium_nitride
[10mai.2026 15:10:00.766] [Thread-15/ERROR] [EMI/]: [EMI] Untranslated tag #forge:rods/niobium_titanium
[10mai.2026 15:10:00.766] [Thread-15/ERROR] [EMI/]: [EMI] Untranslated tag #forge:rods/olivine
[10mai.2026 15:10:00.766] [Thread-15/ERROR] [EMI/]: [EMI] Untranslated tag #forge:rods/opal
[10mai.2026 15:10:00.766] [Thread-15/ERROR] [EMI/]: [EMI] Untranslated tag #forge:rods/osmiridium
[10mai.2026 15:10:00.766] [Thread-15/ERROR] [EMI/]: [EMI] Untranslated tag #forge:rods/osmium
[10mai.2026 15:10:00.766] [Thread-15/ERROR] [EMI/]: [EMI] Untranslated tag #forge:rods/palladium
[10mai.2026 15:10:00.766] [Thread-15/ERROR] [EMI/]: [EMI] Untranslated tag #forge:rods/platinum
[10mai.2026 15:10:00.766] [Thread-15/ERROR] [EMI/]: [EMI] Untranslated tag #forge:rods/plutonium_241
[10mai.2026 15:10:00.766] [Thread-15/ERROR] [EMI/]: [EMI] Untranslated tag #forge:rods/polyphenylene_sulfide
[10mai.2026 15:10:00.766] [Thread-15/ERROR] [EMI/]: [EMI] Untranslated tag #forge:rods/polytetrafluoroethylene
[10mai.2026 15:10:00.766] [Render thread/WARN] [mezz.jei.library.plugins.vanilla.ingredients.ItemStackListFactory/]: 224 duplicate items were found in 'GregTechCEu Decoration Blocks' creative tab's: displayItems
This may indicate that these types of item need a subtype interpreter added to JEI:
[green_borderless_lamp, pink_borderless_lamp, purple_lamp, white_lamp, red_lamp, orange_lamp, white_borderless_lamp, light_blue_borderless_lamp, cyan_lamp, red_borderless_lamp, blue_lamp, pink_lamp, gray_borderless_lamp, purple_borderless_lamp, yellow_borderless_lamp, magenta_lamp, light_blue_lamp, light_gray_lamp, lime_lamp, black_borderless_lamp, brown_lamp, lime_borderless_lamp, yellow_lamp, magenta_borderless_lamp, blue_borderless_lamp, black_lamp, orange_borderless_lamp, brown_borderless_lamp, cyan_borderless_lamp, gray_lamp, green_lamp, light_gray_borderless_lamp]
[10mai.2026 15:10:00.766] [Thread-15/ERROR] [EMI/]: [EMI] Untranslated tag #forge:rods/polyvinyl_chloride
[10mai.2026 15:10:00.766] [Thread-15/ERROR] [EMI/]: [EMI] Untranslated tag #forge:rods/potin
[10mai.2026 15:10:00.766] [Thread-15/ERROR] [EMI/]: [EMI] Untranslated tag #forge:rods/red_alloy
[10mai.2026 15:10:00.766] [Thread-15/ERROR] [EMI/]: [EMI] Untranslated tag #forge:rods/red_garnet
[10mai.2026 15:10:00.767] [Thread-15/ERROR] [EMI/]: [EMI] Untranslated tag #forge:rods/red_steel
[10mai.2026 15:10:00.767] [Thread-15/ERROR] [EMI/]: [EMI] Untranslated tag #forge:rods/rhodium
[10mai.2026 15:10:00.767] [Thread-15/ERROR] [EMI/]: [EMI] Untranslated tag #forge:rods/rhodium_plated_palladium
[10mai.2026 15:10:00.767] [Thread-15/ERROR] [EMI/]: [EMI] Untranslated tag #forge:rods/rose_gold
[10mai.2026 15:10:00.767] [Thread-15/ERROR] [EMI/]: [EMI] Untranslated tag #forge:rods/rtm_alloy
[10mai.2026 15:10:00.767] [Thread-15/ERROR] [EMI/]: [EMI] Untranslated tag #forge:rods/rubber
[10mai.2026 15:10:00.767] [Thread-15/ERROR] [EMI/]: [EMI] Untranslated tag #forge:rods/ruby
[10mai.2026 15:10:00.767] [Thread-15/ERROR] [EMI/]: [EMI] Untranslated tag #forge:rods/ruridit
[10mai.2026 15:10:00.767] [Thread-15/ERROR] [EMI/]: [EMI] Untranslated tag #forge:rods/ruthenium
[10mai.2026 15:10:00.767] [Thread-15/ERROR] [EMI/]: [EMI] Untranslated tag #forge:rods/samarium
[10mai.2026 15:10:00.767] [Thread-15/ERROR] [EMI/]: [EMI] Untranslated tag #forge:rods/sapphire
[10mai.2026 15:10:00.767] [Thread-15/ERROR] [EMI/]: [EMI] Untranslated tag #forge:rods/silicone_rubber
[10mai.2026 15:10:00.767] [Thread-15/ERROR] [EMI/]: [EMI] Untranslated tag #forge:rods/silver
[10mai.2026 15:10:00.767] [Thread-15/ERROR] [EMI/]: [EMI] Untranslated tag #forge:rods/sodalite
[10mai.2026 15:10:00.767] [Thread-15/ERROR] [EMI/]: [EMI] Untranslated tag #forge:rods/stainless_steel
[10mai.2026 15:10:00.767] [Thread-15/ERROR] [EMI/]: [EMI] Untranslated tag #forge:rods/steel
[10mai.2026 15:10:00.767] [Thread-15/ERROR] [EMI/]: [EMI] Untranslated tag #forge:rods/sterling_silver
[10mai.2026 15:10:00.767] [Thread-15/ERROR] [EMI/]: [EMI] Untranslated tag #forge:rods/stone
[10mai.2026 15:10:00.767] [Thread-15/ERROR] [EMI/]: [EMI] Untranslated tag #forge:rods/styrene_butadiene_rubber
[10mai.2026 15:10:00.767] [Thread-15/ERROR] [EMI/]: [EMI] Untranslated tag #forge:rods/thorium
[10mai.2026 15:10:00.767] [Thread-15/ERROR] [EMI/]: [EMI] Untranslated tag #forge:rods/tin
[10mai.2026 15:10:00.767] [Thread-15/ERROR] [EMI/]: [EMI] Untranslated tag #forge:rods/tin_alloy
[10mai.2026 15:10:00.767] [Thread-15/ERROR] [EMI/]: [EMI] Untranslated tag #forge:rods/titanium
[10mai.2026 15:10:00.767] [Thread-15/ERROR] [EMI/]: [EMI] Untranslated tag #forge:rods/topaz
[10mai.2026 15:10:00.767] [Thread-15/ERROR] [EMI/]: [EMI] Untranslated tag #forge:rods/treated_wood
[10mai.2026 15:10:00.767] [Thread-15/ERROR] [EMI/]: [EMI] Untranslated tag #forge:rods/trinium
[10mai.2026 15:10:00.767] [Thread-15/ERROR] [EMI/]: [EMI] Untranslated tag #forge:rods/tritanium
[10mai.2026 15:10:00.767] [Thread-15/ERROR] [EMI/]: [EMI] Untranslated tag #forge:rods/tungsten
[10mai.2026 15:10:00.767] [Thread-15/ERROR] [EMI/]: [EMI] Untranslated tag #forge:rods/tungsten_carbide
[10mai.2026 15:10:00.767] [Thread-15/ERROR] [EMI/]: [EMI] Untranslated tag #forge:rods/tungsten_steel
[10mai.2026 15:10:00.767] [Thread-15/ERROR] [EMI/]: [EMI] Untranslated tag #forge:rods/ultimet
[10mai.2026 15:10:00.767] [Thread-15/ERROR] [EMI/]: [EMI] Untranslated tag #forge:rods/uranium
[10mai.2026 15:10:00.767] [Thread-15/ERROR] [EMI/]: [EMI] Untranslated tag #forge:rods/uranium_235
[10mai.2026 15:10:00.767] [Thread-15/ERROR] [EMI/]: [EMI] Untranslated tag #forge:rods/vanadium_gallium
[10mai.2026 15:10:00.767] [Thread-15/ERROR] [EMI/]: [EMI] Untranslated tag #forge:rods/vanadium_steel
[10mai.2026 15:10:00.767] [Thread-15/ERROR] [EMI/]: [EMI] Untranslated tag #forge:rods/watertight_steel
[10mai.2026 15:10:00.767] [Thread-15/ERROR] [EMI/]: [EMI] Untranslated tag #forge:rods/wood
[10mai.2026 15:10:00.767] [Thread-15/ERROR] [EMI/]: [EMI] Untranslated tag #forge:rods/wrought_iron
[10mai.2026 15:10:00.767] [Thread-15/ERROR] [EMI/]: [EMI] Untranslated tag #forge:rods/yellow_garnet
[10mai.2026 15:10:00.767] [Thread-15/ERROR] [EMI/]: [EMI] Untranslated tag #forge:rods/yttrium_barium_cuprate
[10mai.2026 15:10:00.767] [Thread-15/ERROR] [EMI/]: [EMI] Untranslated tag #forge:rods/zinc
[10mai.2026 15:10:00.767] [Thread-15/ERROR] [EMI/]: [EMI] Untranslated tag #forge:rotors
[10mai.2026 15:10:00.767] [Thread-15/ERROR] [EMI/]: [EMI] Untranslated tag #forge:rotors/bronze
[10mai.2026 15:10:00.767] [Thread-15/ERROR] [EMI/]: [EMI] Untranslated tag #forge:rotors/chromium
[10mai.2026 15:10:00.767] [Thread-15/ERROR] [EMI/]: [EMI] Untranslated tag #forge:rotors/copper
[10mai.2026 15:10:00.767] [Thread-15/ERROR] [EMI/]: [EMI] Untranslated tag #forge:rotors/darmstadtium
[10mai.2026 15:10:00.767] [Thread-15/ERROR] [EMI/]: [EMI] Untranslated tag #forge:rotors/hsss
[10mai.2026 15:10:00.767] [Thread-15/ERROR] [EMI/]: [EMI] Untranslated tag #forge:rotors/iron
[10mai.2026 15:10:00.767] [Thread-15/ERROR] [EMI/]: [EMI] Untranslated tag #forge:rotors/lead
[10mai.2026 15:10:00.767] [Thread-15/ERROR] [EMI/]: [EMI] Untranslated tag #forge:rotors/naquadah_alloy
[10mai.2026 15:10:00.767] [Thread-15/ERROR] [EMI/]: [EMI] Untranslated tag #forge:rotors/osmiridium
[10mai.2026 15:10:00.767] [Thread-15/ERROR] [EMI/]: [EMI] Untranslated tag #forge:rotors/rhodium_plated_palladium
[10mai.2026 15:10:00.767] [Thread-15/ERROR] [EMI/]: [EMI] Untranslated tag #forge:rotors/stainless_steel
[10mai.2026 15:10:00.767] [Thread-15/ERROR] [EMI/]: [EMI] Untranslated tag #forge:rotors/steel
[10mai.2026 15:10:00.767] [Thread-15/ERROR] [EMI/]: [EMI] Untranslated tag #forge:rotors/tin
[10mai.2026 15:10:00.767] [Thread-15/ERROR] [EMI/]: [EMI] Untranslated tag #forge:rotors/titanium
[10mai.2026 15:10:00.767] [Thread-15/ERROR] [EMI/]: [EMI] Untranslated tag #forge:rotors/tungsten_steel
[10mai.2026 15:10:00.767] [Thread-15/ERROR] [EMI/]: [EMI] Untranslated tag #forge:rounds
[10mai.2026 15:10:00.767] [Thread-15/ERROR] [EMI/]: [EMI] Untranslated tag #forge:rounds/hsss
[10mai.2026 15:10:00.767] [Thread-15/ERROR] [EMI/]: [EMI] Untranslated tag #forge:rounds/iron
[10mai.2026 15:10:00.767] [Thread-15/ERROR] [EMI/]: [EMI] Untranslated tag #forge:rounds/osmiridium
[10mai.2026 15:10:00.767] [Thread-15/ERROR] [EMI/]: [EMI] Untranslated tag #forge:rounds/tritanium
[10mai.2026 15:10:00.767] [Thread-15/ERROR] [EMI/]: [EMI] Untranslated tag #forge:screws
[10mai.2026 15:10:00.767] [Thread-15/ERROR] [EMI/]: [EMI] Untranslated tag #forge:screws/aluminium
[10mai.2026 15:10:00.767] [Thread-15/ERROR] [EMI/]: [EMI] Untranslated tag #forge:screws/annealed_copper
[10mai.2026 15:10:00.767] [Thread-15/ERROR] [EMI/]: [EMI] Untranslated tag #forge:screws/apatite
[10mai.2026 15:10:00.767] [Thread-15/ERROR] [EMI/]: [EMI] Untranslated tag #forge:screws/bismuth_bronze
[10mai.2026 15:10:00.767] [Thread-15/ERROR] [EMI/]: [EMI] Untranslated tag #forge:screws/black_bronze
[10mai.2026 15:10:00.767] [Thread-15/ERROR] [EMI/]: [EMI] Untranslated tag #forge:screws/blue_alloy
[10mai.2026 15:10:00.767] [Thread-15/ERROR] [EMI/]: [EMI] Untranslated tag #forge:screws/blue_steel
[10mai.2026 15:10:00.767] [Thread-15/ERROR] [EMI/]: [EMI] Untranslated tag #forge:screws/brass
[10mai.2026 15:10:00.767] [Thread-15/ERROR] [EMI/]: [EMI] Untranslated tag #forge:screws/bronze
[10mai.2026 15:10:00.767] [Thread-15/ERROR] [EMI/]: [EMI] Untranslated tag #forge:screws/chromium
[10mai.2026 15:10:00.767] [Thread-15/ERROR] [EMI/]: [EMI] Untranslated tag #forge:screws/cobalt_brass
[10mai.2026 15:10:00.767] [Thread-15/ERROR] [EMI/]: [EMI] Untranslated tag #forge:screws/copper
[10mai.2026 15:10:00.767] [Thread-15/ERROR] [EMI/]: [EMI] Untranslated tag #forge:screws/damascus_steel
[10mai.2026 15:10:00.767] [Thread-15/ERROR] [EMI/]: [EMI] Untranslated tag #forge:screws/darmstadtium
[10mai.2026 15:10:00.767] [Thread-15/ERROR] [EMI/]: [EMI] Untranslated tag #forge:screws/diamond
[10mai.2026 15:10:00.767] [Thread-15/ERROR] [EMI/]: [EMI] Untranslated tag #forge:screws/duranium
[10mai.2026 15:10:00.767] [Thread-15/ERROR] [EMI/]: [EMI] Untranslated tag #forge:screws/electrum
[10mai.2026 15:10:00.767] [Thread-15/ERROR] [EMI/]: [EMI] Untranslated tag #forge:screws/gold
[10mai.2026 15:10:00.767] [Thread-15/ERROR] [EMI/]: [EMI] Untranslated tag #forge:screws/hsse
[10mai.2026 15:10:00.767] [Thread-15/ERROR] [EMI/]: [EMI] Untranslated tag #forge:screws/hssg
[10mai.2026 15:10:00.767] [Thread-15/ERROR] [EMI/]: [EMI] Untranslated tag #forge:screws/hsss
[10mai.2026 15:10:00.767] [Thread-15/ERROR] [EMI/]: [EMI] Untranslated tag #forge:screws/invar
[10mai.2026 15:10:00.767] [Thread-15/ERROR] [EMI/]: [EMI] Untranslated tag #forge:screws/iridium
[10mai.2026 15:10:00.767] [Thread-15/ERROR] [EMI/]: [EMI] Untranslated tag #forge:screws/iron
[10mai.2026 15:10:00.767] [Thread-15/ERROR] [EMI/]: [EMI] Untranslated tag #forge:screws/lead
[10mai.2026 15:10:00.767] [Thread-15/ERROR] [EMI/]: [EMI] Untranslated tag #forge:screws/magnalium
[10mai.2026 15:10:00.767] [Thread-15/ERROR] [EMI/]: [EMI] Untranslated tag #forge:screws/magnetic_iron
[10mai.2026 15:10:00.767] [Thread-15/ERROR] [EMI/]: [EMI] Untranslated tag #forge:screws/manganese
[10mai.2026 15:10:00.767] [Thread-15/ERROR] [EMI/]: [EMI] Untranslated tag #forge:screws/molybdenum
[10mai.2026 15:10:00.767] [Thread-15/ERROR] [EMI/]: [EMI] Untranslated tag #forge:screws/naquadah
[10mai.2026 15:10:00.767] [Thread-15/ERROR] [EMI/]: [EMI] Untranslated tag #forge:screws/naquadah_alloy
[10mai.2026 15:10:00.767] [Thread-15/ERROR] [EMI/]: [EMI] Untranslated tag #forge:screws/naquadria
[10mai.2026 15:10:00.767] [Thread-15/ERROR] [EMI/]: [EMI] Untranslated tag #forge:screws/neodymium
[10mai.2026 15:10:00.767] [Thread-15/ERROR] [EMI/]: [EMI] Untranslated tag #forge:screws/neutronium
[10mai.2026 15:10:00.767] [Thread-15/ERROR] [EMI/]: [EMI] Untranslated tag #forge:screws/niobium_titanium
[10mai.2026 15:10:00.769] [Thread-15/ERROR] [EMI/]: [EMI] Untranslated tag #forge:screws/osmiridium
[10mai.2026 15:10:00.769] [Thread-15/ERROR] [EMI/]: [EMI] Untranslated tag #forge:screws/osmium
[10mai.2026 15:10:00.769] [Thread-15/ERROR] [EMI/]: [EMI] Untranslated tag #forge:screws/platinum
[10mai.2026 15:10:00.769] [Thread-15/ERROR] [EMI/]: [EMI] Untranslated tag #forge:screws/potin
[10mai.2026 15:10:00.769] [Thread-15/ERROR] [EMI/]: [EMI] Untranslated tag #forge:screws/red_alloy
[10mai.2026 15:10:00.769] [Thread-15/ERROR] [EMI/]: [EMI] Untranslated tag #forge:screws/red_steel
[10mai.2026 15:10:00.769] [Thread-15/ERROR] [EMI/]: [EMI] Untranslated tag #forge:screws/rhodium
[10mai.2026 15:10:00.769] [Thread-15/ERROR] [EMI/]: [EMI] Untranslated tag #forge:screws/rhodium_plated_palladium
[10mai.2026 15:10:00.769] [Thread-15/ERROR] [EMI/]: [EMI] Untranslated tag #forge:screws/rose_gold
[10mai.2026 15:10:00.769] [Thread-15/ERROR] [EMI/]: [EMI] Untranslated tag #forge:screws/rubber
[10mai.2026 15:10:00.769] [Thread-15/ERROR] [EMI/]: [EMI] Untranslated tag #forge:screws/ruridit
[10mai.2026 15:10:00.769] [Thread-15/ERROR] [EMI/]: [EMI] Untranslated tag #forge:screws/silver
[10mai.2026 15:10:00.769] [Thread-15/ERROR] [EMI/]: [EMI] Untranslated tag #forge:screws/stainless_steel
[10mai.2026 15:10:00.769] [Thread-15/ERROR] [EMI/]: [EMI] Untranslated tag #forge:screws/steel
[10mai.2026 15:10:00.769] [Thread-15/ERROR] [EMI/]: [EMI] Untranslated tag #forge:screws/sterling_silver
[10mai.2026 15:10:00.769] [Thread-15/ERROR] [EMI/]: [EMI] Untranslated tag #forge:screws/tin
[10mai.2026 15:10:00.769] [Thread-15/ERROR] [EMI/]: [EMI] Untranslated tag #forge:screws/tin_alloy
[10mai.2026 15:10:00.769] [Thread-15/ERROR] [EMI/]: [EMI] Untranslated tag #forge:screws/titanium
[10mai.2026 15:10:00.769] [Thread-15/ERROR] [EMI/]: [EMI] Untranslated tag #forge:screws/trinium
[10mai.2026 15:10:00.769] [Thread-15/ERROR] [EMI/]: [EMI] Untranslated tag #forge:screws/tritanium
[10mai.2026 15:10:00.769] [Thread-15/ERROR] [EMI/]: [EMI] Untranslated tag #forge:screws/tungsten
[10mai.2026 15:10:00.769] [Thread-15/ERROR] [EMI/]: [EMI] Untranslated tag #forge:screws/tungsten_carbide
[10mai.2026 15:10:00.769] [Thread-15/ERROR] [EMI/]: [EMI] Untranslated tag #forge:screws/tungsten_steel
[10mai.2026 15:10:00.769] [Thread-15/ERROR] [EMI/]: [EMI] Untranslated tag #forge:screws/ultimet
[10mai.2026 15:10:00.769] [Thread-15/ERROR] [EMI/]: [EMI] Untranslated tag #forge:screws/vanadium_steel
[10mai.2026 15:10:00.769] [Thread-15/ERROR] [EMI/]: [EMI] Untranslated tag #forge:screws/wood
[10mai.2026 15:10:00.769] [Thread-15/ERROR] [EMI/]: [EMI] Untranslated tag #forge:screws/wrought_iron
[10mai.2026 15:10:00.769] [Thread-15/ERROR] [EMI/]: [EMI] Untranslated tag #forge:screws/yttrium_barium_cuprate
[10mai.2026 15:10:00.769] [Thread-15/ERROR] [EMI/]: [EMI] Untranslated tag #forge:siftables
[10mai.2026 15:10:00.769] [Thread-15/ERROR] [EMI/]: [EMI] Untranslated tag #forge:small_dusts
[10mai.2026 15:10:00.769] [Thread-15/ERROR] [EMI/]: [EMI] Untranslated tag #forge:small_dusts/actinium
[10mai.2026 15:10:00.769] [Thread-15/ERROR] [EMI/]: [EMI] Untranslated tag #forge:small_dusts/activated_carbon
[10mai.2026 15:10:00.769] [Thread-15/ERROR] [EMI/]: [EMI] Untranslated tag #forge:small_dusts/agar
[10mai.2026 15:10:00.769] [Thread-15/ERROR] [EMI/]: [EMI] Untranslated tag #forge:small_dusts/almandine
[10mai.2026 15:10:00.769] [Thread-15/ERROR] [EMI/]: [EMI] Untranslated tag #forge:small_dusts/aluminium
[10mai.2026 15:10:00.769] [Thread-15/ERROR] [EMI/]: [EMI] Untranslated tag #forge:small_dusts/aluminium_sulfite
[10mai.2026 15:10:00.769] [Thread-15/ERROR] [EMI/]: [EMI] Untranslated tag #forge:small_dusts/alunite
[10mai.2026 15:10:00.769] [Thread-15/ERROR] [EMI/]: [EMI] Untranslated tag #forge:small_dusts/americium
[10mai.2026 15:10:00.769] [Thread-15/ERROR] [EMI/]: [EMI] Untranslated tag #forge:small_dusts/amethyst
[10mai.2026 15:10:00.769] [Thread-15/ERROR] [EMI/]: [EMI] Untranslated tag #forge:small_dusts/ammonium_chloride
[10mai.2026 15:10:00.769] [Thread-15/ERROR] [EMI/]: [EMI] Untranslated tag #forge:small_dusts/andesite
[10mai.2026 15:10:00.769] [Thread-15/ERROR] [EMI/]: [EMI] Untranslated tag #forge:small_dusts/andradite
[10mai.2026 15:10:00.769] [Thread-15/ERROR] [EMI/]: [EMI] Untranslated tag #forge:small_dusts/annealed_copper
[10mai.2026 15:10:00.769] [Thread-15/ERROR] [EMI/]: [EMI] Untranslated tag #forge:small_dusts/antimony
[10mai.2026 15:10:00.769] [Thread-15/ERROR] [EMI/]: [EMI] Untranslated tag #forge:small_dusts/antimony_trifluoride
[10mai.2026 15:10:00.769] [Thread-15/ERROR] [EMI/]: [EMI] Untranslated tag #forge:small_dusts/antimony_trioxide
[10mai.2026 15:10:00.769] [Thread-15/ERROR] [EMI/]: [EMI] Untranslated tag #forge:small_dusts/apatite
[10mai.2026 15:10:00.769] [Thread-15/ERROR] [EMI/]: [EMI] Untranslated tag #forge:small_dusts/arsenic
[10mai.2026 15:10:00.769] [Thread-15/ERROR] [EMI/]: [EMI] Untranslated tag #forge:small_dusts/arsenic_trioxide
[10mai.2026 15:10:00.769] [Thread-15/ERROR] [EMI/]: [EMI] Untranslated tag #forge:small_dusts/asbestos
[10mai.2026 15:10:00.769] [Thread-15/ERROR] [EMI/]: [EMI] Untranslated tag #forge:small_dusts/ash
[10mai.2026 15:10:00.769] [Thread-15/ERROR] [EMI/]: [EMI] Untranslated tag #forge:small_dusts/astatine
[10mai.2026 15:10:00.769] [Thread-15/ERROR] [EMI/]: [EMI] Untranslated tag #forge:small_dusts/barite
[10mai.2026 15:10:00.769] [Thread-15/ERROR] [EMI/]: [EMI] Untranslated tag #forge:small_dusts/barium
[10mai.2026 15:10:00.769] [Thread-15/ERROR] [EMI/]: [EMI] Untranslated tag #forge:small_dusts/barium_sulfide
[10mai.2026 15:10:00.769] [Thread-15/ERROR] [EMI/]: [EMI] Untranslated tag #forge:small_dusts/basalt
[10mai.2026 15:10:00.769] [Thread-15/ERROR] [EMI/]: [EMI] Untranslated tag #forge:small_dusts/basaltic_mineral_sand
[10mai.2026 15:10:00.769] [Thread-15/ERROR] [EMI/]: [EMI] Untranslated tag #forge:small_dusts/bastnasite
[10mai.2026 15:10:00.769] [Thread-15/ERROR] [EMI/]: [EMI] Untranslated tag #forge:small_dusts/battery_alloy
[10mai.2026 15:10:00.769] [Thread-15/ERROR] [EMI/]: [EMI] Untranslated tag #forge:small_dusts/bauxite
[10mai.2026 15:10:00.769] [Thread-15/ERROR] [EMI/]: [EMI] Untranslated tag #forge:small_dusts/bauxite_slag
[10mai.2026 15:10:00.769] [Thread-15/ERROR] [EMI/]: [EMI] Untranslated tag #forge:small_dusts/bentonite
[10mai.2026 15:10:00.770] [Thread-15/ERROR] [EMI/]: [EMI] Untranslated tag #forge:small_dusts/berkelium
[10mai.2026 15:10:00.770] [Thread-15/ERROR] [EMI/]: [EMI] Untranslated tag #forge:small_dusts/beryllium
[10mai.2026 15:10:00.770] [Thread-15/ERROR] [EMI/]: [EMI] Untranslated tag #forge:small_dusts/biotite
[10mai.2026 15:10:00.770] [Thread-15/ERROR] [EMI/]: [EMI] Untranslated tag #forge:small_dusts/biphenyl
[10mai.2026 15:10:00.770] [Thread-15/ERROR] [EMI/]: [EMI] Untranslated tag #forge:small_dusts/bismuth
[10mai.2026 15:10:00.770] [Thread-15/ERROR] [EMI/]: [EMI] Untranslated tag #forge:small_dusts/bismuth_bronze
[10mai.2026 15:10:00.777] [Thread-15/ERROR] [EMI/]: [EMI] Untranslated tag #forge:small_dusts/black_bronze
[10mai.2026 15:10:00.777] [Thread-15/ERROR] [EMI/]: [EMI] Untranslated tag #forge:small_dusts/black_steel
[10mai.2026 15:10:00.777] [Thread-15/ERROR] [EMI/]: [EMI] Untranslated tag #forge:small_dusts/blackstone
[10mai.2026 15:10:00.777] [Thread-15/ERROR] [EMI/]: [EMI] Untranslated tag #forge:small_dusts/blaze
[10mai.2026 15:10:00.777] [Thread-15/ERROR] [EMI/]: [EMI] Untranslated tag #forge:small_dusts/blue_alloy
[10mai.2026 15:10:00.777] [Thread-15/ERROR] [EMI/]: [EMI] Untranslated tag #forge:small_dusts/blue_steel
[10mai.2026 15:10:00.777] [Thread-15/ERROR] [EMI/]: [EMI] Untranslated tag #forge:small_dusts/blue_topaz
[10mai.2026 15:10:00.777] [Thread-15/ERROR] [EMI/]: [EMI] Untranslated tag #forge:small_dusts/bohrium
[10mai.2026 15:10:00.777] [Thread-15/ERROR] [EMI/]: [EMI] Untranslated tag #forge:small_dusts/bone
[10mai.2026 15:10:00.777] [Thread-15/ERROR] [EMI/]: [EMI] Untranslated tag #forge:small_dusts/borax
[10mai.2026 15:10:00.777] [Thread-15/ERROR] [EMI/]: [EMI] Untranslated tag #forge:small_dusts/bornite
[10mai.2026 15:10:00.777] [Thread-15/ERROR] [EMI/]: [EMI] Untranslated tag #forge:small_dusts/boron
[10mai.2026 15:10:00.777] [Thread-15/ERROR] [EMI/]: [EMI] Untranslated tag #forge:small_dusts/borosilicate_glass
[10mai.2026 15:10:00.777] [Thread-15/ERROR] [EMI/]: [EMI] Untranslated tag #forge:small_dusts/brass
[10mai.2026 15:10:00.777] [Thread-15/ERROR] [EMI/]: [EMI] Untranslated tag #forge:small_dusts/brick
[10mai.2026 15:10:00.778] [Thread-15/ERROR] [EMI/]: [EMI] Untranslated tag #forge:small_dusts/bronze
[10mai.2026 15:10:00.778] [Thread-15/ERROR] [EMI/]: [EMI] Untranslated tag #forge:small_dusts/cadmium
[10mai.2026 15:10:00.778] [Thread-15/ERROR] [EMI/]: [EMI] Untranslated tag #forge:small_dusts/caesium
[10mai.2026 15:10:00.778] [Thread-15/ERROR] [EMI/]: [EMI] Untranslated tag #forge:small_dusts/calcite
[10mai.2026 15:10:00.778] [Thread-15/ERROR] [EMI/]: [EMI] Untranslated tag #forge:small_dusts/calcium
[10mai.2026 15:10:00.778] [Thread-15/ERROR] [EMI/]: [EMI] Untranslated tag #forge:small_dusts/calcium_carbonate
[10mai.2026 15:10:00.778] [Thread-15/ERROR] [EMI/]: [EMI] Untranslated tag #forge:small_dusts/calcium_chloride
[10mai.2026 15:10:00.778] [Thread-15/ERROR] [EMI/]: [EMI] Untranslated tag #forge:small_dusts/calcium_ferrocyanide
[10mai.2026 15:10:00.778] [Thread-15/ERROR] [EMI/]: [EMI] Untranslated tag #forge:small_dusts/calcium_hydroxide
[10mai.2026 15:10:00.778] [Thread-15/ERROR] [EMI/]: [EMI] Untranslated tag #forge:small_dusts/calcium_phosphide
[10mai.2026 15:10:00.778] [Thread-15/ERROR] [EMI/]: [EMI] Untranslated tag #forge:small_dusts/californium
[10mai.2026 15:10:00.778] [Thread-15/ERROR] [EMI/]: [EMI] Untranslated tag #forge:small_dusts/caprolactam
[10mai.2026 15:10:00.778] [Thread-15/ERROR] [EMI/]: [EMI] Untranslated tag #forge:small_dusts/carbon
[10mai.2026 15:10:00.778] [Thread-15/ERROR] [EMI/]: [EMI] Untranslated tag #forge:small_dusts/cassiterite
[10mai.2026 15:10:00.778] [Thread-15/ERROR] [EMI/]: [EMI] Untranslated tag #forge:small_dusts/cassiterite_sand
[10mai.2026 15:10:00.778] [Thread-15/ERROR] [EMI/]: [EMI] Untranslated tag #forge:small_dusts/cerium
[10mai.2026 15:10:00.778] [Thread-15/ERROR] [EMI/]: [EMI] Untranslated tag #forge:small_dusts/certus_quartz
[10mai.2026 15:10:00.778] [Thread-15/ERROR] [EMI/]: [EMI] Untranslated tag #forge:small_dusts/chalcocite
[10mai.2026 15:10:00.778] [Thread-15/ERROR] [EMI/]: [EMI] Untranslated tag #forge:small_dusts/chalcopyrite
[10mai.2026 15:10:00.778] [Thread-15/ERROR] [EMI/]: [EMI] Untranslated tag #forge:small_dusts/charcoal
[10mai.2026 15:10:00.778] [Thread-15/ERROR] [EMI/]: [EMI] Untranslated tag #forge:small_dusts/chromite
[10mai.2026 15:10:00.778] [Thread-15/ERROR] [EMI/]: [EMI] Untranslated tag #forge:small_dusts/chromium
[10mai.2026 15:10:00.778] [Thread-15/ERROR] [EMI/]: [EMI] Untranslated tag #forge:small_dusts/chromium_trioxide
[10mai.2026 15:10:00.778] [Thread-15/ERROR] [EMI/]: [EMI] Untranslated tag #forge:small_dusts/cinnabar
[10mai.2026 15:10:00.778] [Thread-15/ERROR] [EMI/]: [EMI] Untranslated tag #forge:small_dusts/clay
[10mai.2026 15:10:00.778] [Thread-15/ERROR] [EMI/]: [EMI] Untranslated tag #forge:small_dusts/coal
[10mai.2026 15:10:00.778] [Thread-15/ERROR] [EMI/]: [EMI] Untranslated tag #forge:small_dusts/cobalt
[10mai.2026 15:10:00.778] [Thread-15/ERROR] [EMI/]: [EMI] Untranslated tag #forge:small_dusts/cobalt_brass
[10mai.2026 15:10:00.778] [Thread-15/ERROR] [EMI/]: [EMI] Untranslated tag #forge:small_dusts/cobalt_oxide
[10mai.2026 15:10:00.778] [Thread-15/ERROR] [EMI/]: [EMI] Untranslated tag #forge:small_dusts/cobaltite
[10mai.2026 15:10:00.778] [Thread-15/ERROR] [EMI/]: [EMI] Untranslated tag #forge:small_dusts/cocoa
[10mai.2026 15:10:00.778] [Thread-15/ERROR] [EMI/]: [EMI] Untranslated tag #forge:small_dusts/coke
[10mai.2026 15:10:00.778] [Thread-15/ERROR] [EMI/]: [EMI] Untranslated tag #forge:small_dusts/collagen
[10mai.2026 15:10:00.778] [Thread-15/ERROR] [EMI/]: [EMI] Untranslated tag #forge:small_dusts/concrete
[10mai.2026 15:10:00.778] [Thread-15/ERROR] [EMI/]: [EMI] Untranslated tag #forge:small_dusts/cooperite
[10mai.2026 15:10:00.778] [Thread-15/ERROR] [EMI/]: [EMI] Untranslated tag #forge:small_dusts/copernicium
[10mai.2026 15:10:00.778] [Thread-15/ERROR] [EMI/]: [EMI] Untranslated tag #forge:small_dusts/copper
[10mai.2026 15:10:00.778] [Thread-15/ERROR] [EMI/]: [EMI] Untranslated tag #forge:small_dusts/cupric_oxide
[10mai.2026 15:10:00.778] [Thread-15/ERROR] [EMI/]: [EMI] Untranslated tag #forge:small_dusts/cupronickel
[10mai.2026 15:10:00.778] [Thread-15/ERROR] [EMI/]: [EMI] Untranslated tag #forge:small_dusts/curium
[10mai.2026 15:10:00.778] [Thread-15/ERROR] [EMI/]: [EMI] Untranslated tag #forge:small_dusts/cyclohexanone_oxime
[10mai.2026 15:10:00.778] [Thread-15/ERROR] [EMI/]: [EMI] Untranslated tag #forge:small_dusts/damascus_steel
[10mai.2026 15:10:00.778] [Thread-15/ERROR] [EMI/]: [EMI] Untranslated tag #forge:small_dusts/dark_ash
[10mai.2026 15:10:00.778] [Thread-15/ERROR] [EMI/]: [EMI] Untranslated tag #forge:small_dusts/darmstadtium
[10mai.2026 15:10:00.778] [Thread-15/ERROR] [EMI/]: [EMI] Untranslated tag #forge:small_dusts/deepslate
[10mai.2026 15:10:00.779] [Thread-15/ERROR] [EMI/]: [EMI] Untranslated tag #forge:small_dusts/diamond
[10mai.2026 15:10:00.779] [Thread-15/ERROR] [EMI/]: [EMI] Untranslated tag #forge:small_dusts/diatomite
[10mai.2026 15:10:00.779] [Thread-15/ERROR] [EMI/]: [EMI] Untranslated tag #forge:small_dusts/diethylenetriaminepentaacetic_acid
[10mai.2026 15:10:00.779] [Thread-15/ERROR] [EMI/]: [EMI] Untranslated tag #forge:small_dusts/diorite
[10mai.2026 15:10:00.779] [Thread-15/ERROR] [EMI/]: [EMI] Untranslated tag #forge:small_dusts/dubnium
[10mai.2026 15:10:00.779] [Thread-15/ERROR] [EMI/]: [EMI] Untranslated tag #forge:small_dusts/duranium
[10mai.2026 15:10:00.779] [Thread-15/ERROR] [EMI/]: [EMI] Untranslated tag #forge:small_dusts/dysprosium
[10mai.2026 15:10:00.779] [Thread-15/ERROR] [EMI/]: [EMI] Untranslated tag #forge:small_dusts/echo_shard
[10mai.2026 15:10:00.779] [Thread-15/ERROR] [EMI/]: [EMI] Untranslated tag #forge:small_dusts/einsteinium
[10mai.2026 15:10:00.779] [Thread-15/ERROR] [EMI/]: [EMI] Untranslated tag #forge:small_dusts/electrotine
[10mai.2026 15:10:00.779] [Thread-15/ERROR] [EMI/]: [EMI] Untranslated tag #forge:small_dusts/electrum
[10mai.2026 15:10:00.779] [Thread-15/ERROR] [EMI/]: [EMI] Untranslated tag #forge:small_dusts/emerald
[10mai.2026 15:10:00.779] [Thread-15/ERROR] [EMI/]: [EMI] Untranslated tag #forge:small_dusts/ender_eye
[10mai.2026 15:10:00.779] [Thread-15/ERROR] [EMI/]: [EMI] Untranslated tag #forge:small_dusts/ender_pearl
[10mai.2026 15:10:00.779] [Thread-15/ERROR] [EMI/]: [EMI] Untranslated tag #forge:small_dusts/endstone
[10mai.2026 15:10:00.779] [Thread-15/ERROR] [EMI/]: [EMI] Untranslated tag #forge:small_dusts/enriched_naquadah
[10mai.2026 15:10:00.779] [Thread-15/ERROR] [EMI/]: [EMI] Untranslated tag #forge:small_dusts/enriched_naquadah_sulfate
[10mai.2026 15:10:00.779] [Thread-15/ERROR] [EMI/]: [EMI] Untranslated tag #forge:small_dusts/enriched_naquadah_trinium_europium_duranide
[10mai.2026 15:10:00.779] [Thread-15/ERROR] [EMI/]: [EMI] Untranslated tag #forge:small_dusts/epoxy
[10mai.2026 15:10:00.779] [Thread-15/ERROR] [EMI/]: [EMI] Untranslated tag #forge:small_dusts/erbium
[10mai.2026 15:10:00.779] [Thread-15/ERROR] [EMI/]: [EMI] Untranslated tag #forge:small_dusts/europium
[10mai.2026 15:10:00.779] [Thread-15/ERROR] [EMI/]: [EMI] Untranslated tag #forge:small_dusts/fermium
[10mai.2026 15:10:00.779] [Thread-15/ERROR] [EMI/]: [EMI] Untranslated tag #forge:small_dusts/ferrite_mixture
[10mai.2026 15:10:00.779] [Thread-15/ERROR] [EMI/]: [EMI] Untranslated tag #forge:small_dusts/ferrosilite
[10mai.2026 15:10:00.779] [Thread-15/ERROR] [EMI/]: [EMI] Untranslated tag #forge:small_dusts/fireclay
[10mai.2026 15:10:00.779] [Thread-15/ERROR] [EMI/]: [EMI] Untranslated tag #forge:small_dusts/flerovium
[10mai.2026 15:10:00.779] [Thread-15/ERROR] [EMI/]: [EMI] Untranslated tag #forge:small_dusts/flint
[10mai.2026 15:10:00.779] [Thread-15/ERROR] [EMI/]: [EMI] Untranslated tag #forge:small_dusts/francium
[10mai.2026 15:10:00.779] [Thread-15/ERROR] [EMI/]: [EMI] Untranslated tag #forge:small_dusts/fullers_earth
[10mai.2026 15:10:00.779] [Thread-15/ERROR] [EMI/]: [EMI] Untranslated tag #forge:small_dusts/gadolinium
[10mai.2026 15:10:00.779] [Thread-15/ERROR] [EMI/]: [EMI] Untranslated tag #forge:small_dusts/galena
[10mai.2026 15:10:00.779] [Thread-15/ERROR] [EMI/]: [EMI] Untranslated tag #forge:small_dusts/gallium
[10mai.2026 15:10:00.779] [Thread-15/ERROR] [EMI/]: [EMI] Untranslated tag #forge:small_dusts/gallium_arsenide
[10mai.2026 15:10:00.779] [Thread-15/ERROR] [EMI/]: [EMI] Untranslated tag #forge:small_dusts/gallium_sulfide
[10mai.2026 15:10:00.779] [Thread-15/ERROR] [EMI/]: [EMI] Untranslated tag #forge:small_dusts/garnet_sand
[10mai.2026 15:10:00.779] [Thread-15/ERROR] [EMI/]: [EMI] Untranslated tag #forge:small_dusts/garnierite
[10mai.2026 15:10:00.779] [Thread-15/ERROR] [EMI/]: [EMI] Untranslated tag #forge:small_dusts/gelatin
[10mai.2026 15:10:00.779] [Thread-15/ERROR] [EMI/]: [EMI] Untranslated tag #forge:small_dusts/germanium
[10mai.2026 15:10:00.779] [Thread-15/ERROR] [EMI/]: [EMI] Untranslated tag #forge:small_dusts/glass
[10mai.2026 15:10:00.779] [Thread-15/ERROR] [EMI/]: [EMI] Untranslated tag #forge:small_dusts/glauconite_sand
[10mai.2026 15:10:00.779] [Thread-15/ERROR] [EMI/]: [EMI] Untranslated tag #forge:small_dusts/glowstone
[10mai.2026 15:10:00.780] [Thread-15/ERROR] [EMI/]: [EMI] Untranslated tag #forge:small_dusts/goethite
[10mai.2026 15:10:00.780] [Thread-15/ERROR] [EMI/]: [EMI] Untranslated tag #forge:small_dusts/gold
[10mai.2026 15:10:00.780] [Thread-15/ERROR] [EMI/]: [EMI] Untranslated tag #forge:small_dusts/granite
[10mai.2026 15:10:00.780] [Thread-15/ERROR] [EMI/]: [EMI] Untranslated tag #forge:small_dusts/granite_red
[10mai.2026 15:10:00.780] [Thread-15/ERROR] [EMI/]: [EMI] Untranslated tag #forge:small_dusts/granitic_mineral_sand
[10mai.2026 15:10:00.780] [Thread-15/ERROR] [EMI/]: [EMI] Untranslated tag #forge:small_dusts/graphene
[10mai.2026 15:10:00.780] [Thread-15/ERROR] [EMI/]: [EMI] Untranslated tag #forge:small_dusts/graphite
[10mai.2026 15:10:00.780] [Thread-15/ERROR] [EMI/]: [EMI] Untranslated tag #forge:small_dusts/green_sapphire
[10mai.2026 15:10:00.780] [Thread-15/ERROR] [EMI/]: [EMI] Untranslated tag #forge:small_dusts/grossular
[10mai.2026 15:10:00.780] [Thread-15/ERROR] [EMI/]: [EMI] Untranslated tag #forge:small_dusts/gunpowder
[10mai.2026 15:10:00.780] [Thread-15/ERROR] [EMI/]: [EMI] Untranslated tag #forge:small_dusts/gypsum
[10mai.2026 15:10:00.780] [Thread-15/ERROR] [EMI/]: [EMI] Untranslated tag #forge:small_dusts/hafnium
[10mai.2026 15:10:00.780] [Thread-15/ERROR] [EMI/]: [EMI] Untranslated tag #forge:small_dusts/hassium
[10mai.2026 15:10:00.780] [Thread-15/ERROR] [EMI/]: [EMI] Untranslated tag #forge:small_dusts/hastelloy_c_276
[10mai.2026 15:10:00.780] [Thread-15/ERROR] [EMI/]: [EMI] Untranslated tag #forge:small_dusts/hastelloy_x
[10mai.2026 15:10:00.780] [Thread-15/ERROR] [EMI/]: [EMI] Untranslated tag #forge:small_dusts/hematite
[10mai.2026 15:10:00.780] [Thread-15/ERROR] [EMI/]: [EMI] Untranslated tag #forge:small_dusts/holmium
[10mai.2026 15:10:00.780] [Thread-15/ERROR] [EMI/]: [EMI] Untranslated tag #forge:small_dusts/hsla_steel
[10mai.2026 15:10:00.780] [Thread-15/ERROR] [EMI/]: [EMI] Untranslated tag #forge:small_dusts/hsse
[10mai.2026 15:10:00.780] [Thread-15/ERROR] [EMI/]: [EMI] Untranslated tag #forge:small_dusts/hssg
[10mai.2026 15:10:00.780] [Thread-15/ERROR] [EMI/]: [EMI] Untranslated tag #forge:small_dusts/hsss
[10mai.2026 15:10:00.780] [Thread-15/ERROR] [EMI/]: [EMI] Untranslated tag #forge:small_dusts/ice
[10mai.2026 15:10:00.780] [Thread-15/ERROR] [EMI/]: [EMI] Untranslated tag #forge:small_dusts/ilmenite
[10mai.2026 15:10:00.780] [Thread-15/ERROR] [EMI/]: [EMI] Untranslated tag #forge:small_dusts/ilmenite_slag
[10mai.2026 15:10:00.780] [Thread-15/ERROR] [EMI/]: [EMI] Untranslated tag #forge:small_dusts/incoloy_ma_956
[10mai.2026 15:10:00.780] [Thread-15/ERROR] [EMI/]: [EMI] Untranslated tag #forge:small_dusts/indium
[10mai.2026 15:10:00.780] [Thread-15/ERROR] [EMI/]: [EMI] Untranslated tag #forge:small_dusts/indium_gallium_phosphide
[10mai.2026 15:10:00.780] [Thread-15/ERROR] [EMI/]: [EMI] Untranslated tag #forge:small_dusts/indium_phosphide
[10mai.2026 15:10:00.780] [Thread-15/ERROR] [EMI/]: [EMI] Untranslated tag #forge:small_dusts/indium_tin_barium_titanium_cuprate
[10mai.2026 15:10:00.780] [Thread-15/ERROR] [EMI/]: [EMI] Untranslated tag #forge:small_dusts/inert_metal_mixture
[10mai.2026 15:10:00.781] [Thread-15/ERROR] [EMI/]: [EMI] Untranslated tag #forge:small_dusts/invar
[10mai.2026 15:10:00.781] [Thread-15/ERROR] [EMI/]: [EMI] Untranslated tag #forge:small_dusts/iodine
[10mai.2026 15:10:00.781] [Thread-15/ERROR] [EMI/]: [EMI] Untranslated tag #forge:small_dusts/iridium
[10mai.2026 15:10:00.781] [Thread-15/ERROR] [EMI/]: [EMI] Untranslated tag #forge:small_dusts/iridium_chloride
[10mai.2026 15:10:00.781] [Thread-15/ERROR] [EMI/]: [EMI] Untranslated tag #forge:small_dusts/iridium_metal_residue
[10mai.2026 15:10:00.781] [Thread-15/ERROR] [EMI/]: [EMI] Untranslated tag #forge:small_dusts/iron
[10mai.2026 15:10:00.781] [Thread-15/ERROR] [EMI/]: [EMI] Untranslated tag #forge:small_dusts/kanthal
[10mai.2026 15:10:00.781] [Thread-15/ERROR] [EMI/]: [EMI] Untranslated tag #forge:small_dusts/kyanite
[10mai.2026 15:10:00.781] [Thread-15/ERROR] [EMI/]: [EMI] Untranslated tag #forge:small_dusts/lanthanum
[10mai.2026 15:10:00.781] [Thread-15/ERROR] [EMI/]: [EMI] Untranslated tag #forge:small_dusts/lapis
[10mai.2026 15:10:00.781] [Thread-15/ERROR] [EMI/]: [EMI] Untranslated tag #forge:small_dusts/lawrencium
[10mai.2026 15:10:00.781] [Thread-15/ERROR] [EMI/]: [EMI] Untranslated tag #forge:small_dusts/lazurite
[10mai.2026 15:10:00.781] [Thread-15/ERROR] [EMI/]: [EMI] Untranslated tag #forge:small_dusts/lead
[10mai.2026 15:10:00.781] [Thread-15/ERROR] [EMI/]: [EMI] Untranslated tag #forge:small_dusts/lepidolite
[10mai.2026 15:10:00.781] [Thread-15/ERROR] [EMI/]: [EMI] Untranslated tag #forge:small_dusts/lithium
[10mai.2026 15:10:00.781] [Thread-15/ERROR] [EMI/]: [EMI] Untranslated tag #forge:small_dusts/lithium_chloride
[10mai.2026 15:10:00.781] [Thread-15/ERROR] [EMI/]: [EMI] Untranslated tag #forge:small_dusts/livermorium
[10mai.2026 15:10:00.781] [Thread-15/ERROR] [EMI/]: [EMI] Untranslated tag #forge:small_dusts/lutetium
[10mai.2026 15:10:00.781] [Thread-15/ERROR] [EMI/]: [EMI] Untranslated tag #forge:small_dusts/magnalium
[10mai.2026 15:10:00.781] [Thread-15/ERROR] [EMI/]: [EMI] Untranslated tag #forge:small_dusts/magnesia
[10mai.2026 15:10:00.781] [Thread-15/ERROR] [EMI/]: [EMI] Untranslated tag #forge:small_dusts/magnesite
[10mai.2026 15:10:00.781] [Thread-15/ERROR] [EMI/]: [EMI] Untranslated tag #forge:small_dusts/magnesium
[10mai.2026 15:10:00.781] [Thread-15/ERROR] [EMI/]: [EMI] Untranslated tag #forge:small_dusts/magnesium_chloride
[10mai.2026 15:10:00.781] [Thread-15/ERROR] [EMI/]: [EMI] Untranslated tag #forge:small_dusts/magnesium_diboride
[10mai.2026 15:10:00.781] [Thread-15/ERROR] [EMI/]: [EMI] Untranslated tag #forge:small_dusts/magnetic_iron
[10mai.2026 15:10:00.781] [Thread-15/ERROR] [EMI/]: [EMI] Untranslated tag #forge:small_dusts/magnetic_neodymium
[10mai.2026 15:10:00.781] [Thread-15/ERROR] [EMI/]: [EMI] Untranslated tag #forge:small_dusts/magnetic_samarium
[10mai.2026 15:10:00.781] [Thread-15/ERROR] [EMI/]: [EMI] Untranslated tag #forge:small_dusts/magnetic_steel
[10mai.2026 15:10:00.781] [Thread-15/ERROR] [EMI/]: [EMI] Untranslated tag #forge:small_dusts/magnetite
[10mai.2026 15:10:00.782] [Thread-15/ERROR] [EMI/]: [EMI] Untranslated tag #forge:small_dusts/malachite
[10mai.2026 15:10:00.782] [Thread-15/ERROR] [EMI/]: [EMI] Untranslated tag #forge:small_dusts/manganese
[10mai.2026 15:10:00.782] [Thread-15/ERROR] [EMI/]: [EMI] Untranslated tag #forge:small_dusts/manganese_phosphide
[10mai.2026 15:10:00.782] [Thread-15/ERROR] [EMI/]: [EMI] Untranslated tag #forge:small_dusts/maraging_steel_300
[10mai.2026 15:10:00.782] [Thread-15/ERROR] [EMI/]: [EMI] Untranslated tag #forge:small_dusts/marble
[10mai.2026 15:10:00.782] [Thread-15/ERROR] [EMI/]: [EMI] Untranslated tag #forge:small_dusts/massicot
[10mai.2026 15:10:00.782] [Thread-15/ERROR] [EMI/]: [EMI] Untranslated tag #forge:small_dusts/meat
[10mai.2026 15:10:00.782] [Thread-15/ERROR] [EMI/]: [EMI] Untranslated tag #forge:small_dusts/meitnerium
[10mai.2026 15:10:00.782] [Thread-15/ERROR] [EMI/]: [EMI] Untranslated tag #forge:small_dusts/mendelevium
[10mai.2026 15:10:00.782] [Thread-15/ERROR] [EMI/]: [EMI] Untranslated tag #forge:small_dusts/mercury_barium_calcium_cuprate
[10mai.2026 15:10:00.782] [Thread-15/ERROR] [EMI/]: [EMI] Untranslated tag #forge:small_dusts/metal_mixture
[10mai.2026 15:10:00.782] [Thread-15/ERROR] [EMI/]: [EMI] Untranslated tag #forge:small_dusts/mica
[10mai.2026 15:10:00.782] [Thread-15/ERROR] [EMI/]: [EMI] Untranslated tag #forge:small_dusts/mirabilite
[10mai.2026 15:10:00.782] [Thread-15/ERROR] [EMI/]: [EMI] Untranslated tag #forge:small_dusts/molybdenite
[10mai.2026 15:10:00.782] [Thread-15/ERROR] [EMI/]: [EMI] Untranslated tag #forge:small_dusts/molybdenum
[10mai.2026 15:10:00.782] [Thread-15/ERROR] [EMI/]: [EMI] Untranslated tag #forge:small_dusts/molybdenum_disilicide
[10mai.2026 15:10:00.782] [Thread-15/ERROR] [EMI/]: [EMI] Untranslated tag #forge:small_dusts/monazite
[10mai.2026 15:10:00.782] [Thread-15/ERROR] [EMI/]: [EMI] Untranslated tag #forge:small_dusts/moscovium
[10mai.2026 15:10:00.782] [Thread-15/ERROR] [EMI/]: [EMI] Untranslated tag #forge:small_dusts/naquadah
[10mai.2026 15:10:00.783] [Thread-15/ERROR] [EMI/]: [EMI] Untranslated tag #forge:small_dusts/naquadah_alloy
[10mai.2026 15:10:00.783] [Thread-15/ERROR] [EMI/]: [EMI] Untranslated tag #forge:small_dusts/naquadria
[10mai.2026 15:10:00.783] [Thread-15/ERROR] [EMI/]: [EMI] Untranslated tag #forge:small_dusts/naquadria_sulfate
[10mai.2026 15:10:00.783] [Thread-15/ERROR] [EMI/]: [EMI] Untranslated tag #forge:small_dusts/neodymium
[10mai.2026 15:10:00.783] [Thread-15/ERROR] [EMI/]: [EMI] Untranslated tag #forge:small_dusts/neptunium
[10mai.2026 15:10:00.783] [Thread-15/ERROR] [EMI/]: [EMI] Untranslated tag #forge:small_dusts/nether_quartz
[10mai.2026 15:10:00.783] [Thread-15/ERROR] [EMI/]: [EMI] Untranslated tag #forge:small_dusts/nether_star
[10mai.2026 15:10:00.783] [Thread-15/ERROR] [EMI/]: [EMI] Untranslated tag #forge:small_dusts/netherite
[10mai.2026 15:10:00.783] [Thread-15/ERROR] [EMI/]: [EMI] Untranslated tag #forge:small_dusts/netherrack
[10mai.2026 15:10:00.783] [Thread-15/ERROR] [EMI/]: [EMI] Untranslated tag #forge:small_dusts/neutronium
[10mai.2026 15:10:00.783] [Thread-15/ERROR] [EMI/]: [EMI] Untranslated tag #forge:small_dusts/nichrome
[10mai.2026 15:10:00.783] [Thread-15/ERROR] [EMI/]: [EMI] Untranslated tag #forge:small_dusts/nickel
[10mai.2026 15:10:00.783] [Thread-15/ERROR] [EMI/]: [EMI] Untranslated tag #forge:small_dusts/nickel_zinc_ferrite
[10mai.2026 15:10:00.783] [Thread-15/ERROR] [EMI/]: [EMI] Untranslated tag #forge:small_dusts/nihonium
[10mai.2026 15:10:00.783] [Thread-15/ERROR] [EMI/]: [EMI] Untranslated tag #forge:small_dusts/niobium
[10mai.2026 15:10:00.783] [Thread-15/ERROR] [EMI/]: [EMI] Untranslated tag #forge:small_dusts/niobium_nitride
[10mai.2026 15:10:00.783] [Thread-15/ERROR] [EMI/]: [EMI] Untranslated tag #forge:small_dusts/niobium_titanium
[10mai.2026 15:10:00.783] [Thread-15/ERROR] [EMI/]: [EMI] Untranslated tag #forge:small_dusts/nobelium
[10mai.2026 15:10:00.783] [Thread-15/ERROR] [EMI/]: [EMI] Untranslated tag #forge:small_dusts/obsidian
[10mai.2026 15:10:00.783] [Thread-15/ERROR] [EMI/]: [EMI] Untranslated tag #forge:small_dusts/oganesson
[10mai.2026 15:10:00.783] [Thread-15/ERROR] [EMI/]: [EMI] Untranslated tag #forge:small_dusts/oilsands
[10mai.2026 15:10:00.783] [Thread-15/ERROR] [EMI/]: [EMI] Untranslated tag #forge:small_dusts/olivine
[10mai.2026 15:10:00.783] [Thread-15/ERROR] [EMI/]: [EMI] Untranslated tag #forge:small_dusts/opal
[10mai.2026 15:10:00.783] [Thread-15/ERROR] [EMI/]: [EMI] Untranslated tag #forge:small_dusts/osmiridium
[10mai.2026 15:10:00.783] [Thread-15/ERROR] [EMI/]: [EMI] Untranslated tag #forge:small_dusts/osmium
[10mai.2026 15:10:00.783] [Thread-15/ERROR] [EMI/]: [EMI] Untranslated tag #forge:small_dusts/osmium_tetroxide
[10mai.2026 15:10:00.783] [Thread-15/ERROR] [EMI/]: [EMI] Untranslated tag #forge:small_dusts/palladium
[10mai.2026 15:10:00.783] [Thread-15/ERROR] [EMI/]: [EMI] Untranslated tag #forge:small_dusts/palladium_raw
[10mai.2026 15:10:00.783] [Thread-15/ERROR] [EMI/]: [EMI] Untranslated tag #forge:small_dusts/paper
[10mai.2026 15:10:00.783] [Thread-15/ERROR] [EMI/]: [EMI] Untranslated tag #forge:small_dusts/paracetamol
[10mai.2026 15:10:00.783] [Thread-15/ERROR] [EMI/]: [EMI] Untranslated tag #forge:small_dusts/pentlandite
[10mai.2026 15:10:00.783] [Thread-15/ERROR] [EMI/]: [EMI] Untranslated tag #forge:small_dusts/perlite
[10mai.2026 15:10:00.783] [Thread-15/ERROR] [EMI/]: [EMI] Untranslated tag #forge:small_dusts/phosphate
[10mai.2026 15:10:00.783] [Thread-15/ERROR] [EMI/]: [EMI] Untranslated tag #forge:small_dusts/phosphorus
[10mai.2026 15:10:00.783] [Thread-15/ERROR] [EMI/]: [EMI] Untranslated tag #forge:small_dusts/phosphorus_pentoxide
[10mai.2026 15:10:00.783] [Thread-15/ERROR] [EMI/]: [EMI] Untranslated tag #forge:small_dusts/pitchblende
[10mai.2026 15:10:00.783] [Thread-15/ERROR] [EMI/]: [EMI] Untranslated tag #forge:small_dusts/platinum
[10mai.2026 15:10:00.783] [Thread-15/ERROR] [EMI/]: [EMI] Untranslated tag #forge:small_dusts/platinum_group_sludge
[10mai.2026 15:10:00.783] [Thread-15/ERROR] [EMI/]: [EMI] Untranslated tag #forge:small_dusts/platinum_raw
[10mai.2026 15:10:00.783] [Thread-15/ERROR] [EMI/]: [EMI] Untranslated tag #forge:small_dusts/platinum_sludge_residue
[10mai.2026 15:10:00.783] [Thread-15/ERROR] [EMI/]: [EMI] Untranslated tag #forge:small_dusts/plutonium
[10mai.2026 15:10:00.784] [Thread-15/ERROR] [EMI/]: [EMI] Untranslated tag #forge:small_dusts/plutonium_241
[10mai.2026 15:10:00.784] [Thread-15/ERROR] [EMI/]: [EMI] Untranslated tag #forge:small_dusts/pollucite
[10mai.2026 15:10:00.784] [Thread-15/ERROR] [EMI/]: [EMI] Untranslated tag #forge:small_dusts/polonium
[10mai.2026 15:10:00.784] [Thread-15/ERROR] [EMI/]: [EMI] Untranslated tag #forge:small_dusts/polybenzimidazole
[10mai.2026 15:10:00.784] [Thread-15/ERROR] [EMI/]: [EMI] Untranslated tag #forge:small_dusts/polycaprolactam
[10mai.2026 15:10:00.784] [Thread-15/ERROR] [EMI/]: [EMI] Untranslated tag #forge:small_dusts/polydimethylsiloxane
[10mai.2026 15:10:00.784] [Thread-15/ERROR] [EMI/]: [EMI] Untranslated tag #forge:small_dusts/polyethylene
[10mai.2026 15:10:00.784] [Thread-15/ERROR] [EMI/]: [EMI] Untranslated tag #forge:small_dusts/polyphenylene_sulfide
[10mai.2026 15:10:00.784] [Thread-15/ERROR] [EMI/]: [EMI] Untranslated tag #forge:small_dusts/polytetrafluoroethylene
[10mai.2026 15:10:00.784] [Thread-15/ERROR] [EMI/]: [EMI] Untranslated tag #forge:small_dusts/polyvinyl_butyral
[10mai.2026 15:10:00.784] [Thread-15/ERROR] [EMI/]: [EMI] Untranslated tag #forge:small_dusts/polyvinyl_chloride
[10mai.2026 15:10:00.784] [Thread-15/ERROR] [EMI/]: [EMI] Untranslated tag #forge:small_dusts/potash
[10mai.2026 15:10:00.784] [Thread-15/ERROR] [EMI/]: [EMI] Untranslated tag #forge:small_dusts/potassium
[10mai.2026 15:10:00.784] [Thread-15/ERROR] [EMI/]: [EMI] Untranslated tag #forge:small_dusts/potassium_carbonate
[10mai.2026 15:10:00.784] [Thread-15/ERROR] [EMI/]: [EMI] Untranslated tag #forge:small_dusts/potassium_cyanide
[10mai.2026 15:10:00.784] [Thread-15/ERROR] [EMI/]: [EMI] Untranslated tag #forge:small_dusts/potassium_dichromate
[10mai.2026 15:10:00.784] [Thread-15/ERROR] [EMI/]: [EMI] Untranslated tag #forge:small_dusts/potassium_feldspar
[10mai.2026 15:10:00.784] [Thread-15/ERROR] [EMI/]: [EMI] Untranslated tag #forge:small_dusts/potassium_ferrocyanide
[10mai.2026 15:10:00.784] [Thread-15/ERROR] [EMI/]: [EMI] Untranslated tag #forge:small_dusts/potassium_hydroxide
[10mai.2026 15:10:00.784] [Thread-15/ERROR] [EMI/]: [EMI] Untranslated tag #forge:small_dusts/potassium_iodide
[10mai.2026 15:10:00.784] [Thread-15/ERROR] [EMI/]: [EMI] Untranslated tag #forge:small_dusts/potassium_sulfate
[10mai.2026 15:10:00.784] [Thread-15/ERROR] [EMI/]: [EMI] Untranslated tag #forge:small_dusts/potin
[10mai.2026 15:10:00.784] [Thread-15/ERROR] [EMI/]: [EMI] Untranslated tag #forge:small_dusts/powellite
[10mai.2026 15:10:00.784] [Thread-15/ERROR] [EMI/]: [EMI] Untranslated tag #forge:small_dusts/praseodymium
[10mai.2026 15:10:00.784] [Thread-15/ERROR] [EMI/]: [EMI] Untranslated tag #forge:small_dusts/promethium
[10mai.2026 15:10:00.784] [Thread-15/ERROR] [EMI/]: [EMI] Untranslated tag #forge:small_dusts/protactinium
[10mai.2026 15:10:00.784] [Thread-15/ERROR] [EMI/]: [EMI] Untranslated tag #forge:small_dusts/prussian_blue
[10mai.2026 15:10:00.784] [Thread-15/ERROR] [EMI/]: [EMI] Untranslated tag #forge:small_dusts/pyrite
[10mai.2026 15:10:00.784] [Thread-15/ERROR] [EMI/]: [EMI] Untranslated tag #forge:small_dusts/pyrochlore
[10mai.2026 15:10:00.784] [Thread-15/ERROR] [EMI/]: [EMI] Untranslated tag #forge:small_dusts/pyrolusite
[10mai.2026 15:10:00.784] [Thread-15/ERROR] [EMI/]: [EMI] Untranslated tag #forge:small_dusts/pyrope
[10mai.2026 15:10:00.784] [Thread-15/ERROR] [EMI/]: [EMI] Untranslated tag #forge:small_dusts/quantum_coolant
[10mai.2026 15:10:00.784] [Thread-15/ERROR] [EMI/]: [EMI] Untranslated tag #forge:small_dusts/quartz_sand
[10mai.2026 15:10:00.784] [Thread-15/ERROR] [EMI/]: [EMI] Untranslated tag #forge:small_dusts/quartzite
[10mai.2026 15:10:00.784] [Thread-15/ERROR] [EMI/]: [EMI] Untranslated tag #forge:small_dusts/quicklime
[10mai.2026 15:10:00.784] [Thread-15/ERROR] [EMI/]: [EMI] Untranslated tag #forge:small_dusts/rad_away
[10mai.2026 15:10:00.784] [Thread-15/ERROR] [EMI/]: [EMI] Untranslated tag #forge:small_dusts/radium
[10mai.2026 15:10:00.784] [Thread-15/ERROR] [EMI/]: [EMI] Untranslated tag #forge:small_dusts/rare_earth
[10mai.2026 15:10:00.784] [Thread-15/ERROR] [EMI/]: [EMI] Untranslated tag #forge:small_dusts/rarest_metal_mixture
[10mai.2026 15:10:00.784] [Thread-15/ERROR] [EMI/]: [EMI] Untranslated tag #forge:small_dusts/raw_rubber
[10mai.2026 15:10:00.784] [Thread-15/ERROR] [EMI/]: [EMI] Untranslated tag #forge:small_dusts/raw_styrene_butadiene_rubber
[10mai.2026 15:10:00.784] [Thread-15/ERROR] [EMI/]: [EMI] Untranslated tag #forge:small_dusts/realgar
[10mai.2026 15:10:00.784] [Thread-15/ERROR] [EMI/]: [EMI] Untranslated tag #forge:small_dusts/red_alloy
[10mai.2026 15:10:00.784] [Thread-15/ERROR] [EMI/]: [EMI] Untranslated tag #forge:small_dusts/red_garnet
[10mai.2026 15:10:00.784] [Thread-15/ERROR] [EMI/]: [EMI] Untranslated tag #forge:small_dusts/red_steel
[10mai.2026 15:10:00.784] [Thread-15/ERROR] [EMI/]: [EMI] Untranslated tag #forge:small_dusts/redrock
[10mai.2026 15:10:00.784] [Thread-15/ERROR] [EMI/]: [EMI] Untranslated tag #forge:small_dusts/redstone
[10mai.2026 15:10:00.784] [Thread-15/ERROR] [EMI/]: [EMI] Untranslated tag #forge:small_dusts/reinforced_epoxy_resin
[10mai.2026 15:10:00.784] [Thread-15/ERROR] [EMI/]: [EMI] Untranslated tag #forge:small_dusts/rhenium
[10mai.2026 15:10:00.784] [Thread-15/ERROR] [EMI/]: [EMI] Untranslated tag #forge:small_dusts/rhodium
[10mai.2026 15:10:00.784] [Thread-15/ERROR] [EMI/]: [EMI] Untranslated tag #forge:small_dusts/rhodium_plated_palladium
[10mai.2026 15:10:00.784] [Thread-15/ERROR] [EMI/]: [EMI] Untranslated tag #forge:small_dusts/rock_salt
[10mai.2026 15:10:00.784] [Thread-15/ERROR] [EMI/]: [EMI] Untranslated tag #forge:small_dusts/roentgenium
[10mai.2026 15:10:00.784] [Thread-15/ERROR] [EMI/]: [EMI] Untranslated tag #forge:small_dusts/rose_gold
[10mai.2026 15:10:00.784] [Thread-15/ERROR] [EMI/]: [EMI] Untranslated tag #forge:small_dusts/rtm_alloy
[10mai.2026 15:10:00.784] [Thread-15/ERROR] [EMI/]: [EMI] Untranslated tag #forge:small_dusts/rubber
[10mai.2026 15:10:00.784] [Thread-15/ERROR] [EMI/]: [EMI] Untranslated tag #forge:small_dusts/rubidium
[10mai.2026 15:10:00.784] [Thread-15/ERROR] [EMI/]: [EMI] Untranslated tag #forge:small_dusts/ruby
[10mai.2026 15:10:00.784] [Thread-15/ERROR] [EMI/]: [EMI] Untranslated tag #forge:small_dusts/ruridit
[10mai.2026 15:10:00.784] [Thread-15/ERROR] [EMI/]: [EMI] Untranslated tag #forge:small_dusts/ruthenium
[10mai.2026 15:10:00.784] [Thread-15/ERROR] [EMI/]: [EMI] Untranslated tag #forge:small_dusts/ruthenium_tetroxide
[10mai.2026 15:10:00.784] [Thread-15/ERROR] [EMI/]: [EMI] Untranslated tag #forge:small_dusts/ruthenium_trinium_americium_neutronate
[10mai.2026 15:10:00.784] [Thread-15/ERROR] [EMI/]: [EMI] Untranslated tag #forge:small_dusts/rutherfordium
[10mai.2026 15:10:00.784] [Thread-15/ERROR] [EMI/]: [EMI] Untranslated tag #forge:small_dusts/rutile
[10mai.2026 15:10:00.784] [Thread-15/ERROR] [EMI/]: [EMI] Untranslated tag #forge:small_dusts/salt
[10mai.2026 15:10:00.784] [Thread-15/ERROR] [EMI/]: [EMI] Untranslated tag #forge:small_dusts/saltpeter
[10mai.2026 15:10:00.784] [Thread-15/ERROR] [EMI/]: [EMI] Untranslated tag #forge:small_dusts/samarium
[10mai.2026 15:10:00.784] [Thread-15/ERROR] [EMI/]: [EMI] Untranslated tag #forge:small_dusts/samarium_iron_arsenic_oxide
[10mai.2026 15:10:00.785] [Thread-15/ERROR] [EMI/]: [EMI] Untranslated tag #forge:small_dusts/sapphire
[10mai.2026 15:10:00.785] [Thread-15/ERROR] [EMI/]: [EMI] Untranslated tag #forge:small_dusts/scandium
[10mai.2026 15:10:00.785] [Thread-15/ERROR] [EMI/]: [EMI] Untranslated tag #forge:small_dusts/scheelite
[10mai.2026 15:10:00.785] [Thread-15/ERROR] [EMI/]: [EMI] Untranslated tag #forge:small_dusts/sculk
[10mai.2026 15:10:00.785] [Thread-15/ERROR] [EMI/]: [EMI] Untranslated tag #forge:small_dusts/seaborgium
[10mai.2026 15:10:00.785] [Thread-15/ERROR] [EMI/]: [EMI] Untranslated tag #forge:small_dusts/selenium
[10mai.2026 15:10:00.785] [Thread-15/ERROR] [EMI/]: [EMI] Untranslated tag #forge:small_dusts/silicon
[10mai.2026 15:10:00.785] [Thread-15/ERROR] [EMI/]: [EMI] Untranslated tag #forge:small_dusts/silicon_dioxide
[10mai.2026 15:10:00.785] [Thread-15/ERROR] [EMI/]: [EMI] Untranslated tag #forge:small_dusts/silicone_rubber
[10mai.2026 15:10:00.785] [Thread-15/ERROR] [EMI/]: [EMI] Untranslated tag #forge:small_dusts/silver
[10mai.2026 15:10:00.785] [Thread-15/ERROR] [EMI/]: [EMI] Untranslated tag #forge:small_dusts/soapstone
[10mai.2026 15:10:00.785] [Thread-15/ERROR] [EMI/]: [EMI] Untranslated tag #forge:small_dusts/soda_ash
[10mai.2026 15:10:00.785] [Thread-15/ERROR] [EMI/]: [EMI] Untranslated tag #forge:small_dusts/sodalite
[10mai.2026 15:10:00.785] [Thread-15/ERROR] [EMI/]: [EMI] Untranslated tag #forge:small_dusts/sodium
[10mai.2026 15:10:00.785] [Thread-15/ERROR] [EMI/]: [EMI] Untranslated tag #forge:small_dusts/sodium_bicarbonate
[10mai.2026 15:10:00.785] [Thread-15/ERROR] [EMI/]: [EMI] Untranslated tag #forge:small_dusts/sodium_bisulfate
[10mai.2026 15:10:00.785] [Thread-15/ERROR] [EMI/]: [EMI] Untranslated tag #forge:small_dusts/sodium_hydroxide
[10mai.2026 15:10:00.785] [Thread-15/ERROR] [EMI/]: [EMI] Untranslated tag #forge:small_dusts/sodium_nitrite
[10mai.2026 15:10:00.785] [Thread-15/ERROR] [EMI/]: [EMI] Untranslated tag #forge:small_dusts/sodium_sulfide
[10mai.2026 15:10:00.785] [Thread-15/ERROR] [EMI/]: [EMI] Untranslated tag #forge:small_dusts/soldering_alloy
[10mai.2026 15:10:00.785] [Thread-15/ERROR] [EMI/]: [EMI] Untranslated tag #forge:small_dusts/spessartine
[10mai.2026 15:10:00.785] [Thread-15/ERROR] [EMI/]: [EMI] Untranslated tag #forge:small_dusts/sphalerite
[10mai.2026 15:10:00.785] [Thread-15/ERROR] [EMI/]: [EMI] Untranslated tag #forge:small_dusts/spodumene
[10mai.2026 15:10:00.785] [Thread-15/ERROR] [EMI/]: [EMI] Untranslated tag #forge:small_dusts/stainless_steel
[10mai.2026 15:10:00.785] [Thread-15/ERROR] [EMI/]: [EMI] Untranslated tag #forge:small_dusts/steel
[10mai.2026 15:10:00.785] [Thread-15/ERROR] [EMI/]: [EMI] Untranslated tag #forge:small_dusts/stellite_100
[10mai.2026 15:10:00.785] [Thread-15/ERROR] [EMI/]: [EMI] Untranslated tag #forge:small_dusts/sterling_silver
[10mai.2026 15:10:00.785] [Thread-15/ERROR] [EMI/]: [EMI] Untranslated tag #forge:small_dusts/stibnite
[10mai.2026 15:10:00.785] [Thread-15/ERROR] [EMI/]: [EMI] Untranslated tag #forge:small_dusts/stone
[10mai.2026 15:10:00.785] [Thread-15/ERROR] [EMI/]: [EMI] Untranslated tag #forge:small_dusts/strontium
[10mai.2026 15:10:00.785] [Thread-15/ERROR] [EMI/]: [EMI] Untranslated tag #forge:small_dusts/styrene_butadiene_rubber
[10mai.2026 15:10:00.785] [Thread-15/ERROR] [EMI/]: [EMI] Untranslated tag #forge:small_dusts/sugar
[10mai.2026 15:10:00.785] [Thread-15/ERROR] [EMI/]: [EMI] Untranslated tag #forge:small_dusts/sulfur
[10mai.2026 15:10:00.785] [Thread-15/ERROR] [EMI/]: [EMI] Untranslated tag #forge:small_dusts/talc
[10mai.2026 15:10:00.785] [Thread-15/ERROR] [EMI/]: [EMI] Untranslated tag #forge:small_dusts/tantalite
[10mai.2026 15:10:00.785] [Thread-15/ERROR] [EMI/]: [EMI] Untranslated tag #forge:small_dusts/tantalum
[10mai.2026 15:10:00.785] [Thread-15/ERROR] [EMI/]: [EMI] Untranslated tag #forge:small_dusts/tantalum_carbide
[10mai.2026 15:10:00.785] [Thread-15/ERROR] [EMI/]: [EMI] Untranslated tag #forge:small_dusts/technetium
[10mai.2026 15:10:00.785] [Thread-15/ERROR] [EMI/]: [EMI] Untranslated tag #forge:small_dusts/tellurium
[10mai.2026 15:10:00.785] [Thread-15/ERROR] [EMI/]: [EMI] Untranslated tag #forge:small_dusts/tennessine
[10mai.2026 15:10:00.785] [Thread-15/ERROR] [EMI/]: [EMI] Untranslated tag #forge:small_dusts/terbium
[10mai.2026 15:10:00.785] [Thread-15/ERROR] [EMI/]: [EMI] Untranslated tag #forge:small_dusts/tetrahedrite
[10mai.2026 15:10:00.785] [Thread-15/ERROR] [EMI/]: [EMI] Untranslated tag #forge:small_dusts/thallium
[10mai.2026 15:10:00.785] [Thread-15/ERROR] [EMI/]: [EMI] Untranslated tag #forge:small_dusts/thorium
[10mai.2026 15:10:00.785] [Thread-15/ERROR] [EMI/]: [EMI] Untranslated tag #forge:small_dusts/thulium
[10mai.2026 15:10:00.785] [Thread-15/ERROR] [EMI/]: [EMI] Untranslated tag #forge:small_dusts/tin
[10mai.2026 15:10:00.785] [Thread-15/ERROR] [EMI/]: [EMI] Untranslated tag #forge:small_dusts/tin_alloy
[10mai.2026 15:10:00.785] [Thread-15/ERROR] [EMI/]: [EMI] Untranslated tag #forge:small_dusts/titanium
[10mai.2026 15:10:00.785] [Thread-15/ERROR] [EMI/]: [EMI] Untranslated tag #forge:small_dusts/titanium_carbide
[10mai.2026 15:10:00.785] [Thread-15/ERROR] [EMI/]: [EMI] Untranslated tag #forge:small_dusts/titanium_trifluoride
[10mai.2026 15:10:00.785] [Thread-15/ERROR] [EMI/]: [EMI] Untranslated tag #forge:small_dusts/titanium_tungsten_carbide
[10mai.2026 15:10:00.785] [Thread-15/ERROR] [EMI/]: [EMI] Untranslated tag #forge:small_dusts/topaz
[10mai.2026 15:10:00.785] [Thread-15/ERROR] [EMI/]: [EMI] Untranslated tag #forge:small_dusts/treated_wood
[10mai.2026 15:10:00.785] [Thread-15/ERROR] [EMI/]: [EMI] Untranslated tag #forge:small_dusts/tricalcium_phosphate
[10mai.2026 15:10:00.785] [Thread-15/ERROR] [EMI/]: [EMI] Untranslated tag #forge:small_dusts/trinium
[10mai.2026 15:10:00.785] [Thread-15/ERROR] [EMI/]: [EMI] Untranslated tag #forge:small_dusts/trinium_sulfide
[10mai.2026 15:10:00.785] [Thread-15/ERROR] [EMI/]: [EMI] Untranslated tag #forge:small_dusts/tritanium
[10mai.2026 15:10:00.785] [Thread-15/ERROR] [EMI/]: [EMI] Untranslated tag #forge:small_dusts/trona
[10mai.2026 15:10:00.785] [Thread-15/ERROR] [EMI/]: [EMI] Untranslated tag #forge:small_dusts/tungstate
[10mai.2026 15:10:00.785] [Thread-15/ERROR] [EMI/]: [EMI] Untranslated tag #forge:small_dusts/tungsten
[10mai.2026 15:10:00.785] [Thread-15/ERROR] [EMI/]: [EMI] Untranslated tag #forge:small_dusts/tungsten_carbide
[10mai.2026 15:10:00.785] [Thread-15/ERROR] [EMI/]: [EMI] Untranslated tag #forge:small_dusts/tungsten_steel
[10mai.2026 15:10:00.785] [Thread-15/ERROR] [EMI/]: [EMI] Untranslated tag #forge:small_dusts/tungstic_acid
[10mai.2026 15:10:00.785] [Thread-15/ERROR] [EMI/]: [EMI] Untranslated tag #forge:small_dusts/ultimet
[10mai.2026 15:10:00.785] [Thread-15/ERROR] [EMI/]: [EMI] Untranslated tag #forge:small_dusts/uraninite
[10mai.2026 15:10:00.785] [Thread-15/ERROR] [EMI/]: [EMI] Untranslated tag #forge:small_dusts/uranium
[10mai.2026 15:10:00.785] [Thread-15/ERROR] [EMI/]: [EMI] Untranslated tag #forge:small_dusts/uranium_235
[10mai.2026 15:10:00.785] [Thread-15/ERROR] [EMI/]: [EMI] Untranslated tag #forge:small_dusts/uranium_rhodium_dinaquadide
[10mai.2026 15:10:00.787] [Thread-15/ERROR] [EMI/]: [EMI] Untranslated tag #forge:small_dusts/uranium_triplatinum
[10mai.2026 15:10:00.787] [Thread-15/ERROR] [EMI/]: [EMI] Untranslated tag #forge:small_dusts/uvarovite
[10mai.2026 15:10:00.787] [Thread-15/ERROR] [EMI/]: [EMI] Untranslated tag #forge:small_dusts/vanadium
[10mai.2026 15:10:00.787] [Thread-15/ERROR] [EMI/]: [EMI] Untranslated tag #forge:small_dusts/vanadium_gallium
[10mai.2026 15:10:00.787] [Thread-15/ERROR] [EMI/]: [EMI] Untranslated tag #forge:small_dusts/vanadium_magnetite
[10mai.2026 15:10:00.787] [Thread-15/ERROR] [EMI/]: [EMI] Untranslated tag #forge:small_dusts/vanadium_steel
[10mai.2026 15:10:00.787] [Thread-15/ERROR] [EMI/]: [EMI] Untranslated tag #forge:small_dusts/watertight_steel
[10mai.2026 15:10:00.787] [Thread-15/ERROR] [EMI/]: [EMI] Untranslated tag #forge:small_dusts/wax
[10mai.2026 15:10:00.787] [Thread-15/ERROR] [EMI/]: [EMI] Untranslated tag #forge:small_dusts/wheat
[10mai.2026 15:10:00.787] [Thread-15/ERROR] [EMI/]: [EMI] Untranslated tag #forge:small_dusts/wood
[10mai.2026 15:10:00.787] [Thread-15/ERROR] [EMI/]: [EMI] Untranslated tag #forge:small_dusts/wrought_iron
[10mai.2026 15:10:00.787] [Thread-15/ERROR] [EMI/]: [EMI] Untranslated tag #forge:small_dusts/wulfenite
[10mai.2026 15:10:00.787] [Thread-15/ERROR] [EMI/]: [EMI] Untranslated tag #forge:small_dusts/yellow_garnet
[10mai.2026 15:10:00.787] [Thread-15/ERROR] [EMI/]: [EMI] Untranslated tag #forge:small_dusts/yellow_limonite
[10mai.2026 15:10:00.787] [Thread-15/ERROR] [EMI/]: [EMI] Untranslated tag #forge:small_dusts/ytterbium
[10mai.2026 15:10:00.787] [Thread-15/ERROR] [EMI/]: [EMI] Untranslated tag #forge:small_dusts/yttrium
[10mai.2026 15:10:00.787] [Thread-15/ERROR] [EMI/]: [EMI] Untranslated tag #forge:small_dusts/yttrium_barium_cuprate
[10mai.2026 15:10:00.787] [Thread-15/ERROR] [EMI/]: [EMI] Untranslated tag #forge:small_dusts/zeolite
[10mai.2026 15:10:00.787] [Thread-15/ERROR] [EMI/]: [EMI] Untranslated tag #forge:small_dusts/zeron_100
[10mai.2026 15:10:00.787] [Thread-15/ERROR] [EMI/]: [EMI] Untranslated tag #forge:small_dusts/zinc
[10mai.2026 15:10:00.787] [Thread-15/ERROR] [EMI/]: [EMI] Untranslated tag #forge:small_dusts/zinc_sulfide
[10mai.2026 15:10:00.787] [Thread-15/ERROR] [EMI/]: [EMI] Untranslated tag #forge:small_dusts/zincite
[10mai.2026 15:10:00.787] [Thread-15/ERROR] [EMI/]: [EMI] Untranslated tag #forge:small_dusts/zirconium
[10mai.2026 15:10:00.787] [Thread-15/ERROR] [EMI/]: [EMI] Untranslated tag #forge:small_gears
[10mai.2026 15:10:00.787] [Thread-15/ERROR] [EMI/]: [EMI] Untranslated tag #forge:small_gears/aluminium
[10mai.2026 15:10:00.787] [Thread-15/ERROR] [EMI/]: [EMI] Untranslated tag #forge:small_gears/bronze
[10mai.2026 15:10:00.787] [Thread-15/ERROR] [EMI/]: [EMI] Untranslated tag #forge:small_gears/darmstadtium
[10mai.2026 15:10:00.787] [Thread-15/ERROR] [EMI/]: [EMI] Untranslated tag #forge:small_gears/hssg
[10mai.2026 15:10:00.787] [Thread-15/ERROR] [EMI/]: [EMI] Untranslated tag #forge:small_gears/hsss
[10mai.2026 15:10:00.787] [Thread-15/ERROR] [EMI/]: [EMI] Untranslated tag #forge:small_gears/iron
[10mai.2026 15:10:00.787] [Thread-15/ERROR] [EMI/]: [EMI] Untranslated tag #forge:small_gears/naquadah_alloy
[10mai.2026 15:10:00.787] [Thread-15/ERROR] [EMI/]: [EMI] Untranslated tag #forge:small_gears/osmiridium
[10mai.2026 15:10:00.787] [Thread-15/ERROR] [EMI/]: [EMI] Untranslated tag #forge:small_gears/rhodium_plated_palladium
[10mai.2026 15:10:00.787] [Thread-15/ERROR] [EMI/]: [EMI] Untranslated tag #forge:small_gears/stainless_steel
[10mai.2026 15:10:00.787] [Thread-15/ERROR] [EMI/]: [EMI] Untranslated tag #forge:small_gears/steel
[10mai.2026 15:10:00.787] [Thread-15/ERROR] [EMI/]: [EMI] Untranslated tag #forge:small_gears/titanium
[10mai.2026 15:10:00.788] [Thread-15/ERROR] [EMI/]: [EMI] Untranslated tag #forge:small_gears/tritanium
[10mai.2026 15:10:00.788] [Thread-15/ERROR] [EMI/]: [EMI] Untranslated tag #forge:small_gears/tungsten_carbide
[10mai.2026 15:10:00.788] [Thread-15/ERROR] [EMI/]: [EMI] Untranslated tag #forge:small_gears/tungsten_steel
[10mai.2026 15:10:00.788] [Thread-15/ERROR] [EMI/]: [EMI] Untranslated tag #forge:small_springs
[10mai.2026 15:10:00.788] [Thread-15/ERROR] [EMI/]: [EMI] Untranslated tag #forge:small_springs/aluminium
[10mai.2026 15:10:00.788] [Thread-15/ERROR] [EMI/]: [EMI] Untranslated tag #forge:small_springs/copper
[10mai.2026 15:10:00.788] [Thread-15/ERROR] [EMI/]: [EMI] Untranslated tag #forge:small_springs/europium
[10mai.2026 15:10:00.788] [Thread-15/ERROR] [EMI/]: [EMI] Untranslated tag #forge:small_springs/gold
[10mai.2026 15:10:00.788] [Thread-15/ERROR] [EMI/]: [EMI] Untranslated tag #forge:small_springs/iron
[10mai.2026 15:10:00.788] [Thread-15/ERROR] [EMI/]: [EMI] Untranslated tag #forge:small_springs/lead
[10mai.2026 15:10:00.788] [Thread-15/ERROR] [EMI/]: [EMI] Untranslated tag #forge:small_springs/niobium_titanium
[10mai.2026 15:10:00.788] [Thread-15/ERROR] [EMI/]: [EMI] Untranslated tag #forge:small_springs/platinum
[10mai.2026 15:10:00.788] [Thread-15/ERROR] [EMI/]: [EMI] Untranslated tag #forge:small_springs/red_alloy
[10mai.2026 15:10:00.788] [Thread-15/ERROR] [EMI/]: [EMI] Untranslated tag #forge:small_springs/steel
[10mai.2026 15:10:00.788] [Thread-15/ERROR] [EMI/]: [EMI] Untranslated tag #forge:small_springs/tin
[10mai.2026 15:10:00.788] [Thread-15/ERROR] [EMI/]: [EMI] Untranslated tag #forge:small_springs/tungsten
[10mai.2026 15:10:00.788] [Thread-15/ERROR] [EMI/]: [EMI] Untranslated tag #forge:small_springs/vanadium_gallium
[10mai.2026 15:10:00.788] [Thread-15/ERROR] [EMI/]: [EMI] Untranslated tag #forge:small_springs/yttrium_barium_cuprate
[10mai.2026 15:10:00.788] [Thread-15/ERROR] [EMI/]: [EMI] Untranslated tag #forge:springs
[10mai.2026 15:10:00.788] [Thread-15/ERROR] [EMI/]: [EMI] Untranslated tag #forge:springs/aluminium
[10mai.2026 15:10:00.788] [Thread-15/ERROR] [EMI/]: [EMI] Untranslated tag #forge:springs/copper
[10mai.2026 15:10:00.788] [Thread-15/ERROR] [EMI/]: [EMI] Untranslated tag #forge:springs/cupronickel
[10mai.2026 15:10:00.788] [Thread-15/ERROR] [EMI/]: [EMI] Untranslated tag #forge:springs/europium
[10mai.2026 15:10:00.788] [Thread-15/ERROR] [EMI/]: [EMI] Untranslated tag #forge:springs/gold
[10mai.2026 15:10:00.788] [Thread-15/ERROR] [EMI/]: [EMI] Untranslated tag #forge:springs/hsla_steel
[10mai.2026 15:10:00.788] [Thread-15/ERROR] [EMI/]: [EMI] Untranslated tag #forge:springs/hssg
[10mai.2026 15:10:00.788] [Thread-15/ERROR] [EMI/]: [EMI] Untranslated tag #forge:springs/iron
[10mai.2026 15:10:00.788] [Thread-15/ERROR] [EMI/]: [EMI] Untranslated tag #forge:springs/kanthal
[10mai.2026 15:10:00.788] [Thread-15/ERROR] [EMI/]: [EMI] Untranslated tag #forge:springs/lead
[10mai.2026 15:10:00.788] [Thread-15/ERROR] [EMI/]: [EMI] Untranslated tag #forge:springs/molybdenum_disilicide
[10mai.2026 15:10:00.788] [Thread-15/ERROR] [EMI/]: [EMI] Untranslated tag #forge:springs/naquadah
[10mai.2026 15:10:00.788] [Thread-15/ERROR] [EMI/]: [EMI] Untranslated tag #forge:springs/naquadah_alloy
[10mai.2026 15:10:00.788] [Thread-15/ERROR] [EMI/]: [EMI] Untranslated tag #forge:springs/nichrome
[10mai.2026 15:10:00.788] [Thread-15/ERROR] [EMI/]: [EMI] Untranslated tag #forge:springs/niobium_titanium
[10mai.2026 15:10:00.788] [Thread-15/ERROR] [EMI/]: [EMI] Untranslated tag #forge:springs/platinum
[10mai.2026 15:10:00.788] [Thread-15/ERROR] [EMI/]: [EMI] Untranslated tag #forge:springs/rtm_alloy
[10mai.2026 15:10:00.788] [Thread-15/ERROR] [EMI/]: [EMI] Untranslated tag #forge:springs/steel
[10mai.2026 15:10:00.788] [Thread-15/ERROR] [EMI/]: [EMI] Untranslated tag #forge:springs/tin
[10mai.2026 15:10:00.788] [Thread-15/ERROR] [EMI/]: [EMI] Untranslated tag #forge:springs/tungsten
[10mai.2026 15:10:00.788] [Thread-15/ERROR] [EMI/]: [EMI] Untranslated tag #forge:springs/tungsten_steel
[10mai.2026 15:10:00.788] [Thread-15/ERROR] [EMI/]: [EMI] Untranslated tag #forge:springs/vanadium_gallium
[10mai.2026 15:10:00.788] [Thread-15/ERROR] [EMI/]: [EMI] Untranslated tag #forge:springs/yttrium_barium_cuprate
[10mai.2026 15:10:00.788] [Thread-15/ERROR] [EMI/]: [EMI] Untranslated tag #forge:storage_blocks/actinium
[10mai.2026 15:10:00.788] [Thread-15/ERROR] [EMI/]: [EMI] Untranslated tag #forge:storage_blocks/almandine
[10mai.2026 15:10:00.788] [Thread-15/ERROR] [EMI/]: [EMI] Untranslated tag #forge:storage_blocks/aluminium
[10mai.2026 15:10:00.788] [Thread-15/ERROR] [EMI/]: [EMI] Untranslated tag #forge:storage_blocks/americium
[10mai.2026 15:10:00.788] [Thread-15/ERROR] [EMI/]: [EMI] Untranslated tag #forge:storage_blocks/andradite
[10mai.2026 15:10:00.788] [Thread-15/ERROR] [EMI/]: [EMI] Untranslated tag #forge:storage_blocks/annealed_copper
[10mai.2026 15:10:00.788] [Thread-15/ERROR] [EMI/]: [EMI] Untranslated tag #forge:storage_blocks/antimony
[10mai.2026 15:10:00.788] [Thread-15/ERROR] [EMI/]: [EMI] Untranslated tag #forge:storage_blocks/apatite
[10mai.2026 15:10:00.789] [Thread-15/ERROR] [EMI/]: [EMI] Untranslated tag #forge:storage_blocks/battery_alloy
[10mai.2026 15:10:00.789] [Thread-15/ERROR] [EMI/]: [EMI] Untranslated tag #forge:storage_blocks/berkelium
[10mai.2026 15:10:00.789] [Thread-15/ERROR] [EMI/]: [EMI] Untranslated tag #forge:storage_blocks/beryllium
[10mai.2026 15:10:00.789] [Thread-15/ERROR] [EMI/]: [EMI] Untranslated tag #forge:storage_blocks/bismuth
[10mai.2026 15:10:00.789] [Thread-15/ERROR] [EMI/]: [EMI] Untranslated tag #forge:storage_blocks/bismuth_bronze
[10mai.2026 15:10:00.789] [Thread-15/ERROR] [EMI/]: [EMI] Untranslated tag #forge:storage_blocks/black_bronze
[10mai.2026 15:10:00.789] [Thread-15/ERROR] [EMI/]: [EMI] Untranslated tag #forge:storage_blocks/black_steel
[10mai.2026 15:10:00.789] [Thread-15/ERROR] [EMI/]: [EMI] Untranslated tag #forge:storage_blocks/blue_alloy
[10mai.2026 15:10:00.789] [Thread-15/ERROR] [EMI/]: [EMI] Untranslated tag #forge:storage_blocks/blue_steel
[10mai.2026 15:10:00.789] [Thread-15/ERROR] [EMI/]: [EMI] Untranslated tag #forge:storage_blocks/blue_topaz
[10mai.2026 15:10:00.789] [Thread-15/ERROR] [EMI/]: [EMI] Untranslated tag #forge:storage_blocks/bohrium
[10mai.2026 15:10:00.789] [Thread-15/ERROR] [EMI/]: [EMI] Untranslated tag #forge:storage_blocks/bone
[10mai.2026 15:10:00.789] [Thread-15/ERROR] [EMI/]: [EMI] Untranslated tag #forge:storage_blocks/borosilicate_glass
[10mai.2026 15:10:00.789] [Thread-15/ERROR] [EMI/]: [EMI] Untranslated tag #forge:storage_blocks/brass
[10mai.2026 15:10:00.789] [Thread-15/ERROR] [EMI/]: [EMI] Untranslated tag #forge:storage_blocks/brick
[10mai.2026 15:10:00.789] [Thread-15/ERROR] [EMI/]: [EMI] Untranslated tag #forge:storage_blocks/bronze
[10mai.2026 15:10:00.789] [Thread-15/ERROR] [EMI/]: [EMI] Untranslated tag #forge:storage_blocks/californium
[10mai.2026 15:10:00.789] [Thread-15/ERROR] [EMI/]: [EMI] Untranslated tag #forge:storage_blocks/certus_quartz
[10mai.2026 15:10:00.789] [Thread-15/ERROR] [EMI/]: [EMI] Untranslated tag #forge:storage_blocks/charcoal
[10mai.2026 15:10:00.789] [Thread-15/ERROR] [EMI/]: [EMI] Untranslated tag #forge:storage_blocks/chromium
[10mai.2026 15:10:00.789] [Thread-15/ERROR] [EMI/]: [EMI] Untranslated tag #forge:storage_blocks/cinnabar
[10mai.2026 15:10:00.789] [Thread-15/ERROR] [EMI/]: [EMI] Untranslated tag #forge:storage_blocks/clay
[10mai.2026 15:10:00.789] [Thread-15/ERROR] [EMI/]: [EMI] Untranslated tag #forge:storage_blocks/cobalt
[10mai.2026 15:10:00.789] [Thread-15/ERROR] [EMI/]: [EMI] Untranslated tag #forge:storage_blocks/cobalt_brass
[10mai.2026 15:10:00.789] [Thread-15/ERROR] [EMI/]: [EMI] Untranslated tag #forge:storage_blocks/coke
[10mai.2026 15:10:00.789] [Thread-15/ERROR] [EMI/]: [EMI] Untranslated tag #forge:storage_blocks/concrete
[10mai.2026 15:10:00.789] [Thread-15/ERROR] [EMI/]: [EMI] Untranslated tag #forge:storage_blocks/copernicium
[10mai.2026 15:10:00.789] [Thread-15/ERROR] [EMI/]: [EMI] Untranslated tag #forge:storage_blocks/cupronickel
[10mai.2026 15:10:00.789] [Thread-15/ERROR] [EMI/]: [EMI] Untranslated tag #forge:storage_blocks/curium
[10mai.2026 15:10:00.789] [Thread-15/ERROR] [EMI/]: [EMI] Untranslated tag #forge:storage_blocks/damascus_steel
[10mai.2026 15:10:00.789] [Thread-15/ERROR] [EMI/]: [EMI] Untranslated tag #forge:storage_blocks/darmstadtium
[10mai.2026 15:10:00.789] [Thread-15/ERROR] [EMI/]: [EMI] Untranslated tag #forge:storage_blocks/dubnium
[10mai.2026 15:10:00.789] [Thread-15/ERROR] [EMI/]: [EMI] Untranslated tag #forge:storage_blocks/duranium
[10mai.2026 15:10:00.789] [Thread-15/ERROR] [EMI/]: [EMI] Untranslated tag #forge:storage_blocks/dysprosium
[10mai.2026 15:10:00.789] [Thread-15/ERROR] [EMI/]: [EMI] Untranslated tag #forge:storage_blocks/echo_shard
[10mai.2026 15:10:00.789] [Thread-15/ERROR] [EMI/]: [EMI] Untranslated tag #forge:storage_blocks/einsteinium
[10mai.2026 15:10:00.789] [Thread-15/ERROR] [EMI/]: [EMI] Untranslated tag #forge:storage_blocks/electrum
[10mai.2026 15:10:00.789] [Thread-15/ERROR] [EMI/]: [EMI] Untranslated tag #forge:storage_blocks/ender_eye
[10mai.2026 15:10:00.789] [Thread-15/ERROR] [EMI/]: [EMI] Untranslated tag #forge:storage_blocks/ender_pearl
[10mai.2026 15:10:00.789] [Thread-15/ERROR] [EMI/]: [EMI] Untranslated tag #forge:storage_blocks/enriched_naquadah
[10mai.2026 15:10:00.789] [Thread-15/ERROR] [EMI/]: [EMI] Untranslated tag #forge:storage_blocks/enriched_naquadah_trinium_europium_duranide
[10mai.2026 15:10:00.789] [Thread-15/ERROR] [EMI/]: [EMI] Untranslated tag #forge:storage_blocks/epoxy
[10mai.2026 15:10:00.789] [Thread-15/ERROR] [EMI/]: [EMI] Untranslated tag #forge:storage_blocks/erbium
[10mai.2026 15:10:00.789] [Thread-15/ERROR] [EMI/]: [EMI] Untranslated tag #forge:storage_blocks/europium
[10mai.2026 15:10:00.789] [Thread-15/ERROR] [EMI/]: [EMI] Untranslated tag #forge:storage_blocks/fermium
[10mai.2026 15:10:00.789] [Thread-15/ERROR] [EMI/]: [EMI] Untranslated tag #forge:storage_blocks/flerovium
[10mai.2026 15:10:00.789] [Thread-15/ERROR] [EMI/]: [EMI] Untranslated tag #forge:storage_blocks/flint
[10mai.2026 15:10:00.789] [Thread-15/ERROR] [EMI/]: [EMI] Untranslated tag #forge:storage_blocks/gadolinium
[10mai.2026 15:10:00.789] [Thread-15/ERROR] [EMI/]: [EMI] Untranslated tag #forge:storage_blocks/gallium
[10mai.2026 15:10:00.789] [Thread-15/ERROR] [EMI/]: [EMI] Untranslated tag #forge:storage_blocks/gallium_arsenide
[10mai.2026 15:10:00.789] [Thread-15/ERROR] [EMI/]: [EMI] Untranslated tag #forge:storage_blocks/germanium
[10mai.2026 15:10:00.789] [Thread-15/ERROR] [EMI/]: [EMI] Untranslated tag #forge:storage_blocks/glass
[10mai.2026 15:10:00.789] [Thread-15/ERROR] [EMI/]: [EMI] Untranslated tag #forge:storage_blocks/glowstone
[10mai.2026 15:10:00.789] [Thread-15/ERROR] [EMI/]: [EMI] Untranslated tag #forge:storage_blocks/granite_red
[10mai.2026 15:10:00.789] [Thread-15/ERROR] [EMI/]: [EMI] Untranslated tag #forge:storage_blocks/graphene
[10mai.2026 15:10:00.789] [Thread-15/ERROR] [EMI/]: [EMI] Untranslated tag #forge:storage_blocks/green_sapphire
[10mai.2026 15:10:00.789] [Thread-15/ERROR] [EMI/]: [EMI] Untranslated tag #forge:storage_blocks/grossular
[10mai.2026 15:10:00.789] [Thread-15/ERROR] [EMI/]: [EMI] Untranslated tag #forge:storage_blocks/hafnium
[10mai.2026 15:10:00.789] [Thread-15/ERROR] [EMI/]: [EMI] Untranslated tag #forge:storage_blocks/hassium
[10mai.2026 15:10:00.790] [Thread-15/ERROR] [EMI/]: [EMI] Untranslated tag #forge:storage_blocks/hastelloy_c_276
[10mai.2026 15:10:00.790] [Thread-15/ERROR] [EMI/]: [EMI] Untranslated tag #forge:storage_blocks/hastelloy_x
[10mai.2026 15:10:00.790] [Thread-15/ERROR] [EMI/]: [EMI] Untranslated tag #forge:storage_blocks/holmium
[10mai.2026 15:10:00.790] [Thread-15/ERROR] [EMI/]: [EMI] Untranslated tag #forge:storage_blocks/hsla_steel
[10mai.2026 15:10:00.790] [Thread-15/ERROR] [EMI/]: [EMI] Untranslated tag #forge:storage_blocks/hsse
[10mai.2026 15:10:00.790] [Thread-15/ERROR] [EMI/]: [EMI] Untranslated tag #forge:storage_blocks/hssg
[10mai.2026 15:10:00.790] [Thread-15/ERROR] [EMI/]: [EMI] Untranslated tag #forge:storage_blocks/hsss
[10mai.2026 15:10:00.790] [Thread-15/ERROR] [EMI/]: [EMI] Untranslated tag #forge:storage_blocks/ice
[10mai.2026 15:10:00.790] [Thread-15/ERROR] [EMI/]: [EMI] Untranslated tag #forge:storage_blocks/incoloy_ma_956
[10mai.2026 15:10:00.790] [Thread-15/ERROR] [EMI/]: [EMI] Untranslated tag #forge:storage_blocks/indium
[10mai.2026 15:10:00.790] [Thread-15/ERROR] [EMI/]: [EMI] Untranslated tag #forge:storage_blocks/indium_gallium_phosphide
[10mai.2026 15:10:00.790] [Thread-15/ERROR] [EMI/]: [EMI] Untranslated tag #forge:storage_blocks/indium_tin_barium_titanium_cuprate
[10mai.2026 15:10:00.790] [Thread-15/ERROR] [EMI/]: [EMI] Untranslated tag #forge:storage_blocks/invar
[10mai.2026 15:10:00.790] [Thread-15/ERROR] [EMI/]: [EMI] Untranslated tag #forge:storage_blocks/iridium
[10mai.2026 15:10:00.790] [Thread-15/ERROR] [EMI/]: [EMI] Untranslated tag #forge:storage_blocks/kanthal
[10mai.2026 15:10:00.790] [Thread-15/ERROR] [EMI/]: [EMI] Untranslated tag #forge:storage_blocks/lawrencium
[10mai.2026 15:10:00.790] [Thread-15/ERROR] [EMI/]: [EMI] Untranslated tag #forge:storage_blocks/lazurite
[10mai.2026 15:10:00.790] [Thread-15/ERROR] [EMI/]: [EMI] Untranslated tag #forge:storage_blocks/lead
[10mai.2026 15:10:00.790] [Thread-15/ERROR] [EMI/]: [EMI] Untranslated tag #forge:storage_blocks/livermorium
[10mai.2026 15:10:00.790] [Thread-15/ERROR] [EMI/]: [EMI] Untranslated tag #forge:storage_blocks/magnalium
[10mai.2026 15:10:00.790] [Thread-15/ERROR] [EMI/]: [EMI] Untranslated tag #forge:storage_blocks/magnesium_diboride
[10mai.2026 15:10:00.790] [Thread-15/ERROR] [EMI/]: [EMI] Untranslated tag #forge:storage_blocks/magnetic_iron
[10mai.2026 15:10:00.790] [Thread-15/ERROR] [EMI/]: [EMI] Untranslated tag #forge:storage_blocks/magnetic_neodymium
[10mai.2026 15:10:00.790] [Thread-15/ERROR] [EMI/]: [EMI] Untranslated tag #forge:storage_blocks/magnetic_samarium
[10mai.2026 15:10:00.790] [Thread-15/ERROR] [EMI/]: [EMI] Untranslated tag #forge:storage_blocks/magnetic_steel
[10mai.2026 15:10:00.790] [Thread-15/ERROR] [EMI/]: [EMI] Untranslated tag #forge:storage_blocks/malachite
[10mai.2026 15:10:00.790] [Thread-15/ERROR] [EMI/]: [EMI] Untranslated tag #forge:storage_blocks/manganese
[10mai.2026 15:10:00.790] [Thread-15/ERROR] [EMI/]: [EMI] Untranslated tag #forge:storage_blocks/manganese_phosphide
[10mai.2026 15:10:00.790] [Thread-15/ERROR] [EMI/]: [EMI] Untranslated tag #forge:storage_blocks/maraging_steel_300
[10mai.2026 15:10:00.790] [Thread-15/ERROR] [EMI/]: [EMI] Untranslated tag #forge:storage_blocks/marble
[10mai.2026 15:10:00.790] [Thread-15/ERROR] [EMI/]: [EMI] Untranslated tag #forge:storage_blocks/meitnerium
[10mai.2026 15:10:00.790] [Thread-15/ERROR] [EMI/]: [EMI] Untranslated tag #forge:storage_blocks/mendelevium
[10mai.2026 15:10:00.790] [Thread-15/ERROR] [EMI/]: [EMI] Untranslated tag #forge:storage_blocks/mercury_barium_calcium_cuprate
[10mai.2026 15:10:00.790] [Thread-15/ERROR] [EMI/]: [EMI] Untranslated tag #forge:storage_blocks/molybdenum
[10mai.2026 15:10:00.790] [Thread-15/ERROR] [EMI/]: [EMI] Untranslated tag #forge:storage_blocks/molybdenum_disilicide
[10mai.2026 15:10:00.790] [Thread-15/ERROR] [EMI/]: [EMI] Untranslated tag #forge:storage_blocks/monazite
[10mai.2026 15:10:00.790] [Thread-15/ERROR] [EMI/]: [EMI] Untranslated tag #forge:storage_blocks/moscovium
[10mai.2026 15:10:00.790] [Thread-15/ERROR] [EMI/]: [EMI] Untranslated tag #forge:storage_blocks/naquadah
[10mai.2026 15:10:00.790] [Thread-15/ERROR] [EMI/]: [EMI] Untranslated tag #forge:storage_blocks/naquadah_alloy
[10mai.2026 15:10:00.790] [Thread-15/ERROR] [EMI/]: [EMI] Untranslated tag #forge:storage_blocks/naquadria
[10mai.2026 15:10:00.790] [Thread-15/ERROR] [EMI/]: [EMI] Untranslated tag #forge:storage_blocks/neodymium
[10mai.2026 15:10:00.790] [Thread-15/ERROR] [EMI/]: [EMI] Untranslated tag #forge:storage_blocks/neptunium
[10mai.2026 15:10:00.790] [Thread-15/ERROR] [EMI/]: [EMI] Untranslated tag #forge:storage_blocks/nether_quartz
[10mai.2026 15:10:00.790] [Thread-15/ERROR] [EMI/]: [EMI] Untranslated tag #forge:storage_blocks/nether_star
[10mai.2026 15:10:00.790] [Thread-15/ERROR] [EMI/]: [EMI] Untranslated tag #forge:storage_blocks/neutronium
[10mai.2026 15:10:00.790] [Thread-15/ERROR] [EMI/]: [EMI] Untranslated tag #forge:storage_blocks/nichrome
[10mai.2026 15:10:00.790] [Thread-15/ERROR] [EMI/]: [EMI] Untranslated tag #forge:storage_blocks/nickel
[10mai.2026 15:10:00.790] [Thread-15/ERROR] [EMI/]: [EMI] Untranslated tag #forge:storage_blocks/nickel_zinc_ferrite
[10mai.2026 15:10:00.790] [Thread-15/ERROR] [EMI/]: [EMI] Untranslated tag #forge:storage_blocks/nihonium
[10mai.2026 15:10:00.790] [Thread-15/ERROR] [EMI/]: [EMI] Untranslated tag #forge:storage_blocks/niobium
[10mai.2026 15:10:00.790] [Thread-15/ERROR] [EMI/]: [EMI] Untranslated tag #forge:storage_blocks/niobium_nitride
[10mai.2026 15:10:00.790] [Thread-15/ERROR] [EMI/]: [EMI] Untranslated tag #forge:storage_blocks/niobium_titanium
[10mai.2026 15:10:00.790] [Thread-15/ERROR] [EMI/]: [EMI] Untranslated tag #forge:storage_blocks/nobelium
[10mai.2026 15:10:00.790] [Thread-15/ERROR] [EMI/]: [EMI] Untranslated tag #forge:storage_blocks/olivine
[10mai.2026 15:10:00.790] [Thread-15/ERROR] [EMI/]: [EMI] Untranslated tag #forge:storage_blocks/opal
[10mai.2026 15:10:00.790] [Thread-15/ERROR] [EMI/]: [EMI] Untranslated tag #forge:storage_blocks/osmiridium
[10mai.2026 15:10:00.790] [Thread-15/ERROR] [EMI/]: [EMI] Untranslated tag #forge:storage_blocks/osmium
[10mai.2026 15:10:00.790] [Thread-15/ERROR] [EMI/]: [EMI] Untranslated tag #forge:storage_blocks/palladium
[10mai.2026 15:10:00.791] [Thread-15/ERROR] [EMI/]: [EMI] Untranslated tag #forge:storage_blocks/platinum
[10mai.2026 15:10:00.791] [Thread-15/ERROR] [EMI/]: [EMI] Untranslated tag #forge:storage_blocks/plutonium
[10mai.2026 15:10:00.791] [Thread-15/ERROR] [EMI/]: [EMI] Untranslated tag #forge:storage_blocks/plutonium_241
[10mai.2026 15:10:00.791] [Thread-15/ERROR] [EMI/]: [EMI] Untranslated tag #forge:storage_blocks/polonium
[10mai.2026 15:10:00.791] [Thread-15/ERROR] [EMI/]: [EMI] Untranslated tag #forge:storage_blocks/polybenzimidazole
[10mai.2026 15:10:00.791] [Thread-15/ERROR] [EMI/]: [EMI] Untranslated tag #forge:storage_blocks/polycaprolactam
[10mai.2026 15:10:00.791] [Thread-15/ERROR] [EMI/]: [EMI] Untranslated tag #forge:storage_blocks/polyethylene
[10mai.2026 15:10:00.791] [Thread-15/ERROR] [EMI/]: [EMI] Untranslated tag #forge:storage_blocks/polyphenylene_sulfide
[10mai.2026 15:10:00.791] [Thread-15/ERROR] [EMI/]: [EMI] Untranslated tag #forge:storage_blocks/polytetrafluoroethylene
[10mai.2026 15:10:00.791] [Thread-15/ERROR] [EMI/]: [EMI] Untranslated tag #forge:storage_blocks/polyvinyl_butyral
[10mai.2026 15:10:00.791] [Thread-15/ERROR] [EMI/]: [EMI] Untranslated tag #forge:storage_blocks/polyvinyl_chloride
[10mai.2026 15:10:00.791] [Thread-15/ERROR] [EMI/]: [EMI] Untranslated tag #forge:storage_blocks/potin
[10mai.2026 15:10:00.791] [Thread-15/ERROR] [EMI/]: [EMI] Untranslated tag #forge:storage_blocks/praseodymium
[10mai.2026 15:10:00.791] [Thread-15/ERROR] [EMI/]: [EMI] Untranslated tag #forge:storage_blocks/promethium
[10mai.2026 15:10:00.791] [Thread-15/ERROR] [EMI/]: [EMI] Untranslated tag #forge:storage_blocks/protactinium
[10mai.2026 15:10:00.791] [Thread-15/ERROR] [EMI/]: [EMI] Untranslated tag #forge:storage_blocks/pyrope
[10mai.2026 15:10:00.791] [Thread-15/ERROR] [EMI/]: [EMI] Untranslated tag #forge:storage_blocks/quantum_coolant
[10mai.2026 15:10:00.791] [Thread-15/ERROR] [EMI/]: [EMI] Untranslated tag #forge:storage_blocks/quartzite
[10mai.2026 15:10:00.791] [Thread-15/ERROR] [EMI/]: [EMI] Untranslated tag #forge:storage_blocks/radium
[10mai.2026 15:10:00.791] [Thread-15/ERROR] [EMI/]: [EMI] Untranslated tag #forge:storage_blocks/raw_almandine
[10mai.2026 15:10:00.791] [Thread-15/ERROR] [EMI/]: [EMI] Untranslated tag #forge:storage_blocks/raw_aluminium
[10mai.2026 15:10:00.791] [Thread-15/ERROR] [EMI/]: [EMI] Untranslated tag #forge:storage_blocks/raw_alunite
[10mai.2026 15:10:00.791] [Thread-15/ERROR] [EMI/]: [EMI] Untranslated tag #forge:storage_blocks/raw_amethyst
[10mai.2026 15:10:00.791] [Thread-15/ERROR] [EMI/]: [EMI] Untranslated tag #forge:storage_blocks/raw_apatite
[10mai.2026 15:10:00.791] [Thread-15/ERROR] [EMI/]: [EMI] Untranslated tag #forge:storage_blocks/raw_asbestos
[10mai.2026 15:10:00.791] [Thread-15/ERROR] [EMI/]: [EMI] Untranslated tag #forge:storage_blocks/raw_barite
[10mai.2026 15:10:00.791] [Thread-15/ERROR] [EMI/]: [EMI] Untranslated tag #forge:storage_blocks/raw_basaltic_mineral_sand
[10mai.2026 15:10:00.791] [Thread-15/ERROR] [EMI/]: [EMI] Untranslated tag #forge:storage_blocks/raw_bastnasite
[10mai.2026 15:10:00.791] [Thread-15/ERROR] [EMI/]: [EMI] Untranslated tag #forge:storage_blocks/raw_bauxite
[10mai.2026 15:10:00.791] [Thread-15/ERROR] [EMI/]: [EMI] Untranslated tag #forge:storage_blocks/raw_bentonite
[10mai.2026 15:10:00.791] [Thread-15/ERROR] [EMI/]: [EMI] Untranslated tag #forge:storage_blocks/raw_beryllium
[10mai.2026 15:10:00.791] [Thread-15/ERROR] [EMI/]: [EMI] Untranslated tag #forge:storage_blocks/raw_blue_topaz
[10mai.2026 15:10:00.791] [Thread-15/ERROR] [EMI/]: [EMI] Untranslated tag #forge:storage_blocks/raw_bornite
[10mai.2026 15:10:00.791] [Thread-15/ERROR] [EMI/]: [EMI] Untranslated tag #forge:storage_blocks/raw_calcite
[10mai.2026 15:10:00.791] [Thread-15/ERROR] [EMI/]: [EMI] Untranslated tag #forge:storage_blocks/raw_cassiterite
[10mai.2026 15:10:00.791] [Thread-15/ERROR] [EMI/]: [EMI] Untranslated tag #forge:storage_blocks/raw_cassiterite_sand
[10mai.2026 15:10:00.791] [Thread-15/ERROR] [EMI/]: [EMI] Untranslated tag #forge:storage_blocks/raw_certus_quartz
[10mai.2026 15:10:00.791] [Thread-15/ERROR] [EMI/]: [EMI] Untranslated tag #forge:storage_blocks/raw_chalcocite
[10mai.2026 15:10:00.791] [Thread-15/ERROR] [EMI/]: [EMI] Untranslated tag #forge:storage_blocks/raw_chalcopyrite
[10mai.2026 15:10:00.791] [Thread-15/ERROR] [EMI/]: [EMI] Untranslated tag #forge:storage_blocks/raw_chromite
[10mai.2026 15:10:00.791] [Thread-15/ERROR] [EMI/]: [EMI] Untranslated tag #forge:storage_blocks/raw_cinnabar
[10mai.2026 15:10:00.791] [Thread-15/ERROR] [EMI/]: [EMI] Untranslated tag #forge:storage_blocks/raw_coal
[10mai.2026 15:10:00.791] [Thread-15/ERROR] [EMI/]: [EMI] Untranslated tag #forge:storage_blocks/raw_cobalt
[10mai.2026 15:10:00.791] [Thread-15/ERROR] [EMI/]: [EMI] Untranslated tag #forge:storage_blocks/raw_cobaltite
[10mai.2026 15:10:00.792] [Thread-15/ERROR] [EMI/]: [EMI] Untranslated tag #forge:storage_blocks/raw_cooperite
[10mai.2026 15:10:00.792] [Thread-15/ERROR] [EMI/]: [EMI] Untranslated tag #forge:storage_blocks/raw_diamond
[10mai.2026 15:10:00.792] [Thread-15/ERROR] [EMI/]: [EMI] Untranslated tag #forge:storage_blocks/raw_diatomite
[10mai.2026 15:10:00.792] [Thread-15/ERROR] [EMI/]: [EMI] Untranslated tag #forge:storage_blocks/raw_electrotine
[10mai.2026 15:10:00.792] [Thread-15/ERROR] [EMI/]: [EMI] Untranslated tag #forge:storage_blocks/raw_emerald
[10mai.2026 15:10:00.792] [Thread-15/ERROR] [EMI/]: [EMI] Untranslated tag #forge:storage_blocks/raw_fullers_earth
[10mai.2026 15:10:00.792] [Thread-15/ERROR] [EMI/]: [EMI] Untranslated tag #forge:storage_blocks/raw_galena
[10mai.2026 15:10:00.792] [Thread-15/ERROR] [EMI/]: [EMI] Untranslated tag #forge:storage_blocks/raw_garnet_sand
[10mai.2026 15:10:00.792] [Thread-15/ERROR] [EMI/]: [EMI] Untranslated tag #forge:storage_blocks/raw_garnierite
[10mai.2026 15:10:00.792] [Thread-15/ERROR] [EMI/]: [EMI] Untranslated tag #forge:storage_blocks/raw_glauconite_sand
[10mai.2026 15:10:00.792] [Thread-15/ERROR] [EMI/]: [EMI] Untranslated tag #forge:storage_blocks/raw_goethite
[10mai.2026 15:10:00.792] [Thread-15/ERROR] [EMI/]: [EMI] Untranslated tag #forge:storage_blocks/raw_granitic_mineral_sand
[10mai.2026 15:10:00.792] [Thread-15/ERROR] [EMI/]: [EMI] Untranslated tag #forge:storage_blocks/raw_graphite
[10mai.2026 15:10:00.792] [Thread-15/ERROR] [EMI/]: [EMI] Untranslated tag #forge:storage_blocks/raw_green_sapphire
[10mai.2026 15:10:00.792] [Thread-15/ERROR] [EMI/]: [EMI] Untranslated tag #forge:storage_blocks/raw_grossular
[10mai.2026 15:10:00.792] [Thread-15/ERROR] [EMI/]: [EMI] Untranslated tag #forge:storage_blocks/raw_gypsum
[10mai.2026 15:10:00.792] [Thread-15/ERROR] [EMI/]: [EMI] Untranslated tag #forge:storage_blocks/raw_hematite
[10mai.2026 15:10:00.792] [Thread-15/ERROR] [EMI/]: [EMI] Untranslated tag #forge:storage_blocks/raw_ilmenite
[10mai.2026 15:10:00.792] [Thread-15/ERROR] [EMI/]: [EMI] Untranslated tag #forge:storage_blocks/raw_kyanite
[10mai.2026 15:10:00.792] [Thread-15/ERROR] [EMI/]: [EMI] Untranslated tag #forge:storage_blocks/raw_lapis
[10mai.2026 15:10:00.792] [Render thread/WARN] [mezz.jei.library.plugins.vanilla.ingredients.ItemStackListFactory/]: 85 duplicate items were found in 'GregTechCEu Items' creative tab's: displayItems
This may indicate that these types of item need a subtype interpreter added to JEI:
[hv_sodium_battery, quarktech_leggings, energy_module, electric_jetpack, hv_power_unit, prospector.lv, quarktech_chestplate, lapotronic_energy_orb, hv_cadmium_battery, luv_vanadium_battery, hv_item_magnet, facade_cover, tantalum_capacitor, lv_lithium_battery, energy_crystal, hv_lithium_battery, quarktech_boots, mv_lithium_battery, mv_cadmium_battery, lapotronic_energy_orb_cluster, advanced_electric_jetpack, mv_sodium_battery, lv_item_magnet, advanced_nanomuscle_chestplate, advanced_quarktech_chestplate, energy_cluster, nanomuscle_helmet, nano_saber, portable_debug_scanner, max_battery, turbine_rotor, nightvision_goggles, mv_power_unit, zpm_naquadria_battery, lv_cadmium_battery, nanomuscle_leggings, ev_power_unit, lapotron_crystal, iv_vanadium_battery, portable_scanner, uv_naquadria_battery, prospector.hv, iv_power_unit, nanomuscle_boots, lv_power_unit, nanomuscle_chestplate, prospector.luv, quarktech_helmet, ev_vanadium_battery, lv_sodium_battery, zero_point_module]
[10mai.2026 15:10:00.792] [Thread-15/ERROR] [EMI/]: [EMI] Untranslated tag #forge:storage_blocks/raw_lazurite
[10mai.2026 15:10:00.792] [Thread-15/ERROR] [EMI/]: [EMI] Untranslated tag #forge:storage_blocks/raw_lead
[10mai.2026 15:10:00.792] [Thread-15/ERROR] [EMI/]: [EMI] Untranslated tag #forge:storage_blocks/raw_lepidolite
[10mai.2026 15:10:00.792] [Thread-15/ERROR] [EMI/]: [EMI] Untranslated tag #forge:storage_blocks/raw_lithium
[10mai.2026 15:10:00.792] [Thread-15/ERROR] [EMI/]: [EMI] Untranslated tag #forge:storage_blocks/raw_magnesite
[10mai.2026 15:10:00.792] [Thread-15/ERROR] [EMI/]: [EMI] Untranslated tag #forge:storage_blocks/raw_magnetite
[10mai.2026 15:10:00.792] [Thread-15/ERROR] [EMI/]: [EMI] Untranslated tag #forge:storage_blocks/raw_malachite
[10mai.2026 15:10:00.792] [Thread-15/ERROR] [EMI/]: [EMI] Untranslated tag #forge:storage_blocks/raw_mica
[10mai.2026 15:10:00.792] [Thread-15/ERROR] [EMI/]: [EMI] Untranslated tag #forge:storage_blocks/raw_molybdenite
[10mai.2026 15:10:00.792] [Thread-15/ERROR] [EMI/]: [EMI] Untranslated tag #forge:storage_blocks/raw_molybdenum
[10mai.2026 15:10:00.792] [Thread-15/ERROR] [EMI/]: [EMI] Untranslated tag #forge:storage_blocks/raw_monazite
[10mai.2026 15:10:00.792] [Thread-15/ERROR] [EMI/]: [EMI] Untranslated tag #forge:storage_blocks/raw_naquadah
[10mai.2026 15:10:00.792] [Thread-15/ERROR] [EMI/]: [EMI] Untranslated tag #forge:storage_blocks/raw_neodymium
[10mai.2026 15:10:00.792] [Thread-15/ERROR] [EMI/]: [EMI] Untranslated tag #forge:storage_blocks/raw_nether_quartz
[10mai.2026 15:10:00.792] [Thread-15/ERROR] [EMI/]: [EMI] Untranslated tag #forge:storage_blocks/raw_nickel
[10mai.2026 15:10:00.792] [Thread-15/ERROR] [EMI/]: [EMI] Untranslated tag #forge:storage_blocks/raw_oilsands
[10mai.2026 15:10:00.792] [Thread-15/ERROR] [EMI/]: [EMI] Untranslated tag #forge:storage_blocks/raw_olivine
[10mai.2026 15:10:00.792] [Thread-15/ERROR] [EMI/]: [EMI] Untranslated tag #forge:storage_blocks/raw_opal
[10mai.2026 15:10:00.792] [Thread-15/ERROR] [EMI/]: [EMI] Untranslated tag #forge:storage_blocks/raw_palladium
[10mai.2026 15:10:00.792] [Thread-15/ERROR] [EMI/]: [EMI] Untranslated tag #forge:storage_blocks/raw_pentlandite
[10mai.2026 15:10:00.792] [Thread-15/ERROR] [EMI/]: [EMI] Untranslated tag #forge:storage_blocks/raw_pitchblende
[10mai.2026 15:10:00.792] [Thread-15/ERROR] [EMI/]: [EMI] Untranslated tag #forge:storage_blocks/raw_platinum
[10mai.2026 15:10:00.792] [Thread-15/ERROR] [EMI/]: [EMI] Untranslated tag #forge:storage_blocks/raw_plutonium
[10mai.2026 15:10:00.793] [Thread-15/ERROR] [EMI/]: [EMI] Untranslated tag #forge:storage_blocks/raw_pollucite
[10mai.2026 15:10:00.793] [Thread-15/ERROR] [EMI/]: [EMI] Untranslated tag #forge:storage_blocks/raw_powellite
[10mai.2026 15:10:00.793] [Thread-15/ERROR] [EMI/]: [EMI] Untranslated tag #forge:storage_blocks/raw_pyrite
[10mai.2026 15:10:00.793] [Thread-15/ERROR] [EMI/]: [EMI] Untranslated tag #forge:storage_blocks/raw_pyrochlore
[10mai.2026 15:10:00.793] [Thread-15/ERROR] [EMI/]: [EMI] Untranslated tag #forge:storage_blocks/raw_pyrolusite
[10mai.2026 15:10:00.793] [Thread-15/ERROR] [EMI/]: [EMI] Untranslated tag #forge:storage_blocks/raw_pyrope
[10mai.2026 15:10:00.793] [Thread-15/ERROR] [EMI/]: [EMI] Untranslated tag #forge:storage_blocks/raw_quartzite
[10mai.2026 15:10:00.793] [Thread-15/ERROR] [EMI/]: [EMI] Untranslated tag #forge:storage_blocks/raw_realgar
[10mai.2026 15:10:00.793] [Thread-15/ERROR] [EMI/]: [EMI] Untranslated tag #forge:storage_blocks/raw_red_garnet
[10mai.2026 15:10:00.793] [Thread-15/ERROR] [EMI/]: [EMI] Untranslated tag #forge:storage_blocks/raw_redstone
[10mai.2026 15:10:00.793] [Thread-15/ERROR] [EMI/]: [EMI] Untranslated tag #forge:storage_blocks/raw_rock_salt
[10mai.2026 15:10:00.793] [Thread-15/ERROR] [EMI/]: [EMI] Untranslated tag #forge:storage_blocks/raw_ruby
[10mai.2026 15:10:00.793] [Thread-15/ERROR] [EMI/]: [EMI] Untranslated tag #forge:storage_blocks/raw_salt
[10mai.2026 15:10:00.793] [Thread-15/ERROR] [EMI/]: [EMI] Untranslated tag #forge:storage_blocks/raw_saltpeter
[10mai.2026 15:10:00.793] [Thread-15/ERROR] [EMI/]: [EMI] Untranslated tag #forge:storage_blocks/raw_sapphire
[10mai.2026 15:10:00.793] [Thread-15/ERROR] [EMI/]: [EMI] Untranslated tag #forge:storage_blocks/raw_scheelite
[10mai.2026 15:10:00.793] [Thread-15/ERROR] [EMI/]: [EMI] Untranslated tag #forge:storage_blocks/raw_silver
[10mai.2026 15:10:00.793] [Thread-15/ERROR] [EMI/]: [EMI] Untranslated tag #forge:storage_blocks/raw_soapstone
[10mai.2026 15:10:00.793] [Thread-15/ERROR] [EMI/]: [EMI] Untranslated tag #forge:storage_blocks/raw_sodalite
[10mai.2026 15:10:00.793] [Thread-15/ERROR] [EMI/]: [EMI] Untranslated tag #forge:storage_blocks/raw_spessartine
[10mai.2026 15:10:00.793] [Thread-15/ERROR] [EMI/]: [EMI] Untranslated tag #forge:storage_blocks/raw_sphalerite
[10mai.2026 15:10:00.793] [Thread-15/ERROR] [EMI/]: [EMI] Untranslated tag #forge:storage_blocks/raw_spodumene
[10mai.2026 15:10:00.793] [Thread-15/ERROR] [EMI/]: [EMI] Untranslated tag #forge:storage_blocks/raw_stibnite
[10mai.2026 15:10:00.793] [Thread-15/ERROR] [EMI/]: [EMI] Untranslated tag #forge:storage_blocks/raw_sulfur
[10mai.2026 15:10:00.793] [Thread-15/ERROR] [EMI/]: [EMI] Untranslated tag #forge:storage_blocks/raw_talc
[10mai.2026 15:10:00.793] [Thread-15/ERROR] [EMI/]: [EMI] Untranslated tag #forge:storage_blocks/raw_tantalite
[10mai.2026 15:10:00.793] [Thread-15/ERROR] [EMI/]: [EMI] Untranslated tag #forge:storage_blocks/raw_tetrahedrite
[10mai.2026 15:10:00.793] [Thread-15/ERROR] [EMI/]: [EMI] Untranslated tag #forge:storage_blocks/raw_thorium
[10mai.2026 15:10:00.793] [Thread-15/ERROR] [EMI/]: [EMI] Untranslated tag #forge:storage_blocks/raw_tin
[10mai.2026 15:10:00.793] [Thread-15/ERROR] [EMI/]: [EMI] Untranslated tag #forge:storage_blocks/raw_topaz
[10mai.2026 15:10:00.793] [Thread-15/ERROR] [EMI/]: [EMI] Untranslated tag #forge:storage_blocks/raw_tricalcium_phosphate
[10mai.2026 15:10:00.793] [Thread-15/ERROR] [EMI/]: [EMI] Untranslated tag #forge:storage_blocks/raw_trona
[10mai.2026 15:10:00.793] [Thread-15/ERROR] [EMI/]: [EMI] Untranslated tag #forge:storage_blocks/raw_tungstate
[10mai.2026 15:10:00.793] [Thread-15/ERROR] [EMI/]: [EMI] Untranslated tag #forge:storage_blocks/raw_uraninite
[10mai.2026 15:10:00.793] [Thread-15/ERROR] [EMI/]: [EMI] Untranslated tag #forge:storage_blocks/raw_vanadium_magnetite
[10mai.2026 15:10:00.793] [Thread-15/ERROR] [EMI/]: [EMI] Untranslated tag #forge:storage_blocks/raw_wulfenite
[10mai.2026 15:10:00.793] [Thread-15/ERROR] [EMI/]: [EMI] Untranslated tag #forge:storage_blocks/raw_yellow_garnet
[10mai.2026 15:10:00.793] [Thread-15/ERROR] [EMI/]: [EMI] Untranslated tag #forge:storage_blocks/raw_yellow_limonite
[10mai.2026 15:10:00.793] [Thread-15/ERROR] [EMI/]: [EMI] Untranslated tag #forge:storage_blocks/raw_zeolite
[10mai.2026 15:10:00.793] [Thread-15/ERROR] [EMI/]: [EMI] Untranslated tag #forge:storage_blocks/realgar
[10mai.2026 15:10:00.793] [Thread-15/ERROR] [EMI/]: [EMI] Untranslated tag #forge:storage_blocks/red_alloy
[10mai.2026 15:10:00.793] [Thread-15/ERROR] [EMI/]: [EMI] Untranslated tag #forge:storage_blocks/red_garnet
[10mai.2026 15:10:00.793] [Thread-15/ERROR] [EMI/]: [EMI] Untranslated tag #forge:storage_blocks/red_steel
[10mai.2026 15:10:00.793] [Thread-15/ERROR] [EMI/]: [EMI] Untranslated tag #forge:storage_blocks/reinforced_epoxy_resin
[10mai.2026 15:10:00.794] [Thread-15/ERROR] [EMI/]: [EMI] Untranslated tag #forge:storage_blocks/rhenium
[10mai.2026 15:10:00.794] [Thread-15/ERROR] [EMI/]: [EMI] Untranslated tag #forge:storage_blocks/rhodium
[10mai.2026 15:10:00.794] [Thread-15/ERROR] [EMI/]: [EMI] Untranslated tag #forge:storage_blocks/rhodium_plated_palladium
[10mai.2026 15:10:00.794] [Thread-15/ERROR] [EMI/]: [EMI] Untranslated tag #forge:storage_blocks/rock_salt
[10mai.2026 15:10:00.794] [Thread-15/ERROR] [EMI/]: [EMI] Untranslated tag #forge:storage_blocks/roentgenium
[10mai.2026 15:10:00.794] [Thread-15/ERROR] [EMI/]: [EMI] Untranslated tag #forge:storage_blocks/rose_gold
[10mai.2026 15:10:00.794] [Thread-15/ERROR] [EMI/]: [EMI] Untranslated tag #forge:storage_blocks/rtm_alloy
[10mai.2026 15:10:00.794] [Thread-15/ERROR] [EMI/]: [EMI] Untranslated tag #forge:storage_blocks/rubber
[10mai.2026 15:10:00.794] [Thread-15/ERROR] [EMI/]: [EMI] Untranslated tag #forge:storage_blocks/rubidium
[10mai.2026 15:10:00.794] [Thread-15/ERROR] [EMI/]: [EMI] Untranslated tag #forge:storage_blocks/ruby
[10mai.2026 15:10:00.794] [Thread-15/ERROR] [EMI/]: [EMI] Untranslated tag #forge:storage_blocks/ruridit
[10mai.2026 15:10:00.794] [Thread-15/ERROR] [EMI/]: [EMI] Untranslated tag #forge:storage_blocks/ruthenium
[10mai.2026 15:10:00.794] [Thread-15/ERROR] [EMI/]: [EMI] Untranslated tag #forge:storage_blocks/ruthenium_trinium_americium_neutronate
[10mai.2026 15:10:00.794] [Thread-15/ERROR] [EMI/]: [EMI] Untranslated tag #forge:storage_blocks/rutherfordium
[10mai.2026 15:10:00.794] [Thread-15/ERROR] [EMI/]: [EMI] Untranslated tag #forge:storage_blocks/rutile
[10mai.2026 15:10:00.794] [Thread-15/ERROR] [EMI/]: [EMI] Untranslated tag #forge:storage_blocks/salt
[10mai.2026 15:10:00.794] [Thread-15/ERROR] [EMI/]: [EMI] Untranslated tag #forge:storage_blocks/samarium
[10mai.2026 15:10:00.794] [Thread-15/ERROR] [EMI/]: [EMI] Untranslated tag #forge:storage_blocks/samarium_iron_arsenic_oxide
[10mai.2026 15:10:00.794] [Thread-15/ERROR] [EMI/]: [EMI] Untranslated tag #forge:storage_blocks/sapphire
[10mai.2026 15:10:00.794] [Thread-15/ERROR] [EMI/]: [EMI] Untranslated tag #forge:storage_blocks/scandium
[10mai.2026 15:10:00.794] [Thread-15/ERROR] [EMI/]: [EMI] Untranslated tag #forge:storage_blocks/sculk
[10mai.2026 15:10:00.794] [Thread-15/ERROR] [EMI/]: [EMI] Untranslated tag #forge:storage_blocks/seaborgium
[10mai.2026 15:10:00.794] [Thread-15/ERROR] [EMI/]: [EMI] Untranslated tag #forge:storage_blocks/selenium
[10mai.2026 15:10:00.794] [Thread-15/ERROR] [EMI/]: [EMI] Untranslated tag #forge:storage_blocks/silicon
[10mai.2026 15:10:00.794] [Thread-15/ERROR] [EMI/]: [EMI] Untranslated tag #forge:storage_blocks/silicone_rubber
[10mai.2026 15:10:00.794] [Thread-15/ERROR] [EMI/]: [EMI] Untranslated tag #forge:storage_blocks/silver
[10mai.2026 15:10:00.794] [Thread-15/ERROR] [EMI/]: [EMI] Untranslated tag #forge:storage_blocks/sodalite
[10mai.2026 15:10:00.794] [Thread-15/ERROR] [EMI/]: [EMI] Untranslated tag #forge:storage_blocks/soldering_alloy
[10mai.2026 15:10:00.794] [Thread-15/ERROR] [EMI/]: [EMI] Untranslated tag #forge:storage_blocks/spessartine
[10mai.2026 15:10:00.794] [Thread-15/ERROR] [EMI/]: [EMI] Untranslated tag #forge:storage_blocks/stainless_steel
[10mai.2026 15:10:00.794] [Thread-15/ERROR] [EMI/]: [EMI] Untranslated tag #forge:storage_blocks/steel
[10mai.2026 15:10:00.794] [Thread-15/ERROR] [EMI/]: [EMI] Untranslated tag #forge:storage_blocks/stellite_100
[10mai.2026 15:10:00.794] [Thread-15/ERROR] [EMI/]: [EMI] Untranslated tag #forge:storage_blocks/sterling_silver
[10mai.2026 15:10:00.794] [Thread-15/ERROR] [EMI/]: [EMI] Untranslated tag #forge:storage_blocks/strontium
[10mai.2026 15:10:00.794] [Thread-15/ERROR] [EMI/]: [EMI] Untranslated tag #forge:storage_blocks/styrene_butadiene_rubber
[10mai.2026 15:10:00.794] [Thread-15/ERROR] [EMI/]: [EMI] Untranslated tag #forge:storage_blocks/sugar
[10mai.2026 15:10:00.794] [Thread-15/ERROR] [EMI/]: [EMI] Untranslated tag #forge:storage_blocks/tantalum
[10mai.2026 15:10:00.794] [Thread-15/ERROR] [EMI/]: [EMI] Untranslated tag #forge:storage_blocks/tantalum_carbide
[10mai.2026 15:10:00.794] [Thread-15/ERROR] [EMI/]: [EMI] Untranslated tag #forge:storage_blocks/technetium
[10mai.2026 15:10:00.794] [Thread-15/ERROR] [EMI/]: [EMI] Untranslated tag #forge:storage_blocks/tellurium
[10mai.2026 15:10:00.795] [Thread-15/ERROR] [EMI/]: [EMI] Untranslated tag #forge:storage_blocks/tennessine
[10mai.2026 15:10:00.795] [Thread-15/ERROR] [EMI/]: [EMI] Untranslated tag #forge:storage_blocks/terbium
[10mai.2026 15:10:00.795] [Thread-15/ERROR] [EMI/]: [EMI] Untranslated tag #forge:storage_blocks/thallium
[10mai.2026 15:10:00.795] [Thread-15/ERROR] [EMI/]: [EMI] Untranslated tag #forge:storage_blocks/thorium
[10mai.2026 15:10:00.795] [Thread-15/ERROR] [EMI/]: [EMI] Untranslated tag #forge:storage_blocks/thulium
[10mai.2026 15:10:00.795] [Thread-15/ERROR] [EMI/]: [EMI] Untranslated tag #forge:storage_blocks/tin
[10mai.2026 15:10:00.795] [Thread-15/ERROR] [EMI/]: [EMI] Untranslated tag #forge:storage_blocks/tin_alloy
[10mai.2026 15:10:00.795] [Thread-15/ERROR] [EMI/]: [EMI] Untranslated tag #forge:storage_blocks/titanium
[10mai.2026 15:10:00.795] [Thread-15/ERROR] [EMI/]: [EMI] Untranslated tag #forge:storage_blocks/titanium_carbide
[10mai.2026 15:10:00.795] [Thread-15/ERROR] [EMI/]: [EMI] Untranslated tag #forge:storage_blocks/titanium_tungsten_carbide
[10mai.2026 15:10:00.795] [Thread-15/ERROR] [EMI/]: [EMI] Untranslated tag #forge:storage_blocks/topaz
[10mai.2026 15:10:00.795] [Thread-15/ERROR] [EMI/]: [EMI] Untranslated tag #forge:storage_blocks/trinium
[10mai.2026 15:10:00.795] [Thread-15/ERROR] [EMI/]: [EMI] Untranslated tag #forge:storage_blocks/tritanium
[10mai.2026 15:10:00.795] [Thread-15/ERROR] [EMI/]: [EMI] Untranslated tag #forge:storage_blocks/tungsten
[10mai.2026 15:10:00.795] [Thread-15/ERROR] [EMI/]: [EMI] Untranslated tag #forge:storage_blocks/tungsten_carbide
[10mai.2026 15:10:00.795] [Thread-15/ERROR] [EMI/]: [EMI] Untranslated tag #forge:storage_blocks/tungsten_steel
[10mai.2026 15:10:00.795] [Thread-15/ERROR] [EMI/]: [EMI] Untranslated tag #forge:storage_blocks/ultimet
[10mai.2026 15:10:00.795] [Thread-15/ERROR] [EMI/]: [EMI] Untranslated tag #forge:storage_blocks/uranium
[10mai.2026 15:10:00.795] [Thread-15/ERROR] [EMI/]: [EMI] Untranslated tag #forge:storage_blocks/uranium_235
[10mai.2026 15:10:00.795] [Thread-15/ERROR] [EMI/]: [EMI] Untranslated tag #forge:storage_blocks/uranium_rhodium_dinaquadide
[10mai.2026 15:10:00.795] [Thread-15/ERROR] [EMI/]: [EMI] Untranslated tag #forge:storage_blocks/uranium_triplatinum
[10mai.2026 15:10:00.795] [Thread-15/ERROR] [EMI/]: [EMI] Untranslated tag #forge:storage_blocks/uvarovite
[10mai.2026 15:10:00.795] [Thread-15/ERROR] [EMI/]: [EMI] Untranslated tag #forge:storage_blocks/vanadium
[10mai.2026 15:10:00.795] [Thread-15/ERROR] [EMI/]: [EMI] Untranslated tag #forge:storage_blocks/vanadium_gallium
[10mai.2026 15:10:00.795] [Thread-15/ERROR] [EMI/]: [EMI] Untranslated tag #forge:storage_blocks/vanadium_steel
[10mai.2026 15:10:00.795] [Thread-15/ERROR] [EMI/]: [EMI] Untranslated tag #forge:storage_blocks/watertight_steel
[10mai.2026 15:10:00.795] [Thread-15/ERROR] [EMI/]: [EMI] Untranslated tag #forge:storage_blocks/wax
[10mai.2026 15:10:00.795] [Thread-15/ERROR] [EMI/]: [EMI] Untranslated tag #forge:storage_blocks/wrought_iron
[10mai.2026 15:10:00.795] [Thread-15/ERROR] [EMI/]: [EMI] Untranslated tag #forge:storage_blocks/yellow_garnet
[10mai.2026 15:10:00.795] [Thread-15/ERROR] [EMI/]: [EMI] Untranslated tag #forge:storage_blocks/ytterbium
[10mai.2026 15:10:00.795] [Thread-15/ERROR] [EMI/]: [EMI] Untranslated tag #forge:storage_blocks/yttrium
[10mai.2026 15:10:00.795] [Thread-15/ERROR] [EMI/]: [EMI] Untranslated tag #forge:storage_blocks/yttrium_barium_cuprate
[10mai.2026 15:10:00.795] [Thread-15/ERROR] [EMI/]: [EMI] Untranslated tag #forge:storage_blocks/zeron_100
[10mai.2026 15:10:00.795] [Thread-15/ERROR] [EMI/]: [EMI] Untranslated tag #forge:storage_blocks/zinc
[10mai.2026 15:10:00.795] [Thread-15/ERROR] [EMI/]: [EMI] Untranslated tag #forge:storage_blocks/zirconium
[10mai.2026 15:10:00.795] [Thread-15/ERROR] [EMI/]: [EMI] Untranslated tag #forge:surface_rocks
[10mai.2026 15:10:00.795] [Thread-15/ERROR] [EMI/]: [EMI] Untranslated tag #forge:surface_rocks/almandine
[10mai.2026 15:10:00.795] [Thread-15/ERROR] [EMI/]: [EMI] Untranslated tag #forge:surface_rocks/aluminium
[10mai.2026 15:10:00.795] [Thread-15/ERROR] [EMI/]: [EMI] Untranslated tag #forge:surface_rocks/alunite
[10mai.2026 15:10:00.795] [Thread-15/ERROR] [EMI/]: [EMI] Untranslated tag #forge:surface_rocks/amethyst
[10mai.2026 15:10:00.795] [Thread-15/ERROR] [EMI/]: [EMI] Untranslated tag #forge:surface_rocks/apatite
[10mai.2026 15:10:00.795] [Thread-15/ERROR] [EMI/]: [EMI] Untranslated tag #forge:surface_rocks/asbestos
[10mai.2026 15:10:00.795] [Thread-15/ERROR] [EMI/]: [EMI] Untranslated tag #forge:surface_rocks/barite
[10mai.2026 15:10:00.795] [Thread-15/ERROR] [EMI/]: [EMI] Untranslated tag #forge:surface_rocks/basaltic_mineral_sand
[10mai.2026 15:10:00.795] [Thread-15/ERROR] [EMI/]: [EMI] Untranslated tag #forge:surface_rocks/bastnasite
[10mai.2026 15:10:00.796] [Thread-15/ERROR] [EMI/]: [EMI] Untranslated tag #forge:surface_rocks/bauxite
[10mai.2026 15:10:00.796] [Thread-15/ERROR] [EMI/]: [EMI] Untranslated tag #forge:surface_rocks/bentonite
[10mai.2026 15:10:00.796] [Thread-15/ERROR] [EMI/]: [EMI] Untranslated tag #forge:surface_rocks/beryllium
[10mai.2026 15:10:00.796] [Thread-15/ERROR] [EMI/]: [EMI] Untranslated tag #forge:surface_rocks/blue_topaz
[10mai.2026 15:10:00.796] [Thread-15/ERROR] [EMI/]: [EMI] Untranslated tag #forge:surface_rocks/bornite
[10mai.2026 15:10:00.796] [Thread-15/ERROR] [EMI/]: [EMI] Untranslated tag #forge:surface_rocks/calcite
[10mai.2026 15:10:00.796] [Thread-15/ERROR] [EMI/]: [EMI] Untranslated tag #forge:surface_rocks/cassiterite
[10mai.2026 15:10:00.796] [Thread-15/ERROR] [EMI/]: [EMI] Untranslated tag #forge:surface_rocks/cassiterite_sand
[10mai.2026 15:10:00.796] [Thread-15/ERROR] [EMI/]: [EMI] Untranslated tag #forge:surface_rocks/certus_quartz
[10mai.2026 15:10:00.796] [Thread-15/ERROR] [EMI/]: [EMI] Untranslated tag #forge:surface_rocks/chalcocite
[10mai.2026 15:10:00.796] [Thread-15/ERROR] [EMI/]: [EMI] Untranslated tag #forge:surface_rocks/chalcopyrite
[10mai.2026 15:10:00.796] [Thread-15/ERROR] [EMI/]: [EMI] Untranslated tag #forge:surface_rocks/chromite
[10mai.2026 15:10:00.796] [Thread-15/ERROR] [EMI/]: [EMI] Untranslated tag #forge:surface_rocks/cinnabar
[10mai.2026 15:10:00.796] [Thread-15/ERROR] [EMI/]: [EMI] Untranslated tag #forge:surface_rocks/coal
[10mai.2026 15:10:00.796] [Thread-15/ERROR] [EMI/]: [EMI] Untranslated tag #forge:surface_rocks/cobalt
[10mai.2026 15:10:00.796] [Thread-15/ERROR] [EMI/]: [EMI] Untranslated tag #forge:surface_rocks/cobaltite
[10mai.2026 15:10:00.796] [Thread-15/ERROR] [EMI/]: [EMI] Untranslated tag #forge:surface_rocks/cooperite
[10mai.2026 15:10:00.796] [Thread-15/ERROR] [EMI/]: [EMI] Untranslated tag #forge:surface_rocks/copper
[10mai.2026 15:10:00.796] [Thread-15/ERROR] [EMI/]: [EMI] Untranslated tag #forge:surface_rocks/diamond
[10mai.2026 15:10:00.796] [Thread-15/ERROR] [EMI/]: [EMI] Untranslated tag #forge:surface_rocks/diatomite
[10mai.2026 15:10:00.796] [Thread-15/ERROR] [EMI/]: [EMI] Untranslated tag #forge:surface_rocks/electrotine
[10mai.2026 15:10:00.796] [Thread-15/ERROR] [EMI/]: [EMI] Untranslated tag #forge:surface_rocks/emerald
[10mai.2026 15:10:00.796] [Thread-15/ERROR] [EMI/]: [EMI] Untranslated tag #forge:surface_rocks/fullers_earth
[10mai.2026 15:10:00.796] [Thread-15/ERROR] [EMI/]: [EMI] Untranslated tag #forge:surface_rocks/galena
[10mai.2026 15:10:00.796] [Thread-15/ERROR] [EMI/]: [EMI] Untranslated tag #forge:surface_rocks/garnet_sand
[10mai.2026 15:10:00.796] [Thread-15/ERROR] [EMI/]: [EMI] Untranslated tag #forge:surface_rocks/garnierite
[10mai.2026 15:10:00.797] [Thread-15/ERROR] [EMI/]: [EMI] Untranslated tag #forge:surface_rocks/glauconite_sand
[10mai.2026 15:10:00.797] [Thread-15/ERROR] [EMI/]: [EMI] Untranslated tag #forge:surface_rocks/goethite
[10mai.2026 15:10:00.797] [Thread-15/ERROR] [EMI/]: [EMI] Untranslated tag #forge:surface_rocks/gold
[10mai.2026 15:10:00.797] [Thread-15/ERROR] [EMI/]: [EMI] Untranslated tag #forge:surface_rocks/granitic_mineral_sand
[10mai.2026 15:10:00.797] [Thread-15/ERROR] [EMI/]: [EMI] Untranslated tag #forge:surface_rocks/graphite
[10mai.2026 15:10:00.797] [Thread-15/ERROR] [EMI/]: [EMI] Untranslated tag #forge:surface_rocks/green_sapphire
[10mai.2026 15:10:00.797] [Thread-15/ERROR] [EMI/]: [EMI] Untranslated tag #forge:surface_rocks/grossular
[10mai.2026 15:10:00.797] [Thread-15/ERROR] [EMI/]: [EMI] Untranslated tag #forge:surface_rocks/gypsum
[10mai.2026 15:10:00.797] [Thread-15/ERROR] [EMI/]: [EMI] Untranslated tag #forge:surface_rocks/hematite
[10mai.2026 15:10:00.797] [Thread-15/ERROR] [EMI/]: [EMI] Untranslated tag #forge:surface_rocks/ilmenite
[10mai.2026 15:10:00.797] [Thread-15/ERROR] [EMI/]: [EMI] Untranslated tag #forge:surface_rocks/iron
[10mai.2026 15:10:00.797] [Thread-15/ERROR] [EMI/]: [EMI] Untranslated tag #forge:surface_rocks/kyanite
[10mai.2026 15:10:00.797] [Thread-15/ERROR] [EMI/]: [EMI] Untranslated tag #forge:surface_rocks/lapis
[10mai.2026 15:10:00.797] [Thread-15/ERROR] [EMI/]: [EMI] Untranslated tag #forge:surface_rocks/lazurite
[10mai.2026 15:10:00.797] [Thread-15/ERROR] [EMI/]: [EMI] Untranslated tag #forge:surface_rocks/lead
[10mai.2026 15:10:00.797] [Thread-15/ERROR] [EMI/]: [EMI] Untranslated tag #forge:surface_rocks/lepidolite
[10mai.2026 15:10:00.797] [Thread-15/ERROR] [EMI/]: [EMI] Untranslated tag #forge:surface_rocks/lithium
[10mai.2026 15:10:00.797] [Thread-15/ERROR] [EMI/]: [EMI] Untranslated tag #forge:surface_rocks/magnesite
[10mai.2026 15:10:00.797] [Thread-15/ERROR] [EMI/]: [EMI] Untranslated tag #forge:surface_rocks/magnetite
[10mai.2026 15:10:00.797] [Thread-15/ERROR] [EMI/]: [EMI] Untranslated tag #forge:surface_rocks/malachite
[10mai.2026 15:10:00.797] [Thread-15/ERROR] [EMI/]: [EMI] Untranslated tag #forge:surface_rocks/mica
[10mai.2026 15:10:00.797] [Thread-15/ERROR] [EMI/]: [EMI] Untranslated tag #forge:surface_rocks/molybdenite
[10mai.2026 15:10:00.797] [Thread-15/ERROR] [EMI/]: [EMI] Untranslated tag #forge:surface_rocks/molybdenum
[10mai.2026 15:10:00.797] [Thread-15/ERROR] [EMI/]: [EMI] Untranslated tag #forge:surface_rocks/monazite
[10mai.2026 15:10:00.797] [Thread-15/ERROR] [EMI/]: [EMI] Untranslated tag #forge:surface_rocks/naquadah
[10mai.2026 15:10:00.797] [Thread-15/ERROR] [EMI/]: [EMI] Untranslated tag #forge:surface_rocks/neodymium
[10mai.2026 15:10:00.797] [Thread-15/ERROR] [EMI/]: [EMI] Untranslated tag #forge:surface_rocks/nether_quartz
[10mai.2026 15:10:00.797] [Thread-15/ERROR] [EMI/]: [EMI] Untranslated tag #forge:surface_rocks/nickel
[10mai.2026 15:10:00.797] [Thread-15/ERROR] [EMI/]: [EMI] Untranslated tag #forge:surface_rocks/oilsands
[10mai.2026 15:10:00.797] [Thread-15/ERROR] [EMI/]: [EMI] Untranslated tag #forge:surface_rocks/olivine
[10mai.2026 15:10:00.797] [Thread-15/ERROR] [EMI/]: [EMI] Untranslated tag #forge:surface_rocks/opal
[10mai.2026 15:10:00.797] [Thread-15/ERROR] [EMI/]: [EMI] Untranslated tag #forge:surface_rocks/palladium
[10mai.2026 15:10:00.797] [Thread-15/ERROR] [EMI/]: [EMI] Untranslated tag #forge:surface_rocks/pentlandite
[10mai.2026 15:10:00.797] [Thread-15/ERROR] [EMI/]: [EMI] Untranslated tag #forge:surface_rocks/pitchblende
[10mai.2026 15:10:00.797] [Thread-15/ERROR] [EMI/]: [EMI] Untranslated tag #forge:surface_rocks/platinum
[10mai.2026 15:10:00.797] [Thread-15/ERROR] [EMI/]: [EMI] Untranslated tag #forge:surface_rocks/plutonium
[10mai.2026 15:10:00.797] [Thread-15/ERROR] [EMI/]: [EMI] Untranslated tag #forge:surface_rocks/pollucite
[10mai.2026 15:10:00.797] [Thread-15/ERROR] [EMI/]: [EMI] Untranslated tag #forge:surface_rocks/powellite
[10mai.2026 15:10:00.797] [Thread-15/ERROR] [EMI/]: [EMI] Untranslated tag #forge:surface_rocks/pyrite
[10mai.2026 15:10:00.797] [Thread-15/ERROR] [EMI/]: [EMI] Untranslated tag #forge:surface_rocks/pyrochlore
[10mai.2026 15:10:00.797] [Thread-15/ERROR] [EMI/]: [EMI] Untranslated tag #forge:surface_rocks/pyrolusite
[10mai.2026 15:10:00.797] [Thread-15/ERROR] [EMI/]: [EMI] Untranslated tag #forge:surface_rocks/pyrope
[10mai.2026 15:10:00.797] [Thread-15/ERROR] [EMI/]: [EMI] Untranslated tag #forge:surface_rocks/quartzite
[10mai.2026 15:10:00.798] [Thread-15/ERROR] [EMI/]: [EMI] Untranslated tag #forge:surface_rocks/realgar
[10mai.2026 15:10:00.798] [Thread-15/ERROR] [EMI/]: [EMI] Untranslated tag #forge:surface_rocks/red_garnet
[10mai.2026 15:10:00.798] [Thread-15/ERROR] [EMI/]: [EMI] Untranslated tag #forge:surface_rocks/redstone
[10mai.2026 15:10:00.798] [Thread-15/ERROR] [EMI/]: [EMI] Untranslated tag #forge:surface_rocks/rock_salt
[10mai.2026 15:10:00.798] [Thread-15/ERROR] [EMI/]: [EMI] Untranslated tag #forge:surface_rocks/ruby
[10mai.2026 15:10:00.798] [Thread-15/ERROR] [EMI/]: [EMI] Untranslated tag #forge:surface_rocks/salt
[10mai.2026 15:10:00.798] [Thread-15/ERROR] [EMI/]: [EMI] Untranslated tag #forge:surface_rocks/saltpeter
[10mai.2026 15:10:00.798] [Thread-15/ERROR] [EMI/]: [EMI] Untranslated tag #forge:surface_rocks/sapphire
[10mai.2026 15:10:00.798] [Thread-15/ERROR] [EMI/]: [EMI] Untranslated tag #forge:surface_rocks/scheelite
[10mai.2026 15:10:00.798] [Thread-15/ERROR] [EMI/]: [EMI] Untranslated tag #forge:surface_rocks/silver
[10mai.2026 15:10:00.798] [Thread-15/ERROR] [EMI/]: [EMI] Untranslated tag #forge:surface_rocks/soapstone
[10mai.2026 15:10:00.798] [Thread-15/ERROR] [EMI/]: [EMI] Untranslated tag #forge:surface_rocks/sodalite
[10mai.2026 15:10:00.798] [Thread-15/ERROR] [EMI/]: [EMI] Untranslated tag #forge:surface_rocks/spessartine
[10mai.2026 15:10:00.798] [Thread-15/ERROR] [EMI/]: [EMI] Untranslated tag #forge:surface_rocks/sphalerite
[10mai.2026 15:10:00.798] [Thread-15/ERROR] [EMI/]: [EMI] Untranslated tag #forge:surface_rocks/spodumene
[10mai.2026 15:10:00.798] [Thread-15/ERROR] [EMI/]: [EMI] Untranslated tag #forge:surface_rocks/stibnite
[10mai.2026 15:10:00.798] [Thread-15/ERROR] [EMI/]: [EMI] Untranslated tag #forge:surface_rocks/sulfur
[10mai.2026 15:10:00.798] [Thread-15/ERROR] [EMI/]: [EMI] Untranslated tag #forge:surface_rocks/talc
[10mai.2026 15:10:00.798] [Thread-15/ERROR] [EMI/]: [EMI] Untranslated tag #forge:surface_rocks/tantalite
[10mai.2026 15:10:00.798] [Thread-15/ERROR] [EMI/]: [EMI] Untranslated tag #forge:surface_rocks/tetrahedrite
[10mai.2026 15:10:00.798] [Thread-15/ERROR] [EMI/]: [EMI] Untranslated tag #forge:surface_rocks/thorium
[10mai.2026 15:10:00.798] [Thread-15/ERROR] [EMI/]: [EMI] Untranslated tag #forge:surface_rocks/tin
[10mai.2026 15:10:00.798] [Thread-15/ERROR] [EMI/]: [EMI] Untranslated tag #forge:surface_rocks/topaz
[10mai.2026 15:10:00.798] [Thread-15/ERROR] [EMI/]: [EMI] Untranslated tag #forge:surface_rocks/tricalcium_phosphate
[10mai.2026 15:10:00.798] [Thread-15/ERROR] [EMI/]: [EMI] Untranslated tag #forge:surface_rocks/trona
[10mai.2026 15:10:00.798] [Thread-15/ERROR] [EMI/]: [EMI] Untranslated tag #forge:surface_rocks/tungstate
[10mai.2026 15:10:00.798] [Thread-15/ERROR] [EMI/]: [EMI] Untranslated tag #forge:surface_rocks/uraninite
[10mai.2026 15:10:00.798] [Thread-15/ERROR] [EMI/]: [EMI] Untranslated tag #forge:surface_rocks/vanadium_magnetite
[10mai.2026 15:10:00.798] [Thread-15/ERROR] [EMI/]: [EMI] Untranslated tag #forge:surface_rocks/wulfenite
[10mai.2026 15:10:00.798] [Thread-15/ERROR] [EMI/]: [EMI] Untranslated tag #forge:surface_rocks/yellow_garnet
[10mai.2026 15:10:00.798] [Thread-15/ERROR] [EMI/]: [EMI] Untranslated tag #forge:surface_rocks/yellow_limonite
[10mai.2026 15:10:00.798] [Thread-15/ERROR] [EMI/]: [EMI] Untranslated tag #forge:surface_rocks/zeolite
[10mai.2026 15:10:00.798] [Thread-15/ERROR] [EMI/]: [EMI] Untranslated tag #forge:tiny_dusts
[10mai.2026 15:10:00.798] [Thread-15/ERROR] [EMI/]: [EMI] Untranslated tag #forge:tiny_dusts/actinium
[10mai.2026 15:10:00.798] [Thread-15/ERROR] [EMI/]: [EMI] Untranslated tag #forge:tiny_dusts/activated_carbon
[10mai.2026 15:10:00.798] [Thread-15/ERROR] [EMI/]: [EMI] Untranslated tag #forge:tiny_dusts/agar
[10mai.2026 15:10:00.798] [Thread-15/ERROR] [EMI/]: [EMI] Untranslated tag #forge:tiny_dusts/almandine
[10mai.2026 15:10:00.798] [Thread-15/ERROR] [EMI/]: [EMI] Untranslated tag #forge:tiny_dusts/aluminium
[10mai.2026 15:10:00.798] [Thread-15/ERROR] [EMI/]: [EMI] Untranslated tag #forge:tiny_dusts/aluminium_sulfite
[10mai.2026 15:10:00.798] [Thread-15/ERROR] [EMI/]: [EMI] Untranslated tag #forge:tiny_dusts/alunite
[10mai.2026 15:10:00.798] [Thread-15/ERROR] [EMI/]: [EMI] Untranslated tag #forge:tiny_dusts/americium
[10mai.2026 15:10:00.798] [Thread-15/ERROR] [EMI/]: [EMI] Untranslated tag #forge:tiny_dusts/amethyst
[10mai.2026 15:10:00.798] [Thread-15/ERROR] [EMI/]: [EMI] Untranslated tag #forge:tiny_dusts/ammonium_chloride
[10mai.2026 15:10:00.798] [Thread-15/ERROR] [EMI/]: [EMI] Untranslated tag #forge:tiny_dusts/andesite
[10mai.2026 15:10:00.798] [Thread-15/ERROR] [EMI/]: [EMI] Untranslated tag #forge:tiny_dusts/andradite
[10mai.2026 15:10:00.798] [Thread-15/ERROR] [EMI/]: [EMI] Untranslated tag #forge:tiny_dusts/annealed_copper
[10mai.2026 15:10:00.798] [Thread-15/ERROR] [EMI/]: [EMI] Untranslated tag #forge:tiny_dusts/antimony
[10mai.2026 15:10:00.798] [Thread-15/ERROR] [EMI/]: [EMI] Untranslated tag #forge:tiny_dusts/antimony_trifluoride
[10mai.2026 15:10:00.798] [Thread-15/ERROR] [EMI/]: [EMI] Untranslated tag #forge:tiny_dusts/antimony_trioxide
[10mai.2026 15:10:00.798] [Thread-15/ERROR] [EMI/]: [EMI] Untranslated tag #forge:tiny_dusts/apatite
[10mai.2026 15:10:00.798] [Thread-15/ERROR] [EMI/]: [EMI] Untranslated tag #forge:tiny_dusts/arsenic
[10mai.2026 15:10:00.798] [Thread-15/ERROR] [EMI/]: [EMI] Untranslated tag #forge:tiny_dusts/arsenic_trioxide
[10mai.2026 15:10:00.799] [Thread-15/ERROR] [EMI/]: [EMI] Untranslated tag #forge:tiny_dusts/asbestos
[10mai.2026 15:10:00.799] [Thread-15/ERROR] [EMI/]: [EMI] Untranslated tag #forge:tiny_dusts/ash
[10mai.2026 15:10:00.799] [Thread-15/ERROR] [EMI/]: [EMI] Untranslated tag #forge:tiny_dusts/astatine
[10mai.2026 15:10:00.799] [Thread-15/ERROR] [EMI/]: [EMI] Untranslated tag #forge:tiny_dusts/barite
[10mai.2026 15:10:00.799] [Thread-15/ERROR] [EMI/]: [EMI] Untranslated tag #forge:tiny_dusts/barium
[10mai.2026 15:10:00.799] [Thread-15/ERROR] [EMI/]: [EMI] Untranslated tag #forge:tiny_dusts/barium_sulfide
[10mai.2026 15:10:00.799] [Thread-15/ERROR] [EMI/]: [EMI] Untranslated tag #forge:tiny_dusts/basalt
[10mai.2026 15:10:00.799] [Thread-15/ERROR] [EMI/]: [EMI] Untranslated tag #forge:tiny_dusts/basaltic_mineral_sand
[10mai.2026 15:10:00.799] [Thread-15/ERROR] [EMI/]: [EMI] Untranslated tag #forge:tiny_dusts/bastnasite
[10mai.2026 15:10:00.799] [Thread-15/ERROR] [EMI/]: [EMI] Untranslated tag #forge:tiny_dusts/battery_alloy
[10mai.2026 15:10:00.799] [Thread-15/ERROR] [EMI/]: [EMI] Untranslated tag #forge:tiny_dusts/bauxite
[10mai.2026 15:10:00.799] [Thread-15/ERROR] [EMI/]: [EMI] Untranslated tag #forge:tiny_dusts/bauxite_slag
[10mai.2026 15:10:00.799] [Thread-15/ERROR] [EMI/]: [EMI] Untranslated tag #forge:tiny_dusts/bentonite
[10mai.2026 15:10:00.799] [Thread-15/ERROR] [EMI/]: [EMI] Untranslated tag #forge:tiny_dusts/berkelium
[10mai.2026 15:10:00.799] [Thread-15/ERROR] [EMI/]: [EMI] Untranslated tag #forge:tiny_dusts/beryllium
[10mai.2026 15:10:00.799] [Thread-15/ERROR] [EMI/]: [EMI] Untranslated tag #forge:tiny_dusts/biotite
[10mai.2026 15:10:00.799] [Thread-15/ERROR] [EMI/]: [EMI] Untranslated tag #forge:tiny_dusts/biphenyl
[10mai.2026 15:10:00.799] [Thread-15/ERROR] [EMI/]: [EMI] Untranslated tag #forge:tiny_dusts/bismuth
[10mai.2026 15:10:00.799] [Thread-15/ERROR] [EMI/]: [EMI] Untranslated tag #forge:tiny_dusts/bismuth_bronze
[10mai.2026 15:10:00.799] [Thread-15/ERROR] [EMI/]: [EMI] Untranslated tag #forge:tiny_dusts/black_bronze
[10mai.2026 15:10:00.799] [Thread-15/ERROR] [EMI/]: [EMI] Untranslated tag #forge:tiny_dusts/black_steel
[10mai.2026 15:10:00.799] [Thread-15/ERROR] [EMI/]: [EMI] Untranslated tag #forge:tiny_dusts/blackstone
[10mai.2026 15:10:00.799] [Thread-15/ERROR] [EMI/]: [EMI] Untranslated tag #forge:tiny_dusts/blaze
[10mai.2026 15:10:00.799] [Thread-15/ERROR] [EMI/]: [EMI] Untranslated tag #forge:tiny_dusts/blue_alloy
[10mai.2026 15:10:00.799] [Thread-15/ERROR] [EMI/]: [EMI] Untranslated tag #forge:tiny_dusts/blue_steel
[10mai.2026 15:10:00.799] [Thread-15/ERROR] [EMI/]: [EMI] Untranslated tag #forge:tiny_dusts/blue_topaz
[10mai.2026 15:10:00.799] [Thread-15/ERROR] [EMI/]: [EMI] Untranslated tag #forge:tiny_dusts/bohrium
[10mai.2026 15:10:00.799] [Thread-15/ERROR] [EMI/]: [EMI] Untranslated tag #forge:tiny_dusts/bone
[10mai.2026 15:10:00.799] [Thread-15/ERROR] [EMI/]: [EMI] Untranslated tag #forge:tiny_dusts/borax
[10mai.2026 15:10:00.799] [Thread-15/ERROR] [EMI/]: [EMI] Untranslated tag #forge:tiny_dusts/bornite
[10mai.2026 15:10:00.799] [Thread-15/ERROR] [EMI/]: [EMI] Untranslated tag #forge:tiny_dusts/boron
[10mai.2026 15:10:00.799] [Thread-15/ERROR] [EMI/]: [EMI] Untranslated tag #forge:tiny_dusts/borosilicate_glass
[10mai.2026 15:10:00.799] [Thread-15/ERROR] [EMI/]: [EMI] Untranslated tag #forge:tiny_dusts/brass
[10mai.2026 15:10:00.799] [Thread-15/ERROR] [EMI/]: [EMI] Untranslated tag #forge:tiny_dusts/brick
[10mai.2026 15:10:00.799] [Thread-15/ERROR] [EMI/]: [EMI] Untranslated tag #forge:tiny_dusts/bronze
[10mai.2026 15:10:00.799] [Thread-15/ERROR] [EMI/]: [EMI] Untranslated tag #forge:tiny_dusts/cadmium
[10mai.2026 15:10:00.799] [Thread-15/ERROR] [EMI/]: [EMI] Untranslated tag #forge:tiny_dusts/caesium
[10mai.2026 15:10:00.799] [Thread-15/ERROR] [EMI/]: [EMI] Untranslated tag #forge:tiny_dusts/calcite
[10mai.2026 15:10:00.799] [Thread-15/ERROR] [EMI/]: [EMI] Untranslated tag #forge:tiny_dusts/calcium
[10mai.2026 15:10:00.799] [Thread-15/ERROR] [EMI/]: [EMI] Untranslated tag #forge:tiny_dusts/calcium_carbonate
[10mai.2026 15:10:00.799] [Thread-15/ERROR] [EMI/]: [EMI] Untranslated tag #forge:tiny_dusts/calcium_chloride
[10mai.2026 15:10:00.800] [Thread-15/ERROR] [EMI/]: [EMI] Untranslated tag #forge:tiny_dusts/calcium_ferrocyanide
[10mai.2026 15:10:00.800] [Thread-15/ERROR] [EMI/]: [EMI] Untranslated tag #forge:tiny_dusts/calcium_hydroxide
[10mai.2026 15:10:00.800] [Thread-15/ERROR] [EMI/]: [EMI] Untranslated tag #forge:tiny_dusts/calcium_phosphide
[10mai.2026 15:10:00.800] [Thread-15/ERROR] [EMI/]: [EMI] Untranslated tag #forge:tiny_dusts/californium
[10mai.2026 15:10:00.800] [Thread-15/ERROR] [EMI/]: [EMI] Untranslated tag #forge:tiny_dusts/caprolactam
[10mai.2026 15:10:00.800] [Thread-15/ERROR] [EMI/]: [EMI] Untranslated tag #forge:tiny_dusts/carbon
[10mai.2026 15:10:00.800] [Thread-15/ERROR] [EMI/]: [EMI] Untranslated tag #forge:tiny_dusts/cassiterite
[10mai.2026 15:10:00.800] [Thread-15/ERROR] [EMI/]: [EMI] Untranslated tag #forge:tiny_dusts/cassiterite_sand
[10mai.2026 15:10:00.800] [Thread-15/ERROR] [EMI/]: [EMI] Untranslated tag #forge:tiny_dusts/cerium
[10mai.2026 15:10:00.800] [Thread-15/ERROR] [EMI/]: [EMI] Untranslated tag #forge:tiny_dusts/certus_quartz
[10mai.2026 15:10:00.800] [Thread-15/ERROR] [EMI/]: [EMI] Untranslated tag #forge:tiny_dusts/chalcocite
[10mai.2026 15:10:00.800] [Thread-15/ERROR] [EMI/]: [EMI] Untranslated tag #forge:tiny_dusts/chalcopyrite
[10mai.2026 15:10:00.800] [Thread-15/ERROR] [EMI/]: [EMI] Untranslated tag #forge:tiny_dusts/charcoal
[10mai.2026 15:10:00.800] [Thread-15/ERROR] [EMI/]: [EMI] Untranslated tag #forge:tiny_dusts/chromite
[10mai.2026 15:10:00.800] [Thread-15/ERROR] [EMI/]: [EMI] Untranslated tag #forge:tiny_dusts/chromium
[10mai.2026 15:10:00.800] [Thread-15/ERROR] [EMI/]: [EMI] Untranslated tag #forge:tiny_dusts/chromium_trioxide
[10mai.2026 15:10:00.800] [Thread-15/ERROR] [EMI/]: [EMI] Untranslated tag #forge:tiny_dusts/cinnabar
[10mai.2026 15:10:00.800] [Thread-15/ERROR] [EMI/]: [EMI] Untranslated tag #forge:tiny_dusts/clay
[10mai.2026 15:10:00.800] [Thread-15/ERROR] [EMI/]: [EMI] Untranslated tag #forge:tiny_dusts/coal
[10mai.2026 15:10:00.800] [Thread-15/ERROR] [EMI/]: [EMI] Untranslated tag #forge:tiny_dusts/cobalt
[10mai.2026 15:10:00.800] [Thread-15/ERROR] [EMI/]: [EMI] Untranslated tag #forge:tiny_dusts/cobalt_brass
[10mai.2026 15:10:00.800] [Thread-15/ERROR] [EMI/]: [EMI] Untranslated tag #forge:tiny_dusts/cobalt_oxide
[10mai.2026 15:10:00.800] [Thread-15/ERROR] [EMI/]: [EMI] Untranslated tag #forge:tiny_dusts/cobaltite
[10mai.2026 15:10:00.800] [Thread-15/ERROR] [EMI/]: [EMI] Untranslated tag #forge:tiny_dusts/cocoa
[10mai.2026 15:10:00.800] [Thread-15/ERROR] [EMI/]: [EMI] Untranslated tag #forge:tiny_dusts/coke
[10mai.2026 15:10:00.800] [Thread-15/ERROR] [EMI/]: [EMI] Untranslated tag #forge:tiny_dusts/collagen
[10mai.2026 15:10:00.800] [Thread-15/ERROR] [EMI/]: [EMI] Untranslated tag #forge:tiny_dusts/concrete
[10mai.2026 15:10:00.800] [Thread-15/ERROR] [EMI/]: [EMI] Untranslated tag #forge:tiny_dusts/cooperite
[10mai.2026 15:10:00.800] [Thread-15/ERROR] [EMI/]: [EMI] Untranslated tag #forge:tiny_dusts/copernicium
[10mai.2026 15:10:00.800] [Thread-15/ERROR] [EMI/]: [EMI] Untranslated tag #forge:tiny_dusts/copper
[10mai.2026 15:10:00.800] [Thread-15/ERROR] [EMI/]: [EMI] Untranslated tag #forge:tiny_dusts/cupric_oxide
[10mai.2026 15:10:00.800] [Thread-15/ERROR] [EMI/]: [EMI] Untranslated tag #forge:tiny_dusts/cupronickel
[10mai.2026 15:10:00.800] [Thread-15/ERROR] [EMI/]: [EMI] Untranslated tag #forge:tiny_dusts/curium
[10mai.2026 15:10:00.800] [Thread-15/ERROR] [EMI/]: [EMI] Untranslated tag #forge:tiny_dusts/cyclohexanone_oxime
[10mai.2026 15:10:00.800] [Thread-15/ERROR] [EMI/]: [EMI] Untranslated tag #forge:tiny_dusts/damascus_steel
[10mai.2026 15:10:00.800] [Thread-15/ERROR] [EMI/]: [EMI] Untranslated tag #forge:tiny_dusts/dark_ash
[10mai.2026 15:10:00.800] [Thread-15/ERROR] [EMI/]: [EMI] Untranslated tag #forge:tiny_dusts/darmstadtium
[10mai.2026 15:10:00.800] [Thread-15/ERROR] [EMI/]: [EMI] Untranslated tag #forge:tiny_dusts/deepslate
[10mai.2026 15:10:00.800] [Thread-15/ERROR] [EMI/]: [EMI] Untranslated tag #forge:tiny_dusts/diamond
[10mai.2026 15:10:00.800] [Thread-15/ERROR] [EMI/]: [EMI] Untranslated tag #forge:tiny_dusts/diatomite
[10mai.2026 15:10:00.800] [Thread-15/ERROR] [EMI/]: [EMI] Untranslated tag #forge:tiny_dusts/diethylenetriaminepentaacetic_acid
[10mai.2026 15:10:00.800] [Thread-15/ERROR] [EMI/]: [EMI] Untranslated tag #forge:tiny_dusts/diorite
[10mai.2026 15:10:00.800] [Thread-15/ERROR] [EMI/]: [EMI] Untranslated tag #forge:tiny_dusts/dubnium
[10mai.2026 15:10:00.800] [Thread-15/ERROR] [EMI/]: [EMI] Untranslated tag #forge:tiny_dusts/duranium
[10mai.2026 15:10:00.800] [Thread-15/ERROR] [EMI/]: [EMI] Untranslated tag #forge:tiny_dusts/dysprosium
[10mai.2026 15:10:00.800] [Thread-15/ERROR] [EMI/]: [EMI] Untranslated tag #forge:tiny_dusts/echo_shard
[10mai.2026 15:10:00.800] [Thread-15/ERROR] [EMI/]: [EMI] Untranslated tag #forge:tiny_dusts/einsteinium
[10mai.2026 15:10:00.800] [Thread-15/ERROR] [EMI/]: [EMI] Untranslated tag #forge:tiny_dusts/electrotine
[10mai.2026 15:10:00.800] [Thread-15/ERROR] [EMI/]: [EMI] Untranslated tag #forge:tiny_dusts/electrum
[10mai.2026 15:10:00.800] [Thread-15/ERROR] [EMI/]: [EMI] Untranslated tag #forge:tiny_dusts/emerald
[10mai.2026 15:10:00.801] [Thread-15/ERROR] [EMI/]: [EMI] Untranslated tag #forge:tiny_dusts/ender_eye
[10mai.2026 15:10:00.801] [Thread-15/ERROR] [EMI/]: [EMI] Untranslated tag #forge:tiny_dusts/ender_pearl
[10mai.2026 15:10:00.801] [Thread-15/ERROR] [EMI/]: [EMI] Untranslated tag #forge:tiny_dusts/endstone
[10mai.2026 15:10:00.801] [Thread-15/ERROR] [EMI/]: [EMI] Untranslated tag #forge:tiny_dusts/enriched_naquadah
[10mai.2026 15:10:00.801] [Thread-15/ERROR] [EMI/]: [EMI] Untranslated tag #forge:tiny_dusts/enriched_naquadah_sulfate
[10mai.2026 15:10:00.801] [Thread-15/ERROR] [EMI/]: [EMI] Untranslated tag #forge:tiny_dusts/enriched_naquadah_trinium_europium_duranide
[10mai.2026 15:10:00.801] [Thread-15/ERROR] [EMI/]: [EMI] Untranslated tag #forge:tiny_dusts/epoxy
[10mai.2026 15:10:00.801] [Thread-15/ERROR] [EMI/]: [EMI] Untranslated tag #forge:tiny_dusts/erbium
[10mai.2026 15:10:00.801] [Thread-15/ERROR] [EMI/]: [EMI] Untranslated tag #forge:tiny_dusts/europium
[10mai.2026 15:10:00.801] [Thread-15/ERROR] [EMI/]: [EMI] Untranslated tag #forge:tiny_dusts/fermium
[10mai.2026 15:10:00.801] [Thread-15/ERROR] [EMI/]: [EMI] Untranslated tag #forge:tiny_dusts/ferrite_mixture
[10mai.2026 15:10:00.801] [Thread-15/ERROR] [EMI/]: [EMI] Untranslated tag #forge:tiny_dusts/ferrosilite
[10mai.2026 15:10:00.801] [Thread-15/ERROR] [EMI/]: [EMI] Untranslated tag #forge:tiny_dusts/fireclay
[10mai.2026 15:10:00.801] [Thread-15/ERROR] [EMI/]: [EMI] Untranslated tag #forge:tiny_dusts/flerovium
[10mai.2026 15:10:00.801] [Thread-15/ERROR] [EMI/]: [EMI] Untranslated tag #forge:tiny_dusts/flint
[10mai.2026 15:10:00.801] [Thread-15/ERROR] [EMI/]: [EMI] Untranslated tag #forge:tiny_dusts/francium
[10mai.2026 15:10:00.801] [Thread-15/ERROR] [EMI/]: [EMI] Untranslated tag #forge:tiny_dusts/fullers_earth
[10mai.2026 15:10:00.801] [Thread-15/ERROR] [EMI/]: [EMI] Untranslated tag #forge:tiny_dusts/gadolinium
[10mai.2026 15:10:00.801] [Thread-15/ERROR] [EMI/]: [EMI] Untranslated tag #forge:tiny_dusts/galena
[10mai.2026 15:10:00.801] [Thread-15/ERROR] [EMI/]: [EMI] Untranslated tag #forge:tiny_dusts/gallium
[10mai.2026 15:10:00.801] [Thread-15/ERROR] [EMI/]: [EMI] Untranslated tag #forge:tiny_dusts/gallium_arsenide
[10mai.2026 15:10:00.801] [Thread-15/ERROR] [EMI/]: [EMI] Untranslated tag #forge:tiny_dusts/gallium_sulfide
[10mai.2026 15:10:00.801] [Thread-15/ERROR] [EMI/]: [EMI] Untranslated tag #forge:tiny_dusts/garnet_sand
[10mai.2026 15:10:00.801] [Thread-15/ERROR] [EMI/]: [EMI] Untranslated tag #forge:tiny_dusts/garnierite
[10mai.2026 15:10:00.801] [Thread-15/ERROR] [EMI/]: [EMI] Untranslated tag #forge:tiny_dusts/gelatin
[10mai.2026 15:10:00.801] [Thread-15/ERROR] [EMI/]: [EMI] Untranslated tag #forge:tiny_dusts/germanium
[10mai.2026 15:10:00.801] [Thread-15/ERROR] [EMI/]: [EMI] Untranslated tag #forge:tiny_dusts/glass
[10mai.2026 15:10:00.801] [Thread-15/ERROR] [EMI/]: [EMI] Untranslated tag #forge:tiny_dusts/glauconite_sand
[10mai.2026 15:10:00.801] [Thread-15/ERROR] [EMI/]: [EMI] Untranslated tag #forge:tiny_dusts/glowstone
[10mai.2026 15:10:00.801] [Thread-15/ERROR] [EMI/]: [EMI] Untranslated tag #forge:tiny_dusts/goethite
[10mai.2026 15:10:00.801] [Thread-15/ERROR] [EMI/]: [EMI] Untranslated tag #forge:tiny_dusts/gold
[10mai.2026 15:10:00.801] [Thread-15/ERROR] [EMI/]: [EMI] Untranslated tag #forge:tiny_dusts/granite
[10mai.2026 15:10:00.801] [Thread-15/ERROR] [EMI/]: [EMI] Untranslated tag #forge:tiny_dusts/granite_red
[10mai.2026 15:10:00.801] [Thread-15/ERROR] [EMI/]: [EMI] Untranslated tag #forge:tiny_dusts/granitic_mineral_sand
[10mai.2026 15:10:00.801] [Thread-15/ERROR] [EMI/]: [EMI] Untranslated tag #forge:tiny_dusts/graphene
[10mai.2026 15:10:00.801] [Thread-15/ERROR] [EMI/]: [EMI] Untranslated tag #forge:tiny_dusts/graphite
[10mai.2026 15:10:00.801] [Thread-15/ERROR] [EMI/]: [EMI] Untranslated tag #forge:tiny_dusts/green_sapphire
[10mai.2026 15:10:00.801] [Thread-15/ERROR] [EMI/]: [EMI] Untranslated tag #forge:tiny_dusts/grossular
[10mai.2026 15:10:00.801] [Thread-15/ERROR] [EMI/]: [EMI] Untranslated tag #forge:tiny_dusts/gunpowder
[10mai.2026 15:10:00.801] [Thread-15/ERROR] [EMI/]: [EMI] Untranslated tag #forge:tiny_dusts/gypsum
[10mai.2026 15:10:00.801] [Thread-15/ERROR] [EMI/]: [EMI] Untranslated tag #forge:tiny_dusts/hafnium
[10mai.2026 15:10:00.801] [Thread-15/ERROR] [EMI/]: [EMI] Untranslated tag #forge:tiny_dusts/hassium
[10mai.2026 15:10:00.801] [Thread-15/ERROR] [EMI/]: [EMI] Untranslated tag #forge:tiny_dusts/hastelloy_c_276
[10mai.2026 15:10:00.801] [Thread-15/ERROR] [EMI/]: [EMI] Untranslated tag #forge:tiny_dusts/hastelloy_x
[10mai.2026 15:10:00.801] [Thread-15/ERROR] [EMI/]: [EMI] Untranslated tag #forge:tiny_dusts/hematite
[10mai.2026 15:10:00.801] [Thread-15/ERROR] [EMI/]: [EMI] Untranslated tag #forge:tiny_dusts/holmium
[10mai.2026 15:10:00.801] [Thread-15/ERROR] [EMI/]: [EMI] Untranslated tag #forge:tiny_dusts/hsla_steel
[10mai.2026 15:10:00.801] [Thread-15/ERROR] [EMI/]: [EMI] Untranslated tag #forge:tiny_dusts/hsse
[10mai.2026 15:10:00.801] [Thread-15/ERROR] [EMI/]: [EMI] Untranslated tag #forge:tiny_dusts/hssg
[10mai.2026 15:10:00.801] [Thread-15/ERROR] [EMI/]: [EMI] Untranslated tag #forge:tiny_dusts/hsss
[10mai.2026 15:10:00.803] [Thread-15/ERROR] [EMI/]: [EMI] Untranslated tag #forge:tiny_dusts/ice
[10mai.2026 15:10:00.803] [Thread-15/ERROR] [EMI/]: [EMI] Untranslated tag #forge:tiny_dusts/ilmenite
[10mai.2026 15:10:00.803] [Thread-15/ERROR] [EMI/]: [EMI] Untranslated tag #forge:tiny_dusts/ilmenite_slag
[10mai.2026 15:10:00.803] [Thread-15/ERROR] [EMI/]: [EMI] Untranslated tag #forge:tiny_dusts/incoloy_ma_956
[10mai.2026 15:10:00.803] [Thread-15/ERROR] [EMI/]: [EMI] Untranslated tag #forge:tiny_dusts/indium
[10mai.2026 15:10:00.803] [Thread-15/ERROR] [EMI/]: [EMI] Untranslated tag #forge:tiny_dusts/indium_gallium_phosphide
[10mai.2026 15:10:00.803] [Thread-15/ERROR] [EMI/]: [EMI] Untranslated tag #forge:tiny_dusts/indium_phosphide
[10mai.2026 15:10:00.803] [Thread-15/ERROR] [EMI/]: [EMI] Untranslated tag #forge:tiny_dusts/indium_tin_barium_titanium_cuprate
[10mai.2026 15:10:00.803] [Thread-15/ERROR] [EMI/]: [EMI] Untranslated tag #forge:tiny_dusts/inert_metal_mixture
[10mai.2026 15:10:00.803] [Thread-15/ERROR] [EMI/]: [EMI] Untranslated tag #forge:tiny_dusts/invar
[10mai.2026 15:10:00.803] [Thread-15/ERROR] [EMI/]: [EMI] Untranslated tag #forge:tiny_dusts/iodine
[10mai.2026 15:10:00.803] [Thread-15/ERROR] [EMI/]: [EMI] Untranslated tag #forge:tiny_dusts/iridium
[10mai.2026 15:10:00.803] [Thread-15/ERROR] [EMI/]: [EMI] Untranslated tag #forge:tiny_dusts/iridium_chloride
[10mai.2026 15:10:00.803] [Thread-15/ERROR] [EMI/]: [EMI] Untranslated tag #forge:tiny_dusts/iridium_metal_residue
[10mai.2026 15:10:00.803] [Thread-15/ERROR] [EMI/]: [EMI] Untranslated tag #forge:tiny_dusts/iron
[10mai.2026 15:10:00.803] [Thread-15/ERROR] [EMI/]: [EMI] Untranslated tag #forge:tiny_dusts/kanthal
[10mai.2026 15:10:00.803] [Thread-15/ERROR] [EMI/]: [EMI] Untranslated tag #forge:tiny_dusts/kyanite
[10mai.2026 15:10:00.803] [Thread-15/ERROR] [EMI/]: [EMI] Untranslated tag #forge:tiny_dusts/lanthanum
[10mai.2026 15:10:00.803] [Thread-15/ERROR] [EMI/]: [EMI] Untranslated tag #forge:tiny_dusts/lapis
[10mai.2026 15:10:00.803] [Thread-15/ERROR] [EMI/]: [EMI] Untranslated tag #forge:tiny_dusts/lawrencium
[10mai.2026 15:10:00.803] [Thread-15/ERROR] [EMI/]: [EMI] Untranslated tag #forge:tiny_dusts/lazurite
[10mai.2026 15:10:00.803] [Thread-15/ERROR] [EMI/]: [EMI] Untranslated tag #forge:tiny_dusts/lead
[10mai.2026 15:10:00.803] [Thread-15/ERROR] [EMI/]: [EMI] Untranslated tag #forge:tiny_dusts/lepidolite
[10mai.2026 15:10:00.803] [Thread-15/ERROR] [EMI/]: [EMI] Untranslated tag #forge:tiny_dusts/lithium
[10mai.2026 15:10:00.803] [Thread-15/ERROR] [EMI/]: [EMI] Untranslated tag #forge:tiny_dusts/lithium_chloride
[10mai.2026 15:10:00.803] [Thread-15/ERROR] [EMI/]: [EMI] Untranslated tag #forge:tiny_dusts/livermorium
[10mai.2026 15:10:00.803] [Thread-15/ERROR] [EMI/]: [EMI] Untranslated tag #forge:tiny_dusts/lutetium
[10mai.2026 15:10:00.803] [Thread-15/ERROR] [EMI/]: [EMI] Untranslated tag #forge:tiny_dusts/magnalium
[10mai.2026 15:10:00.803] [Thread-15/ERROR] [EMI/]: [EMI] Untranslated tag #forge:tiny_dusts/magnesia
[10mai.2026 15:10:00.803] [Thread-15/ERROR] [EMI/]: [EMI] Untranslated tag #forge:tiny_dusts/magnesite
[10mai.2026 15:10:00.803] [Thread-15/ERROR] [EMI/]: [EMI] Untranslated tag #forge:tiny_dusts/magnesium
[10mai.2026 15:10:00.803] [Thread-15/ERROR] [EMI/]: [EMI] Untranslated tag #forge:tiny_dusts/magnesium_chloride
[10mai.2026 15:10:00.803] [Thread-15/ERROR] [EMI/]: [EMI] Untranslated tag #forge:tiny_dusts/magnesium_diboride
[10mai.2026 15:10:00.803] [Thread-15/ERROR] [EMI/]: [EMI] Untranslated tag #forge:tiny_dusts/magnetic_iron
[10mai.2026 15:10:00.803] [Thread-15/ERROR] [EMI/]: [EMI] Untranslated tag #forge:tiny_dusts/magnetic_neodymium
[10mai.2026 15:10:00.803] [Thread-15/ERROR] [EMI/]: [EMI] Untranslated tag #forge:tiny_dusts/magnetic_samarium
[10mai.2026 15:10:00.803] [Thread-15/ERROR] [EMI/]: [EMI] Untranslated tag #forge:tiny_dusts/magnetic_steel
[10mai.2026 15:10:00.803] [Thread-15/ERROR] [EMI/]: [EMI] Untranslated tag #forge:tiny_dusts/magnetite
[10mai.2026 15:10:00.803] [Thread-15/ERROR] [EMI/]: [EMI] Untranslated tag #forge:tiny_dusts/malachite
[10mai.2026 15:10:00.803] [Thread-15/ERROR] [EMI/]: [EMI] Untranslated tag #forge:tiny_dusts/manganese
[10mai.2026 15:10:00.803] [Thread-15/ERROR] [EMI/]: [EMI] Untranslated tag #forge:tiny_dusts/manganese_phosphide
[10mai.2026 15:10:00.804] [Thread-15/ERROR] [EMI/]: [EMI] Untranslated tag #forge:tiny_dusts/maraging_steel_300
[10mai.2026 15:10:00.804] [Thread-15/ERROR] [EMI/]: [EMI] Untranslated tag #forge:tiny_dusts/marble
[10mai.2026 15:10:00.804] [Thread-15/ERROR] [EMI/]: [EMI] Untranslated tag #forge:tiny_dusts/massicot
[10mai.2026 15:10:00.804] [Thread-15/ERROR] [EMI/]: [EMI] Untranslated tag #forge:tiny_dusts/meat
[10mai.2026 15:10:00.804] [Thread-15/ERROR] [EMI/]: [EMI] Untranslated tag #forge:tiny_dusts/meitnerium
[10mai.2026 15:10:00.804] [Thread-15/ERROR] [EMI/]: [EMI] Untranslated tag #forge:tiny_dusts/mendelevium
[10mai.2026 15:10:00.804] [Thread-15/ERROR] [EMI/]: [EMI] Untranslated tag #forge:tiny_dusts/mercury_barium_calcium_cuprate
[10mai.2026 15:10:00.804] [Thread-15/ERROR] [EMI/]: [EMI] Untranslated tag #forge:tiny_dusts/metal_mixture
[10mai.2026 15:10:00.804] [Thread-15/ERROR] [EMI/]: [EMI] Untranslated tag #forge:tiny_dusts/mica
[10mai.2026 15:10:00.804] [Thread-15/ERROR] [EMI/]: [EMI] Untranslated tag #forge:tiny_dusts/mirabilite
[10mai.2026 15:10:00.804] [Thread-15/ERROR] [EMI/]: [EMI] Untranslated tag #forge:tiny_dusts/molybdenite
[10mai.2026 15:10:00.804] [Thread-15/ERROR] [EMI/]: [EMI] Untranslated tag #forge:tiny_dusts/molybdenum
[10mai.2026 15:10:00.804] [Thread-15/ERROR] [EMI/]: [EMI] Untranslated tag #forge:tiny_dusts/molybdenum_disilicide
[10mai.2026 15:10:00.804] [Thread-15/ERROR] [EMI/]: [EMI] Untranslated tag #forge:tiny_dusts/monazite
[10mai.2026 15:10:00.804] [Thread-15/ERROR] [EMI/]: [EMI] Untranslated tag #forge:tiny_dusts/moscovium
[10mai.2026 15:10:00.804] [Thread-15/ERROR] [EMI/]: [EMI] Untranslated tag #forge:tiny_dusts/naquadah
[10mai.2026 15:10:00.804] [Thread-15/ERROR] [EMI/]: [EMI] Untranslated tag #forge:tiny_dusts/naquadah_alloy
[10mai.2026 15:10:00.804] [Thread-15/ERROR] [EMI/]: [EMI] Untranslated tag #forge:tiny_dusts/naquadria
[10mai.2026 15:10:00.804] [Thread-15/ERROR] [EMI/]: [EMI] Untranslated tag #forge:tiny_dusts/naquadria_sulfate
[10mai.2026 15:10:00.804] [Thread-15/ERROR] [EMI/]: [EMI] Untranslated tag #forge:tiny_dusts/neodymium
[10mai.2026 15:10:00.804] [Thread-15/ERROR] [EMI/]: [EMI] Untranslated tag #forge:tiny_dusts/neptunium
[10mai.2026 15:10:00.804] [Thread-15/ERROR] [EMI/]: [EMI] Untranslated tag #forge:tiny_dusts/nether_quartz
[10mai.2026 15:10:00.804] [Thread-15/ERROR] [EMI/]: [EMI] Untranslated tag #forge:tiny_dusts/nether_star
[10mai.2026 15:10:00.804] [Thread-15/ERROR] [EMI/]: [EMI] Untranslated tag #forge:tiny_dusts/netherite
[10mai.2026 15:10:00.804] [Thread-15/ERROR] [EMI/]: [EMI] Untranslated tag #forge:tiny_dusts/netherrack
[10mai.2026 15:10:00.804] [Thread-15/ERROR] [EMI/]: [EMI] Untranslated tag #forge:tiny_dusts/neutronium
[10mai.2026 15:10:00.804] [Thread-15/ERROR] [EMI/]: [EMI] Untranslated tag #forge:tiny_dusts/nichrome
[10mai.2026 15:10:00.804] [Thread-15/ERROR] [EMI/]: [EMI] Untranslated tag #forge:tiny_dusts/nickel
[10mai.2026 15:10:00.804] [Thread-15/ERROR] [EMI/]: [EMI] Untranslated tag #forge:tiny_dusts/nickel_zinc_ferrite
[10mai.2026 15:10:00.804] [Thread-15/ERROR] [EMI/]: [EMI] Untranslated tag #forge:tiny_dusts/nihonium
[10mai.2026 15:10:00.804] [Thread-15/ERROR] [EMI/]: [EMI] Untranslated tag #forge:tiny_dusts/niobium
[10mai.2026 15:10:00.804] [Thread-15/ERROR] [EMI/]: [EMI] Untranslated tag #forge:tiny_dusts/niobium_nitride
[10mai.2026 15:10:00.804] [Thread-15/ERROR] [EMI/]: [EMI] Untranslated tag #forge:tiny_dusts/niobium_titanium
[10mai.2026 15:10:00.804] [Thread-15/ERROR] [EMI/]: [EMI] Untranslated tag #forge:tiny_dusts/nobelium
[10mai.2026 15:10:00.804] [Thread-15/ERROR] [EMI/]: [EMI] Untranslated tag #forge:tiny_dusts/obsidian
[10mai.2026 15:10:00.804] [Thread-15/ERROR] [EMI/]: [EMI] Untranslated tag #forge:tiny_dusts/oganesson
[10mai.2026 15:10:00.805] [Thread-15/ERROR] [EMI/]: [EMI] Untranslated tag #forge:tiny_dusts/oilsands
[10mai.2026 15:10:00.805] [Thread-15/ERROR] [EMI/]: [EMI] Untranslated tag #forge:tiny_dusts/olivine
[10mai.2026 15:10:00.805] [Thread-15/ERROR] [EMI/]: [EMI] Untranslated tag #forge:tiny_dusts/opal
[10mai.2026 15:10:00.805] [Thread-15/ERROR] [EMI/]: [EMI] Untranslated tag #forge:tiny_dusts/osmiridium
[10mai.2026 15:10:00.805] [Thread-15/ERROR] [EMI/]: [EMI] Untranslated tag #forge:tiny_dusts/osmium
[10mai.2026 15:10:00.805] [Thread-15/ERROR] [EMI/]: [EMI] Untranslated tag #forge:tiny_dusts/osmium_tetroxide
[10mai.2026 15:10:00.805] [Thread-15/ERROR] [EMI/]: [EMI] Untranslated tag #forge:tiny_dusts/palladium
[10mai.2026 15:10:00.805] [Thread-15/ERROR] [EMI/]: [EMI] Untranslated tag #forge:tiny_dusts/palladium_raw
[10mai.2026 15:10:00.805] [Thread-15/ERROR] [EMI/]: [EMI] Untranslated tag #forge:tiny_dusts/paper
[10mai.2026 15:10:00.805] [Thread-15/ERROR] [EMI/]: [EMI] Untranslated tag #forge:tiny_dusts/paracetamol
[10mai.2026 15:10:00.805] [Thread-15/ERROR] [EMI/]: [EMI] Untranslated tag #forge:tiny_dusts/pentlandite
[10mai.2026 15:10:00.805] [Thread-15/ERROR] [EMI/]: [EMI] Untranslated tag #forge:tiny_dusts/perlite
[10mai.2026 15:10:00.805] [Thread-15/ERROR] [EMI/]: [EMI] Untranslated tag #forge:tiny_dusts/phosphate
[10mai.2026 15:10:00.805] [Thread-15/ERROR] [EMI/]: [EMI] Untranslated tag #forge:tiny_dusts/phosphorus
[10mai.2026 15:10:00.805] [Thread-15/ERROR] [EMI/]: [EMI] Untranslated tag #forge:tiny_dusts/phosphorus_pentoxide
[10mai.2026 15:10:00.805] [Thread-15/ERROR] [EMI/]: [EMI] Untranslated tag #forge:tiny_dusts/pitchblende
[10mai.2026 15:10:00.805] [Thread-15/ERROR] [EMI/]: [EMI] Untranslated tag #forge:tiny_dusts/platinum
[10mai.2026 15:10:00.805] [Thread-15/ERROR] [EMI/]: [EMI] Untranslated tag #forge:tiny_dusts/platinum_group_sludge
[10mai.2026 15:10:00.805] [Thread-15/ERROR] [EMI/]: [EMI] Untranslated tag #forge:tiny_dusts/platinum_raw
[10mai.2026 15:10:00.805] [Thread-15/ERROR] [EMI/]: [EMI] Untranslated tag #forge:tiny_dusts/platinum_sludge_residue
[10mai.2026 15:10:00.805] [Thread-15/ERROR] [EMI/]: [EMI] Untranslated tag #forge:tiny_dusts/plutonium
[10mai.2026 15:10:00.805] [Thread-15/ERROR] [EMI/]: [EMI] Untranslated tag #forge:tiny_dusts/plutonium_241
[10mai.2026 15:10:00.805] [Thread-15/ERROR] [EMI/]: [EMI] Untranslated tag #forge:tiny_dusts/pollucite
[10mai.2026 15:10:00.805] [Thread-15/ERROR] [EMI/]: [EMI] Untranslated tag #forge:tiny_dusts/polonium
[10mai.2026 15:10:00.805] [Thread-15/ERROR] [EMI/]: [EMI] Untranslated tag #forge:tiny_dusts/polybenzimidazole
[10mai.2026 15:10:00.805] [Thread-15/ERROR] [EMI/]: [EMI] Untranslated tag #forge:tiny_dusts/polycaprolactam
[10mai.2026 15:10:00.805] [Thread-15/ERROR] [EMI/]: [EMI] Untranslated tag #forge:tiny_dusts/polydimethylsiloxane
[10mai.2026 15:10:00.805] [Thread-15/ERROR] [EMI/]: [EMI] Untranslated tag #forge:tiny_dusts/polyethylene
[10mai.2026 15:10:00.805] [Thread-15/ERROR] [EMI/]: [EMI] Untranslated tag #forge:tiny_dusts/polyphenylene_sulfide
[10mai.2026 15:10:00.805] [Thread-15/ERROR] [EMI/]: [EMI] Untranslated tag #forge:tiny_dusts/polytetrafluoroethylene
[10mai.2026 15:10:00.805] [Thread-15/ERROR] [EMI/]: [EMI] Untranslated tag #forge:tiny_dusts/polyvinyl_butyral
[10mai.2026 15:10:00.805] [Thread-15/ERROR] [EMI/]: [EMI] Untranslated tag #forge:tiny_dusts/polyvinyl_chloride
[10mai.2026 15:10:00.805] [Thread-15/ERROR] [EMI/]: [EMI] Untranslated tag #forge:tiny_dusts/potash
[10mai.2026 15:10:00.805] [Thread-15/ERROR] [EMI/]: [EMI] Untranslated tag #forge:tiny_dusts/potassium
[10mai.2026 15:10:00.805] [Thread-15/ERROR] [EMI/]: [EMI] Untranslated tag #forge:tiny_dusts/potassium_carbonate
[10mai.2026 15:10:00.805] [Thread-15/ERROR] [EMI/]: [EMI] Untranslated tag #forge:tiny_dusts/potassium_cyanide
[10mai.2026 15:10:00.805] [Thread-15/ERROR] [EMI/]: [EMI] Untranslated tag #forge:tiny_dusts/potassium_dichromate
[10mai.2026 15:10:00.805] [Thread-15/ERROR] [EMI/]: [EMI] Untranslated tag #forge:tiny_dusts/potassium_feldspar
[10mai.2026 15:10:00.805] [Thread-15/ERROR] [EMI/]: [EMI] Untranslated tag #forge:tiny_dusts/potassium_ferrocyanide
[10mai.2026 15:10:00.805] [Thread-15/ERROR] [EMI/]: [EMI] Untranslated tag #forge:tiny_dusts/potassium_hydroxide
[10mai.2026 15:10:00.805] [Thread-15/ERROR] [EMI/]: [EMI] Untranslated tag #forge:tiny_dusts/potassium_iodide
[10mai.2026 15:10:00.805] [Thread-15/ERROR] [EMI/]: [EMI] Untranslated tag #forge:tiny_dusts/potassium_sulfate
[10mai.2026 15:10:00.805] [Thread-15/ERROR] [EMI/]: [EMI] Untranslated tag #forge:tiny_dusts/potin
[10mai.2026 15:10:00.805] [Thread-15/ERROR] [EMI/]: [EMI] Untranslated tag #forge:tiny_dusts/powellite
[10mai.2026 15:10:00.805] [Thread-15/ERROR] [EMI/]: [EMI] Untranslated tag #forge:tiny_dusts/praseodymium
[10mai.2026 15:10:00.805] [Thread-15/ERROR] [EMI/]: [EMI] Untranslated tag #forge:tiny_dusts/promethium
[10mai.2026 15:10:00.805] [Thread-15/ERROR] [EMI/]: [EMI] Untranslated tag #forge:tiny_dusts/protactinium
[10mai.2026 15:10:00.805] [Thread-15/ERROR] [EMI/]: [EMI] Untranslated tag #forge:tiny_dusts/prussian_blue
[10mai.2026 15:10:00.805] [Thread-15/ERROR] [EMI/]: [EMI] Untranslated tag #forge:tiny_dusts/pyrite
[10mai.2026 15:10:00.805] [Thread-15/ERROR] [EMI/]: [EMI] Untranslated tag #forge:tiny_dusts/pyrochlore
[10mai.2026 15:10:00.805] [Thread-15/ERROR] [EMI/]: [EMI] Untranslated tag #forge:tiny_dusts/pyrolusite
[10mai.2026 15:10:00.805] [Thread-15/ERROR] [EMI/]: [EMI] Untranslated tag #forge:tiny_dusts/pyrope
[10mai.2026 15:10:00.805] [Thread-15/ERROR] [EMI/]: [EMI] Untranslated tag #forge:tiny_dusts/quantum_coolant
[10mai.2026 15:10:00.805] [Thread-15/ERROR] [EMI/]: [EMI] Untranslated tag #forge:tiny_dusts/quartz_sand
[10mai.2026 15:10:00.805] [Thread-15/ERROR] [EMI/]: [EMI] Untranslated tag #forge:tiny_dusts/quartzite
[10mai.2026 15:10:00.805] [Thread-15/ERROR] [EMI/]: [EMI] Untranslated tag #forge:tiny_dusts/quicklime
[10mai.2026 15:10:00.805] [Thread-15/ERROR] [EMI/]: [EMI] Untranslated tag #forge:tiny_dusts/rad_away
[10mai.2026 15:10:00.805] [Thread-15/ERROR] [EMI/]: [EMI] Untranslated tag #forge:tiny_dusts/radium
[10mai.2026 15:10:00.805] [Thread-15/ERROR] [EMI/]: [EMI] Untranslated tag #forge:tiny_dusts/rare_earth
[10mai.2026 15:10:00.806] [Thread-15/ERROR] [EMI/]: [EMI] Untranslated tag #forge:tiny_dusts/rarest_metal_mixture
[10mai.2026 15:10:00.806] [Thread-15/ERROR] [EMI/]: [EMI] Untranslated tag #forge:tiny_dusts/raw_rubber
[10mai.2026 15:10:00.806] [Thread-15/ERROR] [EMI/]: [EMI] Untranslated tag #forge:tiny_dusts/raw_styrene_butadiene_rubber
[10mai.2026 15:10:00.806] [Thread-15/ERROR] [EMI/]: [EMI] Untranslated tag #forge:tiny_dusts/realgar
[10mai.2026 15:10:00.806] [Thread-15/ERROR] [EMI/]: [EMI] Untranslated tag #forge:tiny_dusts/red_alloy
[10mai.2026 15:10:00.806] [Thread-15/ERROR] [EMI/]: [EMI] Untranslated tag #forge:tiny_dusts/red_garnet
[10mai.2026 15:10:00.806] [Thread-15/ERROR] [EMI/]: [EMI] Untranslated tag #forge:tiny_dusts/red_steel
[10mai.2026 15:10:00.806] [Thread-15/ERROR] [EMI/]: [EMI] Untranslated tag #forge:tiny_dusts/redrock
[10mai.2026 15:10:00.806] [Thread-15/ERROR] [EMI/]: [EMI] Untranslated tag #forge:tiny_dusts/redstone
[10mai.2026 15:10:00.806] [Thread-15/ERROR] [EMI/]: [EMI] Untranslated tag #forge:tiny_dusts/reinforced_epoxy_resin
[10mai.2026 15:10:00.806] [Thread-15/ERROR] [EMI/]: [EMI] Untranslated tag #forge:tiny_dusts/rhenium
[10mai.2026 15:10:00.806] [Thread-15/ERROR] [EMI/]: [EMI] Untranslated tag #forge:tiny_dusts/rhodium
[10mai.2026 15:10:00.806] [Thread-15/ERROR] [EMI/]: [EMI] Untranslated tag #forge:tiny_dusts/rhodium_plated_palladium
[10mai.2026 15:10:00.806] [Thread-15/ERROR] [EMI/]: [EMI] Untranslated tag #forge:tiny_dusts/rock_salt
[10mai.2026 15:10:00.806] [Thread-15/ERROR] [EMI/]: [EMI] Untranslated tag #forge:tiny_dusts/roentgenium
[10mai.2026 15:10:00.806] [Thread-15/ERROR] [EMI/]: [EMI] Untranslated tag #forge:tiny_dusts/rose_gold
[10mai.2026 15:10:00.806] [Thread-15/ERROR] [EMI/]: [EMI] Untranslated tag #forge:tiny_dusts/rtm_alloy
[10mai.2026 15:10:00.806] [Thread-15/ERROR] [EMI/]: [EMI] Untranslated tag #forge:tiny_dusts/rubber
[10mai.2026 15:10:00.806] [Thread-15/ERROR] [EMI/]: [EMI] Untranslated tag #forge:tiny_dusts/rubidium
[10mai.2026 15:10:00.806] [Thread-15/ERROR] [EMI/]: [EMI] Untranslated tag #forge:tiny_dusts/ruby
[10mai.2026 15:10:00.806] [Thread-15/ERROR] [EMI/]: [EMI] Untranslated tag #forge:tiny_dusts/ruridit
[10mai.2026 15:10:00.806] [Thread-15/ERROR] [EMI/]: [EMI] Untranslated tag #forge:tiny_dusts/ruthenium
[10mai.2026 15:10:00.806] [Thread-15/ERROR] [EMI/]: [EMI] Untranslated tag #forge:tiny_dusts/ruthenium_tetroxide
[10mai.2026 15:10:00.806] [Thread-15/ERROR] [EMI/]: [EMI] Untranslated tag #forge:tiny_dusts/ruthenium_trinium_americium_neutronate
[10mai.2026 15:10:00.806] [Thread-15/ERROR] [EMI/]: [EMI] Untranslated tag #forge:tiny_dusts/rutherfordium
[10mai.2026 15:10:00.806] [Thread-15/ERROR] [EMI/]: [EMI] Untranslated tag #forge:tiny_dusts/rutile
[10mai.2026 15:10:00.806] [Thread-15/ERROR] [EMI/]: [EMI] Untranslated tag #forge:tiny_dusts/salt
[10mai.2026 15:10:00.806] [Thread-15/ERROR] [EMI/]: [EMI] Untranslated tag #forge:tiny_dusts/saltpeter
[10mai.2026 15:10:00.806] [Thread-15/ERROR] [EMI/]: [EMI] Untranslated tag #forge:tiny_dusts/samarium
[10mai.2026 15:10:00.806] [Thread-15/ERROR] [EMI/]: [EMI] Untranslated tag #forge:tiny_dusts/samarium_iron_arsenic_oxide
[10mai.2026 15:10:00.806] [Thread-15/ERROR] [EMI/]: [EMI] Untranslated tag #forge:tiny_dusts/sapphire
[10mai.2026 15:10:00.806] [Thread-15/ERROR] [EMI/]: [EMI] Untranslated tag #forge:tiny_dusts/scandium
[10mai.2026 15:10:00.806] [Thread-15/ERROR] [EMI/]: [EMI] Untranslated tag #forge:tiny_dusts/scheelite
[10mai.2026 15:10:00.806] [Thread-15/ERROR] [EMI/]: [EMI] Untranslated tag #forge:tiny_dusts/sculk
[10mai.2026 15:10:00.806] [Thread-15/ERROR] [EMI/]: [EMI] Untranslated tag #forge:tiny_dusts/seaborgium
[10mai.2026 15:10:00.806] [Thread-15/ERROR] [EMI/]: [EMI] Untranslated tag #forge:tiny_dusts/selenium
[10mai.2026 15:10:00.806] [Thread-15/ERROR] [EMI/]: [EMI] Untranslated tag #forge:tiny_dusts/silicon
[10mai.2026 15:10:00.806] [Thread-15/ERROR] [EMI/]: [EMI] Untranslated tag #forge:tiny_dusts/silicon_dioxide
[10mai.2026 15:10:00.806] [Thread-15/ERROR] [EMI/]: [EMI] Untranslated tag #forge:tiny_dusts/silicone_rubber
[10mai.2026 15:10:00.806] [Thread-15/ERROR] [EMI/]: [EMI] Untranslated tag #forge:tiny_dusts/silver
[10mai.2026 15:10:00.806] [Thread-15/ERROR] [EMI/]: [EMI] Untranslated tag #forge:tiny_dusts/soapstone
[10mai.2026 15:10:00.807] [Thread-15/ERROR] [EMI/]: [EMI] Untranslated tag #forge:tiny_dusts/soda_ash
[10mai.2026 15:10:00.807] [Thread-15/ERROR] [EMI/]: [EMI] Untranslated tag #forge:tiny_dusts/sodalite
[10mai.2026 15:10:00.807] [Thread-15/ERROR] [EMI/]: [EMI] Untranslated tag #forge:tiny_dusts/sodium
[10mai.2026 15:10:00.807] [Thread-15/ERROR] [EMI/]: [EMI] Untranslated tag #forge:tiny_dusts/sodium_bicarbonate
[10mai.2026 15:10:00.807] [Thread-15/ERROR] [EMI/]: [EMI] Untranslated tag #forge:tiny_dusts/sodium_bisulfate
[10mai.2026 15:10:00.807] [Thread-15/ERROR] [EMI/]: [EMI] Untranslated tag #forge:tiny_dusts/sodium_hydroxide
[10mai.2026 15:10:00.807] [Thread-15/ERROR] [EMI/]: [EMI] Untranslated tag #forge:tiny_dusts/sodium_nitrite
[10mai.2026 15:10:00.807] [Thread-15/ERROR] [EMI/]: [EMI] Untranslated tag #forge:tiny_dusts/sodium_sulfide
[10mai.2026 15:10:00.807] [Thread-15/ERROR] [EMI/]: [EMI] Untranslated tag #forge:tiny_dusts/soldering_alloy
[10mai.2026 15:10:00.807] [Thread-15/ERROR] [EMI/]: [EMI] Untranslated tag #forge:tiny_dusts/spessartine
[10mai.2026 15:10:00.807] [Thread-15/ERROR] [EMI/]: [EMI] Untranslated tag #forge:tiny_dusts/sphalerite
[10mai.2026 15:10:00.807] [Thread-15/ERROR] [EMI/]: [EMI] Untranslated tag #forge:tiny_dusts/spodumene
[10mai.2026 15:10:00.807] [Thread-15/ERROR] [EMI/]: [EMI] Untranslated tag #forge:tiny_dusts/stainless_steel
[10mai.2026 15:10:00.807] [Thread-15/ERROR] [EMI/]: [EMI] Untranslated tag #forge:tiny_dusts/steel
[10mai.2026 15:10:00.807] [Thread-15/ERROR] [EMI/]: [EMI] Untranslated tag #forge:tiny_dusts/stellite_100
[10mai.2026 15:10:00.807] [Thread-15/ERROR] [EMI/]: [EMI] Untranslated tag #forge:tiny_dusts/sterling_silver
[10mai.2026 15:10:00.807] [Thread-15/ERROR] [EMI/]: [EMI] Untranslated tag #forge:tiny_dusts/stibnite
[10mai.2026 15:10:00.807] [Thread-15/ERROR] [EMI/]: [EMI] Untranslated tag #forge:tiny_dusts/stone
[10mai.2026 15:10:00.807] [Thread-15/ERROR] [EMI/]: [EMI] Untranslated tag #forge:tiny_dusts/strontium
[10mai.2026 15:10:00.807] [Thread-15/ERROR] [EMI/]: [EMI] Untranslated tag #forge:tiny_dusts/styrene_butadiene_rubber
[10mai.2026 15:10:00.807] [Thread-15/ERROR] [EMI/]: [EMI] Untranslated tag #forge:tiny_dusts/sugar
[10mai.2026 15:10:00.807] [Thread-15/ERROR] [EMI/]: [EMI] Untranslated tag #forge:tiny_dusts/sulfur
[10mai.2026 15:10:00.807] [Thread-15/ERROR] [EMI/]: [EMI] Untranslated tag #forge:tiny_dusts/talc
[10mai.2026 15:10:00.807] [Thread-15/ERROR] [EMI/]: [EMI] Untranslated tag #forge:tiny_dusts/tantalite
[10mai.2026 15:10:00.807] [Thread-15/ERROR] [EMI/]: [EMI] Untranslated tag #forge:tiny_dusts/tantalum
[10mai.2026 15:10:00.807] [Thread-15/ERROR] [EMI/]: [EMI] Untranslated tag #forge:tiny_dusts/tantalum_carbide
[10mai.2026 15:10:00.807] [Thread-15/ERROR] [EMI/]: [EMI] Untranslated tag #forge:tiny_dusts/technetium
[10mai.2026 15:10:00.807] [Thread-15/ERROR] [EMI/]: [EMI] Untranslated tag #forge:tiny_dusts/tellurium
[10mai.2026 15:10:00.807] [Thread-15/ERROR] [EMI/]: [EMI] Untranslated tag #forge:tiny_dusts/tennessine
[10mai.2026 15:10:00.807] [Thread-15/ERROR] [EMI/]: [EMI] Untranslated tag #forge:tiny_dusts/terbium
[10mai.2026 15:10:00.807] [Thread-15/ERROR] [EMI/]: [EMI] Untranslated tag #forge:tiny_dusts/tetrahedrite
[10mai.2026 15:10:00.807] [Thread-15/ERROR] [EMI/]: [EMI] Untranslated tag #forge:tiny_dusts/thallium
[10mai.2026 15:10:00.807] [Thread-15/ERROR] [EMI/]: [EMI] Untranslated tag #forge:tiny_dusts/thorium
[10mai.2026 15:10:00.807] [Thread-15/ERROR] [EMI/]: [EMI] Untranslated tag #forge:tiny_dusts/thulium
[10mai.2026 15:10:00.807] [Thread-15/ERROR] [EMI/]: [EMI] Untranslated tag #forge:tiny_dusts/tin
[10mai.2026 15:10:00.807] [Thread-15/ERROR] [EMI/]: [EMI] Untranslated tag #forge:tiny_dusts/tin_alloy
[10mai.2026 15:10:00.807] [Thread-15/ERROR] [EMI/]: [EMI] Untranslated tag #forge:tiny_dusts/titanium
[10mai.2026 15:10:00.807] [Thread-15/ERROR] [EMI/]: [EMI] Untranslated tag #forge:tiny_dusts/titanium_carbide
[10mai.2026 15:10:00.807] [Thread-15/ERROR] [EMI/]: [EMI] Untranslated tag #forge:tiny_dusts/titanium_trifluoride
[10mai.2026 15:10:00.807] [Thread-15/ERROR] [EMI/]: [EMI] Untranslated tag #forge:tiny_dusts/titanium_tungsten_carbide
[10mai.2026 15:10:00.807] [Thread-15/ERROR] [EMI/]: [EMI] Untranslated tag #forge:tiny_dusts/topaz
[10mai.2026 15:10:00.808] [Thread-15/ERROR] [EMI/]: [EMI] Untranslated tag #forge:tiny_dusts/treated_wood
[10mai.2026 15:10:00.808] [Thread-15/ERROR] [EMI/]: [EMI] Untranslated tag #forge:tiny_dusts/tricalcium_phosphate
[10mai.2026 15:10:00.808] [Thread-15/ERROR] [EMI/]: [EMI] Untranslated tag #forge:tiny_dusts/trinium
[10mai.2026 15:10:00.808] [Thread-15/ERROR] [EMI/]: [EMI] Untranslated tag #forge:tiny_dusts/trinium_sulfide
[10mai.2026 15:10:00.808] [Thread-15/ERROR] [EMI/]: [EMI] Untranslated tag #forge:tiny_dusts/tritanium
[10mai.2026 15:10:00.808] [Thread-15/ERROR] [EMI/]: [EMI] Untranslated tag #forge:tiny_dusts/trona
[10mai.2026 15:10:00.808] [Thread-15/ERROR] [EMI/]: [EMI] Untranslated tag #forge:tiny_dusts/tungstate
[10mai.2026 15:10:00.808] [Thread-15/ERROR] [EMI/]: [EMI] Untranslated tag #forge:tiny_dusts/tungsten
[10mai.2026 15:10:00.808] [Thread-15/ERROR] [EMI/]: [EMI] Untranslated tag #forge:tiny_dusts/tungsten_carbide
[10mai.2026 15:10:00.808] [Thread-15/ERROR] [EMI/]: [EMI] Untranslated tag #forge:tiny_dusts/tungsten_steel
[10mai.2026 15:10:00.808] [Thread-15/ERROR] [EMI/]: [EMI] Untranslated tag #forge:tiny_dusts/tungstic_acid
[10mai.2026 15:10:00.808] [Thread-15/ERROR] [EMI/]: [EMI] Untranslated tag #forge:tiny_dusts/ultimet
[10mai.2026 15:10:00.808] [Thread-15/ERROR] [EMI/]: [EMI] Untranslated tag #forge:tiny_dusts/uraninite
[10mai.2026 15:10:00.808] [Thread-15/ERROR] [EMI/]: [EMI] Untranslated tag #forge:tiny_dusts/uranium
[10mai.2026 15:10:00.808] [Thread-15/ERROR] [EMI/]: [EMI] Untranslated tag #forge:tiny_dusts/uranium_235
[10mai.2026 15:10:00.808] [Thread-15/ERROR] [EMI/]: [EMI] Untranslated tag #forge:tiny_dusts/uranium_rhodium_dinaquadide
[10mai.2026 15:10:00.808] [Thread-15/ERROR] [EMI/]: [EMI] Untranslated tag #forge:tiny_dusts/uranium_triplatinum
[10mai.2026 15:10:00.808] [Thread-15/ERROR] [EMI/]: [EMI] Untranslated tag #forge:tiny_dusts/uvarovite
[10mai.2026 15:10:00.808] [Thread-15/ERROR] [EMI/]: [EMI] Untranslated tag #forge:tiny_dusts/vanadium
[10mai.2026 15:10:00.808] [Thread-15/ERROR] [EMI/]: [EMI] Untranslated tag #forge:tiny_dusts/vanadium_gallium
[10mai.2026 15:10:00.808] [Thread-15/ERROR] [EMI/]: [EMI] Untranslated tag #forge:tiny_dusts/vanadium_magnetite
[10mai.2026 15:10:00.808] [Thread-15/ERROR] [EMI/]: [EMI] Untranslated tag #forge:tiny_dusts/vanadium_steel
[10mai.2026 15:10:00.808] [Thread-15/ERROR] [EMI/]: [EMI] Untranslated tag #forge:tiny_dusts/watertight_steel
[10mai.2026 15:10:00.808] [Thread-15/ERROR] [EMI/]: [EMI] Untranslated tag #forge:tiny_dusts/wax
[10mai.2026 15:10:00.808] [Thread-15/ERROR] [EMI/]: [EMI] Untranslated tag #forge:tiny_dusts/wheat
[10mai.2026 15:10:00.808] [Thread-15/ERROR] [EMI/]: [EMI] Untranslated tag #forge:tiny_dusts/wood
[10mai.2026 15:10:00.808] [Thread-15/ERROR] [EMI/]: [EMI] Untranslated tag #forge:tiny_dusts/wrought_iron
[10mai.2026 15:10:00.808] [Thread-15/ERROR] [EMI/]: [EMI] Untranslated tag #forge:tiny_dusts/wulfenite
[10mai.2026 15:10:00.808] [Thread-15/ERROR] [EMI/]: [EMI] Untranslated tag #forge:tiny_dusts/yellow_garnet
[10mai.2026 15:10:00.808] [Thread-15/ERROR] [EMI/]: [EMI] Untranslated tag #forge:tiny_dusts/yellow_limonite
[10mai.2026 15:10:00.808] [Thread-15/ERROR] [EMI/]: [EMI] Untranslated tag #forge:tiny_dusts/ytterbium
[10mai.2026 15:10:00.808] [Thread-15/ERROR] [EMI/]: [EMI] Untranslated tag #forge:tiny_dusts/yttrium
[10mai.2026 15:10:00.808] [Thread-15/ERROR] [EMI/]: [EMI] Untranslated tag #forge:tiny_dusts/yttrium_barium_cuprate
[10mai.2026 15:10:00.808] [Thread-15/ERROR] [EMI/]: [EMI] Untranslated tag #forge:tiny_dusts/zeolite
[10mai.2026 15:10:00.808] [Thread-15/ERROR] [EMI/]: [EMI] Untranslated tag #forge:tiny_dusts/zeron_100
[10mai.2026 15:10:00.808] [Thread-15/ERROR] [EMI/]: [EMI] Untranslated tag #forge:tiny_dusts/zinc
[10mai.2026 15:10:00.808] [Thread-15/ERROR] [EMI/]: [EMI] Untranslated tag #forge:tiny_dusts/zinc_sulfide
[10mai.2026 15:10:00.808] [Thread-15/ERROR] [EMI/]: [EMI] Untranslated tag #forge:tiny_dusts/zincite
[10mai.2026 15:10:00.808] [Thread-15/ERROR] [EMI/]: [EMI] Untranslated tag #forge:tiny_dusts/zirconium
[10mai.2026 15:10:00.808] [Thread-15/ERROR] [EMI/]: [EMI] Untranslated tag #forge:tools/butchery_knives
[10mai.2026 15:10:00.808] [Thread-15/ERROR] [EMI/]: [EMI] Untranslated tag #forge:tools/buzzsaws
[10mai.2026 15:10:00.808] [Thread-15/ERROR] [EMI/]: [EMI] Untranslated tag #forge:tools/chainsaws
[10mai.2026 15:10:00.808] [Thread-15/ERROR] [EMI/]: [EMI] Untranslated tag #forge:tools/crowbars
[10mai.2026 15:10:00.808] [Thread-15/ERROR] [EMI/]: [EMI] Untranslated tag #forge:tools/drills
[10mai.2026 15:10:00.808] [Thread-15/ERROR] [EMI/]: [EMI] Untranslated tag #forge:tools/files
[10mai.2026 15:10:00.808] [Thread-15/ERROR] [EMI/]: [EMI] Untranslated tag #forge:tools/hammers
[10mai.2026 15:10:00.808] [Thread-15/ERROR] [EMI/]: [EMI] Untranslated tag #forge:tools/igniter
[10mai.2026 15:10:00.808] [Thread-15/ERROR] [EMI/]: [EMI] Untranslated tag #forge:tools/knives
[10mai.2026 15:10:00.809] [Thread-15/ERROR] [EMI/]: [EMI] Untranslated tag #forge:tools/mallets
[10mai.2026 15:10:00.809] [Thread-15/ERROR] [EMI/]: [EMI] Untranslated tag #forge:tools/mining_hammers
[10mai.2026 15:10:00.809] [Thread-15/ERROR] [EMI/]: [EMI] Untranslated tag #forge:tools/mortars
[10mai.2026 15:10:00.809] [Thread-15/ERROR] [EMI/]: [EMI] Untranslated tag #forge:tools/plungers
[10mai.2026 15:10:00.809] [Thread-15/ERROR] [EMI/]: [EMI] Untranslated tag #forge:tools/saws
[10mai.2026 15:10:00.809] [Thread-15/ERROR] [EMI/]: [EMI] Untranslated tag #forge:tools/screwdrivers
[10mai.2026 15:10:00.809] [Thread-15/ERROR] [EMI/]: [EMI] Untranslated tag #forge:tools/scythes
[10mai.2026 15:10:00.809] [Thread-15/ERROR] [EMI/]: [EMI] Untranslated tag #forge:tools/spades
[10mai.2026 15:10:00.809] [Thread-15/ERROR] [EMI/]: [EMI] Untranslated tag #forge:tools/wire_cutters
[10mai.2026 15:10:00.809] [Thread-15/ERROR] [EMI/]: [EMI] Untranslated tag #forge:tools/wrench
[10mai.2026 15:10:00.809] [Thread-15/ERROR] [EMI/]: [EMI] Untranslated tag #forge:tools/wrenches
[10mai.2026 15:10:00.809] [Thread-15/ERROR] [EMI/]: [EMI] Untranslated tag #forge:treated_wood
[10mai.2026 15:10:00.809] [Thread-15/ERROR] [EMI/]: [EMI] Untranslated tag #gtceu:batteries
[10mai.2026 15:10:00.809] [Thread-15/ERROR] [EMI/]: [EMI] Untranslated tag #gtceu:batteries/ev
[10mai.2026 15:10:00.809] [Thread-15/ERROR] [EMI/]: [EMI] Untranslated tag #gtceu:batteries/hv
[10mai.2026 15:10:00.809] [Thread-15/ERROR] [EMI/]: [EMI] Untranslated tag #gtceu:batteries/iv
[10mai.2026 15:10:00.809] [Thread-15/ERROR] [EMI/]: [EMI] Untranslated tag #gtceu:batteries/luv
[10mai.2026 15:10:00.809] [Thread-15/ERROR] [EMI/]: [EMI] Untranslated tag #gtceu:batteries/lv
[10mai.2026 15:10:00.809] [Thread-15/ERROR] [EMI/]: [EMI] Untranslated tag #gtceu:batteries/mv
[10mai.2026 15:10:00.809] [Thread-15/ERROR] [EMI/]: [EMI] Untranslated tag #gtceu:batteries/uhv
[10mai.2026 15:10:00.809] [Thread-15/ERROR] [EMI/]: [EMI] Untranslated tag #gtceu:batteries/ulv
[10mai.2026 15:10:00.809] [Thread-15/ERROR] [EMI/]: [EMI] Untranslated tag #gtceu:batteries/uv
[10mai.2026 15:10:00.809] [Thread-15/ERROR] [EMI/]: [EMI] Untranslated tag #gtceu:batteries/zpm
[10mai.2026 15:10:00.809] [Thread-15/ERROR] [EMI/]: [EMI] Untranslated tag #gtceu:capacitors
[10mai.2026 15:10:00.809] [Thread-15/ERROR] [EMI/]: [EMI] Untranslated tag #gtceu:chemical_bath_washable
[10mai.2026 15:10:00.809] [Thread-15/ERROR] [EMI/]: [EMI] Untranslated tag #gtceu:chemical_bath_washable/mercury
[10mai.2026 15:10:00.809] [Thread-15/ERROR] [EMI/]: [EMI] Untranslated tag #gtceu:chemical_bath_washable/sodium_persulfate
[10mai.2026 15:10:00.809] [Thread-15/ERROR] [EMI/]: [EMI] Untranslated tag #gtceu:circuits
[10mai.2026 15:10:00.809] [Thread-15/ERROR] [EMI/]: [EMI] Untranslated tag #gtceu:circuits/ev
[10mai.2026 15:10:00.809] [Thread-15/ERROR] [EMI/]: [EMI] Untranslated tag #gtceu:circuits/hv
[10mai.2026 15:10:00.809] [Thread-15/ERROR] [EMI/]: [EMI] Untranslated tag #gtceu:circuits/iv
[10mai.2026 15:10:00.809] [Thread-15/ERROR] [EMI/]: [EMI] Untranslated tag #gtceu:circuits/luv
[10mai.2026 15:10:00.809] [Thread-15/ERROR] [EMI/]: [EMI] Untranslated tag #gtceu:circuits/lv
[10mai.2026 15:10:00.809] [Thread-15/ERROR] [EMI/]: [EMI] Untranslated tag #gtceu:circuits/mv
[10mai.2026 15:10:00.809] [Thread-15/ERROR] [EMI/]: [EMI] Untranslated tag #gtceu:circuits/uhv
[10mai.2026 15:10:00.809] [Thread-15/ERROR] [EMI/]: [EMI] Untranslated tag #gtceu:circuits/ulv
[10mai.2026 15:10:00.809] [Thread-15/ERROR] [EMI/]: [EMI] Untranslated tag #gtceu:circuits/uv
[10mai.2026 15:10:00.809] [Thread-15/ERROR] [EMI/]: [EMI] Untranslated tag #gtceu:circuits/zpm
[10mai.2026 15:10:00.809] [Thread-15/ERROR] [EMI/]: [EMI] Untranslated tag #gtceu:conveyor_modules
[10mai.2026 15:10:00.809] [Thread-15/ERROR] [EMI/]: [EMI] Untranslated tag #gtceu:diodes
[10mai.2026 15:10:00.809] [Thread-15/ERROR] [EMI/]: [EMI] Untranslated tag #gtceu:electric_motors
[10mai.2026 15:10:00.809] [Thread-15/ERROR] [EMI/]: [EMI] Untranslated tag #gtceu:electric_pistons
[10mai.2026 15:10:00.809] [Thread-15/ERROR] [EMI/]: [EMI] Untranslated tag #gtceu:electric_pumps
[10mai.2026 15:10:00.809] [Thread-15/ERROR] [EMI/]: [EMI] Untranslated tag #gtceu:emitters
[10mai.2026 15:10:00.809] [Thread-15/ERROR] [EMI/]: [EMI] Untranslated tag #gtceu:field_generators
[10mai.2026 15:10:00.809] [Thread-15/ERROR] [EMI/]: [EMI] Untranslated tag #gtceu:fluid_regulators
[10mai.2026 15:10:00.809] [Thread-15/ERROR] [EMI/]: [EMI] Untranslated tag #gtceu:inductors
[10mai.2026 15:10:00.809] [Thread-15/ERROR] [EMI/]: [EMI] Untranslated tag #gtceu:ppe_armor
[10mai.2026 15:10:00.809] [Thread-15/ERROR] [EMI/]: [EMI] Untranslated tag #gtceu:resistors
[10mai.2026 15:10:00.809] [Thread-15/ERROR] [EMI/]: [EMI] Untranslated tag #gtceu:robot_arms
[10mai.2026 15:10:00.809] [Thread-15/ERROR] [EMI/]: [EMI] Untranslated tag #gtceu:rubber_logs
[10mai.2026 15:10:00.809] [Thread-15/ERROR] [EMI/]: [EMI] Untranslated tag #gtceu:sensors
[10mai.2026 15:10:00.810] [Thread-15/ERROR] [EMI/]: [EMI] Untranslated tag #gtceu:step_boots
[10mai.2026 15:10:00.810] [Thread-15/ERROR] [EMI/]: [EMI] Untranslated tag #gtceu:tools/crafting_crowbars
[10mai.2026 15:10:00.810] [Thread-15/ERROR] [EMI/]: [EMI] Untranslated tag #gtceu:tools/crafting_files
[10mai.2026 15:10:00.810] [Thread-15/ERROR] [EMI/]: [EMI] Untranslated tag #gtceu:tools/crafting_hammers
[10mai.2026 15:10:00.810] [Thread-15/ERROR] [EMI/]: [EMI] Untranslated tag #gtceu:tools/crafting_knives
[10mai.2026 15:10:00.810] [Thread-15/ERROR] [EMI/]: [EMI] Untranslated tag #gtceu:tools/crafting_mallets
[10mai.2026 15:10:00.810] [Thread-15/ERROR] [EMI/]: [EMI] Untranslated tag #gtceu:tools/crafting_mortars
[10mai.2026 15:10:00.810] [Thread-15/ERROR] [EMI/]: [EMI] Untranslated tag #gtceu:tools/crafting_saws
[10mai.2026 15:10:00.810] [Thread-15/ERROR] [EMI/]: [EMI] Untranslated tag #gtceu:tools/crafting_screwdrivers
[10mai.2026 15:10:00.810] [Thread-15/ERROR] [EMI/]: [EMI] Untranslated tag #gtceu:tools/crafting_wire_cutters
[10mai.2026 15:10:00.810] [Thread-15/ERROR] [EMI/]: [EMI] Untranslated tag #gtceu:tools/crafting_wrenches
[10mai.2026 15:10:00.810] [Thread-15/ERROR] [EMI/]: [EMI] Untranslated tag #gtceu:transistors
[10mai.2026 15:10:00.810] [Thread-15/INFO] [EMI/]: [EMI]  Tag warning can be disabled in the config, EMI docs describe how to add a translation or exclude tags.
[10mai.2026 15:10:00.826] [Render thread/INFO] [mezz.jei.library.load.PluginCallerTimerRunnable/]: Registering ingredients: jei:minecraft took 131.7 milliseconds
[10mai.2026 15:10:00.826] [Render thread/INFO] [mezz.jei.library.load.PluginCaller/]: Registering ingredients took 132.6 ms
[10mai.2026 15:10:00.826] [Render thread/INFO] [mezz.jei.library.load.PluginCaller/]: Registering extra ingredients...
[10mai.2026 15:10:00.826] [Render thread/INFO] [mezz.jei.library.load.PluginCaller/]: Registering extra ingredients took 427.3 μs
[10mai.2026 15:10:00.828] [Render thread/INFO] [mezz.jei.library.load.PluginCaller/]: Registering search ingredient aliases...
[10mai.2026 15:10:00.828] [Render thread/INFO] [mezz.jei.library.load.PluginCaller/]: Registering search ingredient aliases took 473.2 μs
[10mai.2026 15:10:00.884] [Thread-15/ERROR] [EMI/]: [EMI] Untranslated tag #forge:acetic_acid
[10mai.2026 15:10:00.884] [Thread-15/ERROR] [EMI/]: [EMI] Untranslated tag #forge:acetic_anhydride
[10mai.2026 15:10:00.884] [Thread-15/ERROR] [EMI/]: [EMI] Untranslated tag #forge:acetone
[10mai.2026 15:10:00.884] [Thread-15/ERROR] [EMI/]: [EMI] Untranslated tag #forge:acidic_enriched_naquadah_solution
[10mai.2026 15:10:00.884] [Thread-15/ERROR] [EMI/]: [EMI] Untranslated tag #forge:acidic_naquadria_solution
[10mai.2026 15:10:00.884] [Thread-15/ERROR] [EMI/]: [EMI] Untranslated tag #forge:acidic_osmium_solution
[10mai.2026 15:10:00.884] [Thread-15/ERROR] [EMI/]: [EMI] Untranslated tag #forge:air
[10mai.2026 15:10:00.884] [Thread-15/ERROR] [EMI/]: [EMI] Untranslated tag #forge:allyl_chloride
[10mai.2026 15:10:00.884] [Thread-15/ERROR] [EMI/]: [EMI] Untranslated tag #forge:aluminium
[10mai.2026 15:10:00.884] [Thread-15/ERROR] [EMI/]: [EMI] Untranslated tag #forge:americium
[10mai.2026 15:10:00.884] [Thread-15/ERROR] [EMI/]: [EMI] Untranslated tag #forge:americium_plasma
[10mai.2026 15:10:00.884] [Thread-15/ERROR] [EMI/]: [EMI] Untranslated tag #forge:aminophenol
[10mai.2026 15:10:00.884] [Thread-15/ERROR] [EMI/]: [EMI] Untranslated tag #forge:ammonia
[10mai.2026 15:10:00.884] [Thread-15/ERROR] [EMI/]: [EMI] Untranslated tag #forge:ammonium_formate
[10mai.2026 15:10:00.884] [Thread-15/ERROR] [EMI/]: [EMI] Untranslated tag #forge:annealed_copper
[10mai.2026 15:10:00.884] [Thread-15/ERROR] [EMI/]: [EMI] Untranslated tag #forge:antimony
[10mai.2026 15:10:00.884] [Thread-15/ERROR] [EMI/]: [EMI] Untranslated tag #forge:aqua_regia
[10mai.2026 15:10:00.884] [Thread-15/ERROR] [EMI/]: [EMI] Untranslated tag #forge:argon
[10mai.2026 15:10:00.884] [Thread-15/ERROR] [EMI/]: [EMI] Untranslated tag #forge:argon_plasma
[10mai.2026 15:10:00.884] [Thread-15/ERROR] [EMI/]: [EMI] Untranslated tag #forge:arsenic
[10mai.2026 15:10:00.884] [Thread-15/ERROR] [EMI/]: [EMI] Untranslated tag #forge:bacteria
[10mai.2026 15:10:00.884] [Thread-15/ERROR] [EMI/]: [EMI] Untranslated tag #forge:bacterial_sludge
[10mai.2026 15:10:00.884] [Thread-15/ERROR] [EMI/]: [EMI] Untranslated tag #forge:battery_alloy
[10mai.2026 15:10:00.884] [Thread-15/ERROR] [EMI/]: [EMI] Untranslated tag #forge:bauxite_sludge
[10mai.2026 15:10:00.884] [Thread-15/ERROR] [EMI/]: [EMI] Untranslated tag #forge:bauxite_slurry
[10mai.2026 15:10:00.884] [Thread-15/ERROR] [EMI/]: [EMI] Untranslated tag #forge:benzene
[10mai.2026 15:10:00.884] [Thread-15/ERROR] [EMI/]: [EMI] Untranslated tag #forge:beryllium
[10mai.2026 15:10:00.884] [Thread-15/ERROR] [EMI/]: [EMI] Untranslated tag #forge:bio_diesel
[10mai.2026 15:10:00.884] [Thread-15/ERROR] [EMI/]: [EMI] Untranslated tag #forge:biomass
[10mai.2026 15:10:00.884] [Thread-15/ERROR] [EMI/]: [EMI] Untranslated tag #forge:bismuth
[10mai.2026 15:10:00.884] [Thread-15/ERROR] [EMI/]: [EMI] Untranslated tag #forge:bismuth_bronze
[10mai.2026 15:10:00.884] [Thread-15/ERROR] [EMI/]: [EMI] Untranslated tag #forge:bisphenol_a
[10mai.2026 15:10:00.884] [Thread-15/ERROR] [EMI/]: [EMI] Untranslated tag #forge:black_bronze
[10mai.2026 15:10:00.885] [Thread-15/ERROR] [EMI/]: [EMI] Untranslated tag #forge:black_dye
[10mai.2026 15:10:00.885] [Thread-15/ERROR] [EMI/]: [EMI] Untranslated tag #forge:black_steel
[10mai.2026 15:10:00.885] [Thread-15/ERROR] [EMI/]: [EMI] Untranslated tag #forge:blaze
[10mai.2026 15:10:00.885] [Thread-15/ERROR] [EMI/]: [EMI] Untranslated tag #forge:blue_alloy
[10mai.2026 15:10:00.885] [Thread-15/ERROR] [EMI/]: [EMI] Untranslated tag #forge:blue_dye
[10mai.2026 15:10:00.885] [Thread-15/ERROR] [EMI/]: [EMI] Untranslated tag #forge:blue_steel
[10mai.2026 15:10:00.885] [Thread-15/ERROR] [EMI/]: [EMI] Untranslated tag #forge:borosilicate_glass
[10mai.2026 15:10:00.885] [Thread-15/ERROR] [EMI/]: [EMI] Untranslated tag #forge:brass
[10mai.2026 15:10:00.885] [Thread-15/ERROR] [EMI/]: [EMI] Untranslated tag #forge:bromine
[10mai.2026 15:10:00.885] [Thread-15/ERROR] [EMI/]: [EMI] Untranslated tag #forge:bronze
[10mai.2026 15:10:00.885] [Thread-15/ERROR] [EMI/]: [EMI] Untranslated tag #forge:brown_dye
[10mai.2026 15:10:00.885] [Thread-15/ERROR] [EMI/]: [EMI] Untranslated tag #forge:butadiene
[10mai.2026 15:10:00.885] [Thread-15/ERROR] [EMI/]: [EMI] Untranslated tag #forge:butane
[10mai.2026 15:10:00.885] [Thread-15/ERROR] [EMI/]: [EMI] Untranslated tag #forge:butene
[10mai.2026 15:10:00.885] [Thread-15/ERROR] [EMI/]: [EMI] Untranslated tag #forge:butyraldehyde
[10mai.2026 15:10:00.885] [Thread-15/ERROR] [EMI/]: [EMI] Untranslated tag #forge:carbon
[10mai.2026 15:10:00.885] [Thread-15/ERROR] [EMI/]: [EMI] Untranslated tag #forge:carbon_dioxide
[10mai.2026 15:10:00.885] [Thread-15/ERROR] [EMI/]: [EMI] Untranslated tag #forge:carbon_monoxide
[10mai.2026 15:10:00.885] [Thread-15/ERROR] [EMI/]: [EMI] Untranslated tag #forge:cerium
[10mai.2026 15:10:00.885] [Thread-15/ERROR] [EMI/]: [EMI] Untranslated tag #forge:cetane_boosted_diesel
[10mai.2026 15:10:00.885] [Thread-15/ERROR] [EMI/]: [EMI] Untranslated tag #forge:charcoal_byproducts
[10mai.2026 15:10:00.885] [Thread-15/ERROR] [EMI/]: [EMI] Untranslated tag #forge:chlorine
[10mai.2026 15:10:00.885] [Thread-15/ERROR] [EMI/]: [EMI] Untranslated tag #forge:chlorobenzene
[10mai.2026 15:10:00.885] [Thread-15/ERROR] [EMI/]: [EMI] Untranslated tag #forge:chloroform
[10mai.2026 15:10:00.885] [Thread-15/ERROR] [EMI/]: [EMI] Untranslated tag #forge:chloromethane
[10mai.2026 15:10:00.885] [Thread-15/ERROR] [EMI/]: [EMI] Untranslated tag #forge:chromium
[10mai.2026 15:10:00.885] [Thread-15/ERROR] [EMI/]: [EMI] Untranslated tag #forge:coal_gas
[10mai.2026 15:10:00.885] [Thread-15/ERROR] [EMI/]: [EMI] Untranslated tag #forge:coal_tar
[10mai.2026 15:10:00.885] [Thread-15/ERROR] [EMI/]: [EMI] Untranslated tag #forge:cobalt
[10mai.2026 15:10:00.885] [Thread-15/ERROR] [EMI/]: [EMI] Untranslated tag #forge:cobalt_brass
[10mai.2026 15:10:00.885] [Thread-15/ERROR] [EMI/]: [EMI] Untranslated tag #forge:concrete
[10mai.2026 15:10:00.885] [Thread-15/ERROR] [EMI/]: [EMI] Untranslated tag #forge:construction_foam
[10mai.2026 15:10:00.885] [Thread-15/ERROR] [EMI/]: [EMI] Untranslated tag #forge:copper
[10mai.2026 15:10:00.885] [Thread-15/ERROR] [EMI/]: [EMI] Untranslated tag #forge:cracked_bauxite_slurry
[10mai.2026 15:10:00.885] [Thread-15/ERROR] [EMI/]: [EMI] Untranslated tag #forge:creosote
[10mai.2026 15:10:00.885] [Thread-15/ERROR] [EMI/]: [EMI] Untranslated tag #forge:cumene
[10mai.2026 15:10:00.885] [Thread-15/ERROR] [EMI/]: [EMI] Untranslated tag #forge:cupronickel
[10mai.2026 15:10:00.885] [Thread-15/ERROR] [EMI/]: [EMI] Untranslated tag #forge:cyan_dye
[10mai.2026 15:10:00.885] [Thread-15/ERROR] [EMI/]: [EMI] Untranslated tag #forge:cyclohexane
[10mai.2026 15:10:00.885] [Thread-15/ERROR] [EMI/]: [EMI] Untranslated tag #forge:damascus_steel
[10mai.2026 15:10:00.885] [Thread-15/ERROR] [EMI/]: [EMI] Untranslated tag #forge:darmstadtium
[10mai.2026 15:10:00.885] [Thread-15/ERROR] [EMI/]: [EMI] Untranslated tag #forge:decalcified_bauxite_sludge
[10mai.2026 15:10:00.885] [Thread-15/ERROR] [EMI/]: [EMI] Untranslated tag #forge:depleted_uranium_hexafluoride
[10mai.2026 15:10:00.885] [Thread-15/ERROR] [EMI/]: [EMI] Untranslated tag #forge:deuterium
[10mai.2026 15:10:00.885] [Thread-15/ERROR] [EMI/]: [EMI] Untranslated tag #forge:diaminobenzidine
[10mai.2026 15:10:00.885] [Thread-15/ERROR] [EMI/]: [EMI] Untranslated tag #forge:dichlorobenzene
[10mai.2026 15:10:00.885] [Thread-15/ERROR] [EMI/]: [EMI] Untranslated tag #forge:dichlorobenzidine
[10mai.2026 15:10:00.885] [Thread-15/ERROR] [EMI/]: [EMI] Untranslated tag #forge:dichloroethane
[10mai.2026 15:10:00.885] [Thread-15/ERROR] [EMI/]: [EMI] Untranslated tag #forge:diesel
[10mai.2026 15:10:00.886] [Thread-15/ERROR] [EMI/]: [EMI] Untranslated tag #forge:diethylenetriamine
[10mai.2026 15:10:00.886] [Thread-15/ERROR] [EMI/]: [EMI] Untranslated tag #forge:diethylenetriamine_pentaacetonitrile
[10mai.2026 15:10:00.886] [Thread-15/ERROR] [EMI/]: [EMI] Untranslated tag #forge:diluted_hydrochloric_acid
[10mai.2026 15:10:00.886] [Thread-15/ERROR] [EMI/]: [EMI] Untranslated tag #forge:diluted_sulfuric_acid
[10mai.2026 15:10:00.886] [Thread-15/ERROR] [EMI/]: [EMI] Untranslated tag #forge:dimethylamine
[10mai.2026 15:10:00.886] [Thread-15/ERROR] [EMI/]: [EMI] Untranslated tag #forge:dimethylbenzene
[10mai.2026 15:10:00.886] [Thread-15/ERROR] [EMI/]: [EMI] Untranslated tag #forge:dimethyldichlorosilane
[10mai.2026 15:10:00.886] [Thread-15/ERROR] [EMI/]: [EMI] Untranslated tag #forge:dimethylhydrazine
[10mai.2026 15:10:00.886] [Thread-15/ERROR] [EMI/]: [EMI] Untranslated tag #forge:dinitrogen_tetroxide
[10mai.2026 15:10:00.886] [Thread-15/ERROR] [EMI/]: [EMI] Untranslated tag #forge:diphenyl_isophthalate
[10mai.2026 15:10:00.886] [Thread-15/ERROR] [EMI/]: [EMI] Untranslated tag #forge:dissolved_calcium_acetate
[10mai.2026 15:10:00.886] [Thread-15/ERROR] [EMI/]: [EMI] Untranslated tag #forge:distilled_water
[10mai.2026 15:10:00.886] [Thread-15/ERROR] [EMI/]: [EMI] Untranslated tag #forge:drilling_fluid
[10mai.2026 15:10:00.886] [Thread-15/ERROR] [EMI/]: [EMI] Untranslated tag #forge:duranium
[10mai.2026 15:10:00.886] [Thread-15/ERROR] [EMI/]: [EMI] Untranslated tag #forge:electrum
[10mai.2026 15:10:00.886] [Thread-15/ERROR] [EMI/]: [EMI] Untranslated tag #forge:ender_air
[10mai.2026 15:10:00.886] [Thread-15/ERROR] [EMI/]: [EMI] Untranslated tag #forge:enriched_bacterial_sludge
[10mai.2026 15:10:00.886] [Thread-15/ERROR] [EMI/]: [EMI] Untranslated tag #forge:enriched_naquadah
[10mai.2026 15:10:00.886] [Thread-15/ERROR] [EMI/]: [EMI] Untranslated tag #forge:enriched_naquadah_solution
[10mai.2026 15:10:00.886] [Thread-15/ERROR] [EMI/]: [EMI] Untranslated tag #forge:enriched_naquadah_trinium_europium_duranide
[10mai.2026 15:10:00.886] [Thread-15/ERROR] [EMI/]: [EMI] Untranslated tag #forge:enriched_naquadah_waste
[10mai.2026 15:10:00.886] [Thread-15/ERROR] [EMI/]: [EMI] Untranslated tag #forge:enriched_uranium_hexafluoride
[10mai.2026 15:10:00.886] [Thread-15/ERROR] [EMI/]: [EMI] Untranslated tag #forge:epichlorohydrin
[10mai.2026 15:10:00.886] [Thread-15/ERROR] [EMI/]: [EMI] Untranslated tag #forge:epoxy
[10mai.2026 15:10:00.886] [Thread-15/ERROR] [EMI/]: [EMI] Untranslated tag #forge:ethane
[10mai.2026 15:10:00.886] [Thread-15/ERROR] [EMI/]: [EMI] Untranslated tag #forge:ethanol
[10mai.2026 15:10:00.886] [Thread-15/ERROR] [EMI/]: [EMI] Untranslated tag #forge:ethenone
[10mai.2026 15:10:00.886] [Thread-15/ERROR] [EMI/]: [EMI] Untranslated tag #forge:ethyl_tertbutyl_ether
[10mai.2026 15:10:00.887] [Thread-15/ERROR] [EMI/]: [EMI] Untranslated tag #forge:ethylbenzene
[10mai.2026 15:10:00.887] [Thread-15/ERROR] [EMI/]: [EMI] Untranslated tag #forge:ethylene
[10mai.2026 15:10:00.887] [Thread-15/ERROR] [EMI/]: [EMI] Untranslated tag #forge:europium
[10mai.2026 15:10:00.887] [Thread-15/ERROR] [EMI/]: [EMI] Untranslated tag #forge:fermented_biomass
[10mai.2026 15:10:00.887] [Thread-15/ERROR] [EMI/]: [EMI] Untranslated tag #forge:fish_oil
[10mai.2026 15:10:00.887] [Thread-15/ERROR] [EMI/]: [EMI] Untranslated tag #forge:fluorine
[10mai.2026 15:10:00.887] [Thread-15/ERROR] [EMI/]: [EMI] Untranslated tag #forge:fluoroantimonic_acid
[10mai.2026 15:10:00.887] [Thread-15/ERROR] [EMI/]: [EMI] Untranslated tag #forge:formaldehyde
[10mai.2026 15:10:00.887] [Thread-15/ERROR] [EMI/]: [EMI] Untranslated tag #forge:formamide
[10mai.2026 15:10:00.887] [Thread-15/ERROR] [EMI/]: [EMI] Untranslated tag #forge:formic_acid
[10mai.2026 15:10:00.887] [Thread-15/ERROR] [EMI/]: [EMI] Untranslated tag #forge:gallium
[10mai.2026 15:10:00.887] [Thread-15/ERROR] [EMI/]: [EMI] Untranslated tag #forge:gallium_arsenide
[10mai.2026 15:10:00.887] [Thread-15/ERROR] [EMI/]: [EMI] Untranslated tag #forge:gaseous
[10mai.2026 15:10:00.887] [Thread-15/ERROR] [EMI/]: [EMI] Untranslated tag #forge:gasoline
[10mai.2026 15:10:00.887] [Thread-15/ERROR] [EMI/]: [EMI] Untranslated tag #forge:gelatin_mixture
[10mai.2026 15:10:00.887] [Thread-15/ERROR] [EMI/]: [EMI] Untranslated tag #forge:glass
[10mai.2026 15:10:00.887] [Thread-15/ERROR] [EMI/]: [EMI] Untranslated tag #forge:glowstone
[10mai.2026 15:10:00.887] [Thread-15/ERROR] [EMI/]: [EMI] Untranslated tag #forge:glue
[10mai.2026 15:10:00.887] [Thread-15/ERROR] [EMI/]: [EMI] Untranslated tag #forge:glycerol
[10mai.2026 15:10:00.887] [Thread-15/ERROR] [EMI/]: [EMI] Untranslated tag #forge:glyceryl_trinitrate
[10mai.2026 15:10:00.887] [Thread-15/ERROR] [EMI/]: [EMI] Untranslated tag #forge:glycolonitrile
[10mai.2026 15:10:00.887] [Thread-15/ERROR] [EMI/]: [EMI] Untranslated tag #forge:gold
[10mai.2026 15:10:00.887] [Thread-15/ERROR] [EMI/]: [EMI] Untranslated tag #forge:gray_dye
[10mai.2026 15:10:00.887] [Thread-15/ERROR] [EMI/]: [EMI] Untranslated tag #forge:green_dye
[10mai.2026 15:10:00.887] [Thread-15/ERROR] [EMI/]: [EMI] Untranslated tag #forge:green_sapphire_slurry
[10mai.2026 15:10:00.887] [Thread-15/ERROR] [EMI/]: [EMI] Untranslated tag #forge:hastelloy_c_276
[10mai.2026 15:10:00.887] [Thread-15/ERROR] [EMI/]: [EMI] Untranslated tag #forge:hastelloy_x
[10mai.2026 15:10:00.887] [Thread-15/ERROR] [EMI/]: [EMI] Untranslated tag #forge:heavy_fuel
[10mai.2026 15:10:00.887] [Thread-15/ERROR] [EMI/]: [EMI] Untranslated tag #forge:helium
[10mai.2026 15:10:00.887] [Thread-15/ERROR] [EMI/]: [EMI] Untranslated tag #forge:helium_3
[10mai.2026 15:10:00.887] [Thread-15/ERROR] [EMI/]: [EMI] Untranslated tag #forge:helium_plasma
[10mai.2026 15:10:00.887] [Thread-15/ERROR] [EMI/]: [EMI] Untranslated tag #forge:high_octane_gasoline
[10mai.2026 15:10:00.887] [Thread-15/ERROR] [EMI/]: [EMI] Untranslated tag #forge:hsla_steel
[10mai.2026 15:10:00.887] [Thread-15/ERROR] [EMI/]: [EMI] Untranslated tag #forge:hsse
[10mai.2026 15:10:00.887] [Thread-15/ERROR] [EMI/]: [EMI] Untranslated tag #forge:hssg
[10mai.2026 15:10:00.887] [Thread-15/ERROR] [EMI/]: [EMI] Untranslated tag #forge:hsss
[10mai.2026 15:10:00.887] [Thread-15/ERROR] [EMI/]: [EMI] Untranslated tag #forge:hydro_cracked_butadiene
[10mai.2026 15:10:00.887] [Thread-15/ERROR] [EMI/]: [EMI] Untranslated tag #forge:hydro_cracked_butane
[10mai.2026 15:10:00.887] [Thread-15/ERROR] [EMI/]: [EMI] Untranslated tag #forge:hydro_cracked_butene
[10mai.2026 15:10:00.887] [Thread-15/ERROR] [EMI/]: [EMI] Untranslated tag #forge:hydro_cracked_ethane
[10mai.2026 15:10:00.887] [Thread-15/ERROR] [EMI/]: [EMI] Untranslated tag #forge:hydro_cracked_ethylene
[10mai.2026 15:10:00.887] [Thread-15/ERROR] [EMI/]: [EMI] Untranslated tag #forge:hydro_cracked_propane
[10mai.2026 15:10:00.887] [Thread-15/ERROR] [EMI/]: [EMI] Untranslated tag #forge:hydro_cracked_propene
[10mai.2026 15:10:00.887] [Thread-15/ERROR] [EMI/]: [EMI] Untranslated tag #forge:hydrochloric_acid
[10mai.2026 15:10:00.887] [Thread-15/ERROR] [EMI/]: [EMI] Untranslated tag #forge:hydrofluoric_acid
[10mai.2026 15:10:00.887] [Thread-15/ERROR] [EMI/]: [EMI] Untranslated tag #forge:hydrogen
[10mai.2026 15:10:00.887] [Thread-15/ERROR] [EMI/]: [EMI] Untranslated tag #forge:hydrogen_cyanide
[10mai.2026 15:10:00.887] [Thread-15/ERROR] [EMI/]: [EMI] Untranslated tag #forge:hydrogen_peroxide
[10mai.2026 15:10:00.887] [Thread-15/ERROR] [EMI/]: [EMI] Untranslated tag #forge:hydrogen_sulfide
[10mai.2026 15:10:00.887] [Thread-15/ERROR] [EMI/]: [EMI] Untranslated tag #forge:hypochlorous_acid
[10mai.2026 15:10:00.887] [Thread-15/ERROR] [EMI/]: [EMI] Untranslated tag #forge:ice
[10mai.2026 15:10:00.887] [Thread-15/ERROR] [EMI/]: [EMI] Untranslated tag #forge:impure_enriched_naquadah_solution
[10mai.2026 15:10:00.887] [Thread-15/ERROR] [EMI/]: [EMI] Untranslated tag #forge:impure_naquadria_solution
[10mai.2026 15:10:00.887] [Thread-15/ERROR] [EMI/]: [EMI] Untranslated tag #forge:incoloy_ma_956
[10mai.2026 15:10:00.887] [Thread-15/ERROR] [EMI/]: [EMI] Untranslated tag #forge:indium
[10mai.2026 15:10:00.887] [Thread-15/ERROR] [EMI/]: [EMI] Untranslated tag #forge:indium_concentrate
[10mai.2026 15:10:00.887] [Thread-15/ERROR] [EMI/]: [EMI] Untranslated tag #forge:indium_gallium_phosphide
[10mai.2026 15:10:00.887] [Thread-15/ERROR] [EMI/]: [EMI] Untranslated tag #forge:indium_tin_barium_titanium_cuprate
[10mai.2026 15:10:00.887] [Thread-15/ERROR] [EMI/]: [EMI] Untranslated tag #forge:invar
[10mai.2026 15:10:00.888] [Thread-15/ERROR] [EMI/]: [EMI] Untranslated tag #forge:iridium
[10mai.2026 15:10:00.888] [Thread-15/ERROR] [EMI/]: [EMI] Untranslated tag #forge:iron
[10mai.2026 15:10:00.888] [Thread-15/ERROR] [EMI/]: [EMI] Untranslated tag #forge:iron_ii_chloride
[10mai.2026 15:10:00.888] [Thread-15/ERROR] [EMI/]: [EMI] Untranslated tag #forge:iron_iii_chloride
[10mai.2026 15:10:00.888] [Thread-15/ERROR] [EMI/]: [EMI] Untranslated tag #forge:iron_plasma
[10mai.2026 15:10:00.888] [Thread-15/ERROR] [EMI/]: [EMI] Untranslated tag #forge:isoprene
[10mai.2026 15:10:00.888] [Thread-15/ERROR] [EMI/]: [EMI] Untranslated tag #forge:kanthal
[10mai.2026 15:10:00.888] [Thread-15/ERROR] [EMI/]: [EMI] Untranslated tag #forge:krypton
[10mai.2026 15:10:00.888] [Thread-15/ERROR] [EMI/]: [EMI] Untranslated tag #forge:lanthanum
[10mai.2026 15:10:00.888] [Thread-15/ERROR] [EMI/]: [EMI] Untranslated tag #forge:lead
[10mai.2026 15:10:00.888] [Thread-15/ERROR] [EMI/]: [EMI] Untranslated tag #forge:lead_zinc_solution
[10mai.2026 15:10:00.888] [Thread-15/ERROR] [EMI/]: [EMI] Untranslated tag #forge:light_blue_dye
[10mai.2026 15:10:00.888] [Thread-15/ERROR] [EMI/]: [EMI] Untranslated tag #forge:light_fuel
[10mai.2026 15:10:00.888] [Thread-15/ERROR] [EMI/]: [EMI] Untranslated tag #forge:light_gray_dye
[10mai.2026 15:10:00.888] [Thread-15/ERROR] [EMI/]: [EMI] Untranslated tag #forge:lightly_hydro_cracked_gas
[10mai.2026 15:10:00.888] [Thread-15/ERROR] [EMI/]: [EMI] Untranslated tag #forge:lightly_hydro_cracked_heavy_fuel
[10mai.2026 15:10:00.888] [Thread-15/ERROR] [EMI/]: [EMI] Untranslated tag #forge:lightly_hydro_cracked_light_fuel
[10mai.2026 15:10:00.888] [Thread-15/ERROR] [EMI/]: [EMI] Untranslated tag #forge:lightly_hydro_cracked_naphtha
[10mai.2026 15:10:00.888] [Thread-15/ERROR] [EMI/]: [EMI] Untranslated tag #forge:lightly_steam_cracked_gas
[10mai.2026 15:10:00.888] [Thread-15/ERROR] [EMI/]: [EMI] Untranslated tag #forge:lightly_steam_cracked_heavy_fuel
[10mai.2026 15:10:00.888] [Thread-15/ERROR] [EMI/]: [EMI] Untranslated tag #forge:lightly_steam_cracked_light_fuel
[10mai.2026 15:10:00.888] [Thread-15/ERROR] [EMI/]: [EMI] Untranslated tag #forge:lightly_steam_cracked_naphtha
[10mai.2026 15:10:00.888] [Thread-15/ERROR] [EMI/]: [EMI] Untranslated tag #forge:lime_dye
[10mai.2026 15:10:00.888] [Thread-15/ERROR] [EMI/]: [EMI] Untranslated tag #forge:liquid
[10mai.2026 15:10:00.888] [Thread-15/ERROR] [EMI/]: [EMI] Untranslated tag #forge:liquid_air
[10mai.2026 15:10:00.888] [Thread-15/ERROR] [EMI/]: [EMI] Untranslated tag #forge:liquid_ender_air
[10mai.2026 15:10:00.888] [Thread-15/ERROR] [EMI/]: [EMI] Untranslated tag #forge:liquid_helium
[10mai.2026 15:10:00.888] [Thread-15/ERROR] [EMI/]: [EMI] Untranslated tag #forge:liquid_nether_air
[10mai.2026 15:10:00.888] [Thread-15/ERROR] [EMI/]: [EMI] Untranslated tag #forge:liquid_oxygen
[10mai.2026 15:10:00.888] [Thread-15/ERROR] [EMI/]: [EMI] Untranslated tag #forge:lithium
[10mai.2026 15:10:00.888] [Thread-15/ERROR] [EMI/]: [EMI] Untranslated tag #forge:lpg
[10mai.2026 15:10:00.888] [Thread-15/ERROR] [EMI/]: [EMI] Untranslated tag #forge:lubricant
[10mai.2026 15:10:00.888] [Thread-15/ERROR] [EMI/]: [EMI] Untranslated tag #forge:lutetium
[10mai.2026 15:10:00.888] [Thread-15/ERROR] [EMI/]: [EMI] Untranslated tag #forge:magenta_dye
[10mai.2026 15:10:00.888] [Thread-15/ERROR] [EMI/]: [EMI] Untranslated tag #forge:magnalium
[10mai.2026 15:10:00.888] [Thread-15/ERROR] [EMI/]: [EMI] Untranslated tag #forge:magnesium
[10mai.2026 15:10:00.888] [Thread-15/ERROR] [EMI/]: [EMI] Untranslated tag #forge:magnesium_diboride
[10mai.2026 15:10:00.888] [Thread-15/ERROR] [EMI/]: [EMI] Untranslated tag #forge:manganese
[10mai.2026 15:10:00.888] [Thread-15/ERROR] [EMI/]: [EMI] Untranslated tag #forge:manganese_phosphide
[10mai.2026 15:10:00.888] [Thread-15/ERROR] [EMI/]: [EMI] Untranslated tag #forge:maraging_steel_300
[10mai.2026 15:10:00.888] [Thread-15/ERROR] [EMI/]: [EMI] Untranslated tag #forge:mc_guffium_239
[10mai.2026 15:10:00.888] [Thread-15/ERROR] [EMI/]: [EMI] Untranslated tag #forge:mercury
[10mai.2026 15:10:00.888] [Thread-15/ERROR] [EMI/]: [EMI] Untranslated tag #forge:mercury_barium_calcium_cuprate
[10mai.2026 15:10:00.888] [Thread-15/ERROR] [EMI/]: [EMI] Untranslated tag #forge:methane
[10mai.2026 15:10:00.888] [Thread-15/ERROR] [EMI/]: [EMI] Untranslated tag #forge:methanol
[10mai.2026 15:10:00.888] [Thread-15/ERROR] [EMI/]: [EMI] Untranslated tag #forge:methyl_acetate
[10mai.2026 15:10:00.888] [Thread-15/ERROR] [EMI/]: [EMI] Untranslated tag #forge:molten
[10mai.2026 15:10:00.888] [Thread-15/ERROR] [EMI/]: [EMI] Untranslated tag #forge:molten_bismuth_bronze
[10mai.2026 15:10:00.888] [Thread-15/ERROR] [EMI/]: [EMI] Untranslated tag #forge:molten_black_bronze
[10mai.2026 15:10:00.888] [Thread-15/ERROR] [EMI/]: [EMI] Untranslated tag #forge:molten_black_steel
[10mai.2026 15:10:00.888] [Thread-15/ERROR] [EMI/]: [EMI] Untranslated tag #forge:molten_blue_steel
[10mai.2026 15:10:00.888] [Thread-15/ERROR] [EMI/]: [EMI] Untranslated tag #forge:molten_enriched_naquadah_trinium_europium_duranide
[10mai.2026 15:10:00.888] [Thread-15/ERROR] [EMI/]: [EMI] Untranslated tag #forge:molten_gallium_arsenide
[10mai.2026 15:10:00.888] [Thread-15/ERROR] [EMI/]: [EMI] Untranslated tag #forge:molten_hastelloy_c_276
[10mai.2026 15:10:00.888] [Thread-15/ERROR] [EMI/]: [EMI] Untranslated tag #forge:molten_hastelloy_x
[10mai.2026 15:10:00.888] [Thread-15/ERROR] [EMI/]: [EMI] Untranslated tag #forge:molten_hsla_steel
[10mai.2026 15:10:00.888] [Thread-15/ERROR] [EMI/]: [EMI] Untranslated tag #forge:molten_hsse
[10mai.2026 15:10:00.888] [Thread-15/ERROR] [EMI/]: [EMI] Untranslated tag #forge:molten_hssg
[10mai.2026 15:10:00.888] [Thread-15/ERROR] [EMI/]: [EMI] Untranslated tag #forge:molten_hsss
[10mai.2026 15:10:00.888] [Thread-15/ERROR] [EMI/]: [EMI] Untranslated tag #forge:molten_incoloy_ma_956
[10mai.2026 15:10:00.889] [Thread-15/ERROR] [EMI/]: [EMI] Untranslated tag #forge:molten_indium_tin_barium_titanium_cuprate
[10mai.2026 15:10:00.889] [Thread-15/ERROR] [EMI/]: [EMI] Untranslated tag #forge:molten_kanthal
[10mai.2026 15:10:00.889] [Thread-15/ERROR] [EMI/]: [EMI] Untranslated tag #forge:molten_magnesium_diboride
[10mai.2026 15:10:00.889] [Thread-15/ERROR] [EMI/]: [EMI] Untranslated tag #forge:molten_manganese_phosphide
[10mai.2026 15:10:00.889] [Thread-15/ERROR] [EMI/]: [EMI] Untranslated tag #forge:molten_maraging_steel_300
[10mai.2026 15:10:00.889] [Thread-15/ERROR] [EMI/]: [EMI] Untranslated tag #forge:molten_mercury_barium_calcium_cuprate
[10mai.2026 15:10:00.889] [Thread-15/ERROR] [EMI/]: [EMI] Untranslated tag #forge:molten_molybdenum_disilicide
[10mai.2026 15:10:00.889] [Thread-15/ERROR] [EMI/]: [EMI] Untranslated tag #forge:molten_naquadah_alloy
[10mai.2026 15:10:00.889] [Thread-15/ERROR] [EMI/]: [EMI] Untranslated tag #forge:molten_nichrome
[10mai.2026 15:10:00.889] [Thread-15/ERROR] [EMI/]: [EMI] Untranslated tag #forge:molten_niobium_nitride
[10mai.2026 15:10:00.889] [Thread-15/ERROR] [EMI/]: [EMI] Untranslated tag #forge:molten_niobium_titanium
[10mai.2026 15:10:00.889] [Thread-15/ERROR] [EMI/]: [EMI] Untranslated tag #forge:molten_osmiridium
[10mai.2026 15:10:00.889] [Thread-15/ERROR] [EMI/]: [EMI] Untranslated tag #forge:molten_red_steel
[10mai.2026 15:10:00.889] [Thread-15/ERROR] [EMI/]: [EMI] Untranslated tag #forge:molten_rhodium_plated_palladium
[10mai.2026 15:10:00.889] [Thread-15/ERROR] [EMI/]: [EMI] Untranslated tag #forge:molten_rose_gold
[10mai.2026 15:10:00.889] [Thread-15/ERROR] [EMI/]: [EMI] Untranslated tag #forge:molten_rtm_alloy
[10mai.2026 15:10:00.889] [Thread-15/ERROR] [EMI/]: [EMI] Untranslated tag #forge:molten_ruridit
[10mai.2026 15:10:00.889] [Thread-15/ERROR] [EMI/]: [EMI] Untranslated tag #forge:molten_ruthenium_trinium_americium_neutronate
[10mai.2026 15:10:00.889] [Thread-15/ERROR] [EMI/]: [EMI] Untranslated tag #forge:molten_samarium_iron_arsenic_oxide
[10mai.2026 15:10:00.889] [Thread-15/ERROR] [EMI/]: [EMI] Untranslated tag #forge:molten_stainless_steel
[10mai.2026 15:10:00.889] [Thread-15/ERROR] [EMI/]: [EMI] Untranslated tag #forge:molten_stellite_100
[10mai.2026 15:10:00.889] [Thread-15/ERROR] [EMI/]: [EMI] Untranslated tag #forge:molten_sterling_silver
[10mai.2026 15:10:00.889] [Thread-15/ERROR] [EMI/]: [EMI] Untranslated tag #forge:molten_tantalum_carbide
[10mai.2026 15:10:00.889] [Thread-15/ERROR] [EMI/]: [EMI] Untranslated tag #forge:molten_titanium_carbide
[10mai.2026 15:10:00.889] [Thread-15/ERROR] [EMI/]: [EMI] Untranslated tag #forge:molten_titanium_tungsten_carbide
[10mai.2026 15:10:00.889] [Thread-15/ERROR] [EMI/]: [EMI] Untranslated tag #forge:molten_tungsten_carbide
[10mai.2026 15:10:00.889] [Thread-15/ERROR] [EMI/]: [EMI] Untranslated tag #forge:molten_tungsten_steel
[10mai.2026 15:10:00.889] [Thread-15/ERROR] [EMI/]: [EMI] Untranslated tag #forge:molten_ultimet
[10mai.2026 15:10:00.889] [Thread-15/ERROR] [EMI/]: [EMI] Untranslated tag #forge:molten_uranium_rhodium_dinaquadide
[10mai.2026 15:10:00.889] [Thread-15/ERROR] [EMI/]: [EMI] Untranslated tag #forge:molten_uranium_triplatinum
[10mai.2026 15:10:00.889] [Thread-15/ERROR] [EMI/]: [EMI] Untranslated tag #forge:molten_vanadium_gallium
[10mai.2026 15:10:00.889] [Thread-15/ERROR] [EMI/]: [EMI] Untranslated tag #forge:molten_vanadium_steel
[10mai.2026 15:10:00.889] [Thread-15/ERROR] [EMI/]: [EMI] Untranslated tag #forge:molten_watertight_steel
[10mai.2026 15:10:00.889] [Thread-15/ERROR] [EMI/]: [EMI] Untranslated tag #forge:molten_yttrium_barium_cuprate
[10mai.2026 15:10:00.889] [Thread-15/ERROR] [EMI/]: [EMI] Untranslated tag #forge:molten_zeron_100
[10mai.2026 15:10:00.889] [Thread-15/ERROR] [EMI/]: [EMI] Untranslated tag #forge:molybdenum
[10mai.2026 15:10:00.889] [Thread-15/ERROR] [EMI/]: [EMI] Untranslated tag #forge:molybdenum_disilicide
[10mai.2026 15:10:00.889] [Thread-15/ERROR] [EMI/]: [EMI] Untranslated tag #forge:monochloramine
[10mai.2026 15:10:00.889] [Thread-15/ERROR] [EMI/]: [EMI] Untranslated tag #forge:mutagen
[10mai.2026 15:10:00.889] [Thread-15/ERROR] [EMI/]: [EMI] Untranslated tag #forge:naphtha
[10mai.2026 15:10:00.889] [Thread-15/ERROR] [EMI/]: [EMI] Untranslated tag #forge:naphthalene
[10mai.2026 15:10:00.889] [Thread-15/ERROR] [EMI/]: [EMI] Untranslated tag #forge:naquadah
[10mai.2026 15:10:00.889] [Thread-15/ERROR] [EMI/]: [EMI] Untranslated tag #forge:naquadah_alloy
[10mai.2026 15:10:00.889] [Thread-15/ERROR] [EMI/]: [EMI] Untranslated tag #forge:naquadria
[10mai.2026 15:10:00.889] [Thread-15/ERROR] [EMI/]: [EMI] Untranslated tag #forge:naquadria_solution
[10mai.2026 15:10:00.889] [Thread-15/ERROR] [EMI/]: [EMI] Untranslated tag #forge:naquadria_waste
[10mai.2026 15:10:00.889] [Thread-15/ERROR] [EMI/]: [EMI] Untranslated tag #forge:natural_gas
[10mai.2026 15:10:00.889] [Thread-15/ERROR] [EMI/]: [EMI] Untranslated tag #forge:neodymium
[10mai.2026 15:10:00.889] [Thread-15/ERROR] [EMI/]: [EMI] Untranslated tag #forge:neon
[10mai.2026 15:10:00.889] [Thread-15/ERROR] [EMI/]: [EMI] Untranslated tag #forge:nether_air
[10mai.2026 15:10:00.889] [Thread-15/ERROR] [EMI/]: [EMI] Untranslated tag #forge:neutronium
[10mai.2026 15:10:00.889] [Thread-15/ERROR] [EMI/]: [EMI] Untranslated tag #forge:nichrome
[10mai.2026 15:10:00.889] [Thread-15/ERROR] [EMI/]: [EMI] Untranslated tag #forge:nickel
[10mai.2026 15:10:00.889] [Thread-15/ERROR] [EMI/]: [EMI] Untranslated tag #forge:nickel_plasma
[10mai.2026 15:10:00.889] [Thread-15/ERROR] [EMI/]: [EMI] Untranslated tag #forge:nickel_zinc_ferrite
[10mai.2026 15:10:00.889] [Thread-15/ERROR] [EMI/]: [EMI] Untranslated tag #forge:niobium
[10mai.2026 15:10:00.889] [Thread-15/ERROR] [EMI/]: [EMI] Untranslated tag #forge:niobium_nitride
[10mai.2026 15:10:00.890] [Thread-15/ERROR] [EMI/]: [EMI] Untranslated tag #forge:niobium_titanium
[10mai.2026 15:10:00.890] [Thread-15/ERROR] [EMI/]: [EMI] Untranslated tag #forge:nitration_mixture
[10mai.2026 15:10:00.890] [Thread-15/ERROR] [EMI/]: [EMI] Untranslated tag #forge:nitric_acid
[10mai.2026 15:10:00.890] [Thread-15/ERROR] [EMI/]: [EMI] Untranslated tag #forge:nitric_oxide
[10mai.2026 15:10:00.890] [Thread-15/ERROR] [EMI/]: [EMI] Untranslated tag #forge:nitrobenzene
[10mai.2026 15:10:00.890] [Thread-15/ERROR] [EMI/]: [EMI] Untranslated tag #forge:nitrochlorobenzene
[10mai.2026 15:10:00.890] [Thread-15/ERROR] [EMI/]: [EMI] Untranslated tag #forge:nitrogen
[10mai.2026 15:10:00.890] [Thread-15/ERROR] [EMI/]: [EMI] Untranslated tag #forge:nitrogen_dioxide
[10mai.2026 15:10:00.890] [Thread-15/ERROR] [EMI/]: [EMI] Untranslated tag #forge:nitrogen_plasma
[10mai.2026 15:10:00.890] [Thread-15/ERROR] [EMI/]: [EMI] Untranslated tag #forge:nitrosyl_chloride
[10mai.2026 15:10:00.890] [Thread-15/ERROR] [EMI/]: [EMI] Untranslated tag #forge:nitrous_oxide
[10mai.2026 15:10:00.890] [Thread-15/ERROR] [EMI/]: [EMI] Untranslated tag #forge:octane
[10mai.2026 15:10:00.890] [Thread-15/ERROR] [EMI/]: [EMI] Untranslated tag #forge:oil
[10mai.2026 15:10:00.890] [Thread-15/ERROR] [EMI/]: [EMI] Untranslated tag #forge:oil_heavy
[10mai.2026 15:10:00.890] [Thread-15/ERROR] [EMI/]: [EMI] Untranslated tag #forge:oil_light
[10mai.2026 15:10:00.890] [Thread-15/ERROR] [EMI/]: [EMI] Untranslated tag #forge:oil_medium
[10mai.2026 15:10:00.890] [Thread-15/ERROR] [EMI/]: [EMI] Untranslated tag #forge:orange_dye
[10mai.2026 15:10:00.890] [Thread-15/ERROR] [EMI/]: [EMI] Untranslated tag #forge:osmiridium
[10mai.2026 15:10:00.890] [Thread-15/ERROR] [EMI/]: [EMI] Untranslated tag #forge:osmium
[10mai.2026 15:10:00.890] [Thread-15/ERROR] [EMI/]: [EMI] Untranslated tag #forge:oxygen
[10mai.2026 15:10:00.890] [Thread-15/ERROR] [EMI/]: [EMI] Untranslated tag #forge:oxygen_plasma
[10mai.2026 15:10:00.890] [Thread-15/ERROR] [EMI/]: [EMI] Untranslated tag #forge:palladium
[10mai.2026 15:10:00.890] [Thread-15/ERROR] [EMI/]: [EMI] Untranslated tag #forge:pcb_coolant
[10mai.2026 15:10:00.890] [Thread-15/ERROR] [EMI/]: [EMI] Untranslated tag #forge:phenol
[10mai.2026 15:10:00.890] [Thread-15/ERROR] [EMI/]: [EMI] Untranslated tag #forge:phosphoric_acid
[10mai.2026 15:10:00.890] [Thread-15/ERROR] [EMI/]: [EMI] Untranslated tag #forge:phthalic_acid
[10mai.2026 15:10:00.890] [Thread-15/ERROR] [EMI/]: [EMI] Untranslated tag #forge:pink_dye
[10mai.2026 15:10:00.890] [Thread-15/ERROR] [EMI/]: [EMI] Untranslated tag #forge:plasmatic
[10mai.2026 15:10:00.890] [Thread-15/ERROR] [EMI/]: [EMI] Untranslated tag #forge:platinum
[10mai.2026 15:10:00.890] [Thread-15/ERROR] [EMI/]: [EMI] Untranslated tag #forge:plutonium
[10mai.2026 15:10:00.890] [Thread-15/ERROR] [EMI/]: [EMI] Untranslated tag #forge:plutonium_241
[10mai.2026 15:10:00.890] [Thread-15/ERROR] [EMI/]: [EMI] Untranslated tag #forge:polybenzimidazole
[10mai.2026 15:10:00.890] [Thread-15/ERROR] [EMI/]: [EMI] Untranslated tag #forge:polycaprolactam
[10mai.2026 15:10:00.890] [Thread-15/ERROR] [EMI/]: [EMI] Untranslated tag #forge:polychlorinated_biphenyl
[10mai.2026 15:10:00.890] [Thread-15/ERROR] [EMI/]: [EMI] Untranslated tag #forge:polyethylene
[10mai.2026 15:10:00.890] [Thread-15/ERROR] [EMI/]: [EMI] Untranslated tag #forge:polyphenylene_sulfide
[10mai.2026 15:10:00.890] [Thread-15/ERROR] [EMI/]: [EMI] Untranslated tag #forge:polytetrafluoroethylene
[10mai.2026 15:10:00.890] [Thread-15/ERROR] [EMI/]: [EMI] Untranslated tag #forge:polyvinyl_acetate
[10mai.2026 15:10:00.890] [Thread-15/ERROR] [EMI/]: [EMI] Untranslated tag #forge:polyvinyl_butyral
[10mai.2026 15:10:00.890] [Thread-15/ERROR] [EMI/]: [EMI] Untranslated tag #forge:polyvinyl_chloride
[10mai.2026 15:10:00.890] [Thread-15/ERROR] [EMI/]: [EMI] Untranslated tag #forge:potassium
[10mai.2026 15:10:00.890] [Thread-15/ERROR] [EMI/]: [EMI] Untranslated tag #forge:potin
[10mai.2026 15:10:00.890] [Thread-15/ERROR] [EMI/]: [EMI] Untranslated tag #forge:potion
[10mai.2026 15:10:00.890] [Thread-15/ERROR] [EMI/]: [EMI] Untranslated tag #forge:propane
[10mai.2026 15:10:00.890] [Thread-15/ERROR] [EMI/]: [EMI] Untranslated tag #forge:propene
[10mai.2026 15:10:00.890] [Thread-15/ERROR] [EMI/]: [EMI] Untranslated tag #forge:purple_dye
[10mai.2026 15:10:00.890] [Thread-15/ERROR] [EMI/]: [EMI] Untranslated tag #forge:radon
[10mai.2026 15:10:00.890] [Thread-15/ERROR] [EMI/]: [EMI] Untranslated tag #forge:raw_gasoline
[10mai.2026 15:10:00.890] [Thread-15/ERROR] [EMI/]: [EMI] Untranslated tag #forge:raw_growth_medium
[10mai.2026 15:10:00.890] [Thread-15/ERROR] [EMI/]: [EMI] Untranslated tag #forge:red_alloy
[10mai.2026 15:10:00.890] [Thread-15/ERROR] [EMI/]: [EMI] Untranslated tag #forge:red_dye
[10mai.2026 15:10:00.890] [Thread-15/ERROR] [EMI/]: [EMI] Untranslated tag #forge:red_steel
[10mai.2026 15:10:00.890] [Thread-15/ERROR] [EMI/]: [EMI] Untranslated tag #forge:redstone
[10mai.2026 15:10:00.890] [Thread-15/ERROR] [EMI/]: [EMI] Untranslated tag #forge:refinery_gas
[10mai.2026 15:10:00.890] [Thread-15/ERROR] [EMI/]: [EMI] Untranslated tag #forge:reinforced_epoxy_resin
[10mai.2026 15:10:00.890] [Thread-15/ERROR] [EMI/]: [EMI] Untranslated tag #forge:rhodium
[10mai.2026 15:10:00.890] [Thread-15/ERROR] [EMI/]: [EMI] Untranslated tag #forge:rhodium_plated_palladium
[10mai.2026 15:10:00.890] [Thread-15/ERROR] [EMI/]: [EMI] Untranslated tag #forge:rhodium_sulfate
[10mai.2026 15:10:00.890] [Thread-15/ERROR] [EMI/]: [EMI] Untranslated tag #forge:rocket_fuel
[10mai.2026 15:10:00.891] [Thread-15/ERROR] [EMI/]: [EMI] Untranslated tag #forge:rose_gold
[10mai.2026 15:10:00.891] [Thread-15/ERROR] [EMI/]: [EMI] Untranslated tag #forge:rtm_alloy
[10mai.2026 15:10:00.891] [Thread-15/ERROR] [EMI/]: [EMI] Untranslated tag #forge:rubber
[10mai.2026 15:10:00.891] [Thread-15/ERROR] [EMI/]: [EMI] Untranslated tag #forge:ruby_slurry
[10mai.2026 15:10:00.891] [Thread-15/ERROR] [EMI/]: [EMI] Untranslated tag #forge:ruridit
[10mai.2026 15:10:00.891] [Thread-15/ERROR] [EMI/]: [EMI] Untranslated tag #forge:ruthenium
[10mai.2026 15:10:00.891] [Thread-15/ERROR] [EMI/]: [EMI] Untranslated tag #forge:ruthenium_trinium_americium_neutronate
[10mai.2026 15:10:00.891] [Thread-15/ERROR] [EMI/]: [EMI] Untranslated tag #forge:salt_water
[10mai.2026 15:10:00.891] [Thread-15/ERROR] [EMI/]: [EMI] Untranslated tag #forge:samarium
[10mai.2026 15:10:00.891] [Thread-15/ERROR] [EMI/]: [EMI] Untranslated tag #forge:samarium_iron_arsenic_oxide
[10mai.2026 15:10:00.891] [Thread-15/ERROR] [EMI/]: [EMI] Untranslated tag #forge:sapphire_slurry
[10mai.2026 15:10:00.891] [Thread-15/ERROR] [EMI/]: [EMI] Untranslated tag #forge:seed_oil
[10mai.2026 15:10:00.891] [Thread-15/ERROR] [EMI/]: [EMI] Untranslated tag #forge:severely_hydro_cracked_gas
[10mai.2026 15:10:00.891] [Thread-15/ERROR] [EMI/]: [EMI] Untranslated tag #forge:severely_hydro_cracked_heavy_fuel
[10mai.2026 15:10:00.891] [Thread-15/ERROR] [EMI/]: [EMI] Untranslated tag #forge:severely_hydro_cracked_light_fuel
[10mai.2026 15:10:00.891] [Thread-15/ERROR] [EMI/]: [EMI] Untranslated tag #forge:severely_hydro_cracked_naphtha
[10mai.2026 15:10:00.891] [Thread-15/ERROR] [EMI/]: [EMI] Untranslated tag #forge:severely_steam_cracked_gas
[10mai.2026 15:10:00.891] [Thread-15/ERROR] [EMI/]: [EMI] Untranslated tag #forge:severely_steam_cracked_heavy_fuel
[10mai.2026 15:10:00.891] [Thread-15/ERROR] [EMI/]: [EMI] Untranslated tag #forge:severely_steam_cracked_light_fuel
[10mai.2026 15:10:00.891] [Thread-15/ERROR] [EMI/]: [EMI] Untranslated tag #forge:severely_steam_cracked_naphtha
[10mai.2026 15:10:00.891] [Thread-15/ERROR] [EMI/]: [EMI] Untranslated tag #forge:silicon
[10mai.2026 15:10:00.891] [Thread-15/ERROR] [EMI/]: [EMI] Untranslated tag #forge:silicone_rubber
[10mai.2026 15:10:00.891] [Thread-15/ERROR] [EMI/]: [EMI] Untranslated tag #forge:silver
[10mai.2026 15:10:00.891] [Thread-15/ERROR] [EMI/]: [EMI] Untranslated tag #forge:sodium_persulfate
[10mai.2026 15:10:00.891] [Thread-15/ERROR] [EMI/]: [EMI] Untranslated tag #forge:sodium_potassium
[10mai.2026 15:10:00.891] [Thread-15/ERROR] [EMI/]: [EMI] Untranslated tag #forge:soldering_alloy
[10mai.2026 15:10:00.891] [Thread-15/ERROR] [EMI/]: [EMI] Untranslated tag #forge:stainless_steel
[10mai.2026 15:10:00.891] [Thread-15/ERROR] [EMI/]: [EMI] Untranslated tag #forge:steam
[10mai.2026 15:10:00.891] [Thread-15/ERROR] [EMI/]: [EMI] Untranslated tag #forge:steam_cracked_butadiene
[10mai.2026 15:10:00.891] [Thread-15/ERROR] [EMI/]: [EMI] Untranslated tag #forge:steam_cracked_butane
[10mai.2026 15:10:00.891] [Thread-15/ERROR] [EMI/]: [EMI] Untranslated tag #forge:steam_cracked_butene
[10mai.2026 15:10:00.891] [Thread-15/ERROR] [EMI/]: [EMI] Untranslated tag #forge:steam_cracked_ethane
[10mai.2026 15:10:00.891] [Thread-15/ERROR] [EMI/]: [EMI] Untranslated tag #forge:steam_cracked_ethylene
[10mai.2026 15:10:00.891] [Thread-15/ERROR] [EMI/]: [EMI] Untranslated tag #forge:steam_cracked_propane
[10mai.2026 15:10:00.891] [Thread-15/ERROR] [EMI/]: [EMI] Untranslated tag #forge:steam_cracked_propene
[10mai.2026 15:10:00.891] [Thread-15/ERROR] [EMI/]: [EMI] Untranslated tag #forge:steel
[10mai.2026 15:10:00.891] [Thread-15/ERROR] [EMI/]: [EMI] Untranslated tag #forge:stellite_100
[10mai.2026 15:10:00.891] [Thread-15/ERROR] [EMI/]: [EMI] Untranslated tag #forge:sterilized_growth_medium
[10mai.2026 15:10:00.891] [Thread-15/ERROR] [EMI/]: [EMI] Untranslated tag #forge:sterling_silver
[10mai.2026 15:10:00.891] [Thread-15/ERROR] [EMI/]: [EMI] Untranslated tag #forge:styrene
[10mai.2026 15:10:00.891] [Thread-15/ERROR] [EMI/]: [EMI] Untranslated tag #forge:styrene_butadiene_rubber
[10mai.2026 15:10:00.891] [Thread-15/ERROR] [EMI/]: [EMI] Untranslated tag #forge:sulfur_dioxide
[10mai.2026 15:10:00.891] [Thread-15/ERROR] [EMI/]: [EMI] Untranslated tag #forge:sulfur_trioxide
[10mai.2026 15:10:00.891] [Thread-15/ERROR] [EMI/]: [EMI] Untranslated tag #forge:sulfuric_acid
[10mai.2026 15:10:00.891] [Thread-15/ERROR] [EMI/]: [EMI] Untranslated tag #forge:sulfuric_copper_solution
[10mai.2026 15:10:00.891] [Thread-15/ERROR] [EMI/]: [EMI] Untranslated tag #forge:sulfuric_gas
[10mai.2026 15:10:00.891] [Thread-15/ERROR] [EMI/]: [EMI] Untranslated tag #forge:sulfuric_heavy_fuel
[10mai.2026 15:10:00.891] [Thread-15/ERROR] [EMI/]: [EMI] Untranslated tag #forge:sulfuric_light_fuel
[10mai.2026 15:10:00.891] [Thread-15/ERROR] [EMI/]: [EMI] Untranslated tag #forge:sulfuric_naphtha
[10mai.2026 15:10:00.891] [Thread-15/ERROR] [EMI/]: [EMI] Untranslated tag #forge:sulfuric_nickel_solution
[10mai.2026 15:10:00.891] [Thread-15/ERROR] [EMI/]: [EMI] Untranslated tag #forge:tantalum
[10mai.2026 15:10:00.891] [Thread-15/ERROR] [EMI/]: [EMI] Untranslated tag #forge:tantalum_carbide
[10mai.2026 15:10:00.891] [Thread-15/ERROR] [EMI/]: [EMI] Untranslated tag #forge:tetrafluoroethylene
[10mai.2026 15:10:00.891] [Thread-15/ERROR] [EMI/]: [EMI] Untranslated tag #forge:tetranitromethane
[10mai.2026 15:10:00.891] [Thread-15/ERROR] [EMI/]: [EMI] Untranslated tag #forge:thorium
[10mai.2026 15:10:00.891] [Thread-15/ERROR] [EMI/]: [EMI] Untranslated tag #forge:tin
[10mai.2026 15:10:00.891] [Thread-15/ERROR] [EMI/]: [EMI] Untranslated tag #forge:tin_alloy
[10mai.2026 15:10:00.891] [Thread-15/ERROR] [EMI/]: [EMI] Untranslated tag #forge:tin_plasma
[10mai.2026 15:10:00.891] [Thread-15/ERROR] [EMI/]: [EMI] Untranslated tag #forge:titanium
[10mai.2026 15:10:00.891] [Thread-15/ERROR] [EMI/]: [EMI] Untranslated tag #forge:titanium_carbide
[10mai.2026 15:10:00.892] [Thread-15/ERROR] [EMI/]: [EMI] Untranslated tag #forge:titanium_tetrachloride
[10mai.2026 15:10:00.892] [Thread-15/ERROR] [EMI/]: [EMI] Untranslated tag #forge:titanium_tungsten_carbide
[10mai.2026 15:10:00.892] [Thread-15/ERROR] [EMI/]: [EMI] Untranslated tag #forge:toluene
[10mai.2026 15:10:00.892] [Thread-15/ERROR] [EMI/]: [EMI] Untranslated tag #forge:trinium
[10mai.2026 15:10:00.892] [Thread-15/ERROR] [EMI/]: [EMI] Untranslated tag #forge:tritanium
[10mai.2026 15:10:00.892] [Thread-15/ERROR] [EMI/]: [EMI] Untranslated tag #forge:tritium
[10mai.2026 15:10:00.892] [Thread-15/ERROR] [EMI/]: [EMI] Untranslated tag #forge:tungsten
[10mai.2026 15:10:00.892] [Thread-15/ERROR] [EMI/]: [EMI] Untranslated tag #forge:tungsten_carbide
[10mai.2026 15:10:00.892] [Thread-15/ERROR] [EMI/]: [EMI] Untranslated tag #forge:tungsten_steel
[10mai.2026 15:10:00.892] [Thread-15/ERROR] [EMI/]: [EMI] Untranslated tag #forge:ultimet
[10mai.2026 15:10:00.892] [Thread-15/ERROR] [EMI/]: [EMI] Untranslated tag #forge:uranium
[10mai.2026 15:10:00.892] [Thread-15/ERROR] [EMI/]: [EMI] Untranslated tag #forge:uranium_235
[10mai.2026 15:10:00.892] [Thread-15/ERROR] [EMI/]: [EMI] Untranslated tag #forge:uranium_hexafluoride
[10mai.2026 15:10:00.892] [Thread-15/ERROR] [EMI/]: [EMI] Untranslated tag #forge:uranium_rhodium_dinaquadide
[10mai.2026 15:10:00.892] [Thread-15/ERROR] [EMI/]: [EMI] Untranslated tag #forge:uranium_triplatinum
[10mai.2026 15:10:00.892] [Thread-15/ERROR] [EMI/]: [EMI] Untranslated tag #forge:uu_matter
[10mai.2026 15:10:00.892] [Thread-15/ERROR] [EMI/]: [EMI] Untranslated tag #forge:vanadium
[10mai.2026 15:10:00.892] [Thread-15/ERROR] [EMI/]: [EMI] Untranslated tag #forge:vanadium_gallium
[10mai.2026 15:10:00.892] [Thread-15/ERROR] [EMI/]: [EMI] Untranslated tag #forge:vanadium_steel
[10mai.2026 15:10:00.892] [Thread-15/ERROR] [EMI/]: [EMI] Untranslated tag #forge:vinyl_acetate
[10mai.2026 15:10:00.892] [Thread-15/ERROR] [EMI/]: [EMI] Untranslated tag #forge:vinyl_chloride
[10mai.2026 15:10:00.892] [Thread-15/ERROR] [EMI/]: [EMI] Untranslated tag #forge:watertight_steel
[10mai.2026 15:10:00.892] [Thread-15/ERROR] [EMI/]: [EMI] Untranslated tag #forge:wax
[10mai.2026 15:10:00.892] [Thread-15/ERROR] [EMI/]: [EMI] Untranslated tag #forge:white_dye
[10mai.2026 15:10:00.892] [Thread-15/ERROR] [EMI/]: [EMI] Untranslated tag #forge:wood_gas
[10mai.2026 15:10:00.892] [Thread-15/ERROR] [EMI/]: [EMI] Untranslated tag #forge:wood_tar
[10mai.2026 15:10:00.892] [Thread-15/ERROR] [EMI/]: [EMI] Untranslated tag #forge:wood_vinegar
[10mai.2026 15:10:00.892] [Thread-15/ERROR] [EMI/]: [EMI] Untranslated tag #forge:wrought_iron
[10mai.2026 15:10:00.892] [Thread-15/ERROR] [EMI/]: [EMI] Untranslated tag #forge:xenon
[10mai.2026 15:10:00.892] [Thread-15/ERROR] [EMI/]: [EMI] Untranslated tag #forge:yellow_dye
[10mai.2026 15:10:00.892] [Thread-15/ERROR] [EMI/]: [EMI] Untranslated tag #forge:yttrium
[10mai.2026 15:10:00.892] [Thread-15/ERROR] [EMI/]: [EMI] Untranslated tag #forge:yttrium_barium_cuprate
[10mai.2026 15:10:00.892] [Thread-15/ERROR] [EMI/]: [EMI] Untranslated tag #forge:zeron_100
[10mai.2026 15:10:00.892] [Thread-15/ERROR] [EMI/]: [EMI] Untranslated tag #forge:zinc
[10mai.2026 15:10:00.892] [Thread-15/ERROR] [EMI/]: [EMI] Untranslated tag #gtceu:hpca_coolants
[10mai.2026 15:10:00.892] [Thread-15/ERROR] [EMI/]: [EMI] Untranslated tag #gtceu:lighter_fluids
[10mai.2026 15:10:00.892] [Thread-15/INFO] [EMI/]: [EMI]  Tag warning can be disabled in the config, EMI docs describe how to add a translation or exclude tags.
[10mai.2026 15:10:00.898] [Thread-15/INFO] [EMI/]: [EMI] Constructing index
[10mai.2026 15:10:00.911] [Thread-15/INFO] [EMI/]: [EMI] Reloading item groups on client thread...
[10mai.2026 15:10:00.999] [Render thread/INFO] [mezz.jei.library.load.PluginCaller/]: Registering categories...
[10mai.2026 15:10:01.015] [Render thread/INFO] [mezz.jei.library.load.PluginCaller/]: Registering categories took 16.12 ms
[10mai.2026 15:10:01.016] [Render thread/INFO] [mezz.jei.library.load.PluginCaller/]: Registering vanilla category extensions...
[10mai.2026 15:10:01.019] [Render thread/INFO] [mezz.jei.library.load.PluginCaller/]: Registering vanilla category extensions took 2.327 ms
[10mai.2026 15:10:01.020] [Render thread/INFO] [mezz.jei.library.load.PluginCaller/]: Registering recipe catalysts...
[10mai.2026 15:10:01.020] [Render thread/INFO] [mezz.jei.library.load.PluginCaller/]: Registering recipe catalysts took 244.8 μs
[10mai.2026 15:10:01.020] [Render thread/INFO] [mezz.jei.core.util.LoggedTimer/]: Building recipe registry...
[10mai.2026 15:10:01.130] [Render thread/INFO] [mezz.jei.core.util.LoggedTimer/]: Building recipe registry took 109.3 ms
[10mai.2026 15:10:01.130] [Render thread/INFO] [mezz.jei.library.load.PluginCaller/]: Registering advanced plugins...
[10mai.2026 15:10:01.131] [Render thread/INFO] [mezz.jei.library.load.PluginCaller/]: Registering advanced plugins took 276.0 μs
[10mai.2026 15:10:01.131] [Render thread/INFO] [mezz.jei.library.load.PluginCaller/]: Registering recipes...
[10mai.2026 15:10:01.405] [Render thread/INFO] [mezz.jei.library.load.PluginCallerTimerRunnable/]: Registering recipes: jei:internal took 274.3 milliseconds
[10mai.2026 15:10:01.406] [Render thread/INFO] [mezz.jei.library.load.PluginCaller/]: Registering recipes took 274.6 ms
[10mai.2026 15:10:01.413] [Render thread/INFO] [mezz.jei.library.load.PluginCaller/]: Registering recipes transfer handlers...
[10mai.2026 15:10:01.414] [Render thread/INFO] [mezz.jei.library.load.PluginCaller/]: Registering recipes transfer handlers took 290.6 μs
[10mai.2026 15:10:01.414] [Render thread/INFO] [mezz.jei.core.util.LoggedTimer/]: Building runtime...
[10mai.2026 15:10:01.417] [Render thread/INFO] [mezz.jei.library.load.PluginCaller/]: Registering gui handlers...
[10mai.2026 15:10:01.418] [Render thread/INFO] [mezz.jei.library.load.PluginCaller/]: Registering gui handlers took 323.0 μs
[10mai.2026 15:10:01.419] [Render thread/INFO] [mezz.jei.library.load.PluginCaller/]: Registering Runtime...
[10mai.2026 15:10:01.421] [Render thread/INFO] [mezz.jei.library.load.PluginCaller/]: Registering Runtime took 1.277 ms
[10mai.2026 15:10:01.421] [Render thread/INFO] [mezz.jei.core.util.LoggedTimer/]: Building runtime took 7.350 ms
[10mai.2026 15:10:01.421] [Render thread/INFO] [mezz.jei.library.load.PluginCaller/]: Sending Runtime...
[10mai.2026 15:10:01.421] [Render thread/INFO] [mezz.jei.library.load.PluginCaller/]: Sending Runtime took 256.4 μs
[10mai.2026 15:10:01.421] [Render thread/INFO] [mezz.jei.core.util.LoggedTimer/]: Starting JEI took 736.8 ms
[10mai.2026 15:10:01.421] [Render thread/INFO] [EMI/]: [EMI] Recipes synchronized, waiting for tags to reload EMI...
[10mai.2026 15:10:01.537] [Render thread/INFO] [Jade/]: Received config from the server: 
[10mai.2026 15:10:01.869] [Render thread/INFO] [net.minecraft.advancements.AdvancementList/]: Loaded 11 advancements
[10mai.2026 15:10:03.000] [Thread-15/INFO] [EMI/]: [EMI] Reloading item groups on client thread took 2089ms
[10mai.2026 15:10:03.025] [Thread-15/INFO] [EMI/]: [EMI] Loading plugin from emi
[10mai.2026 15:10:04.025] [Server thread/INFO] [net.minecraft.client.server.IntegratedServer/]: Saving and pausing game...
[10mai.2026 15:10:04.318] [Server thread/INFO] [net.minecraft.server.MinecraftServer/]: Saving chunks for level 'ServerLevel[New World]'/minecraft:overworld
[10mai.2026 15:10:04.943] [Server thread/INFO] [net.minecraft.server.MinecraftServer/]: Saving chunks for level 'ServerLevel[New World]'/minecraft:the_nether
[10mai.2026 15:10:04.945] [Server thread/INFO] [net.minecraft.server.MinecraftServer/]: Saving chunks for level 'ServerLevel[New World]'/minecraft:the_end
[10mai.2026 15:10:05.564] [Thread-15/INFO] [EMI/]: [EMI] Reloaded plugin from emi in 2539ms
[10mai.2026 15:10:05.564] [Thread-15/INFO] [EMI/]: [EMI] Loading plugin from ldlib
[10mai.2026 15:10:05.602] [Thread-15/INFO] [EMI/]: [EMI] Reloaded plugin from ldlib in 38ms
[10mai.2026 15:10:05.603] [Thread-15/INFO] [EMI/]: [EMI] Loading plugin from gtceu
[10mai.2026 15:10:11.579] [Thread-15/INFO] [EMI/]: [EMI] Reloaded plugin from gtceu in 5976ms
[10mai.2026 15:10:11.579] [Thread-15/INFO] [EMI/]: [EMI] Loading plugin from jemi
[10mai.2026 15:10:11.579] [Thread-15/INFO] [EMI/]: [EMI] [JEMI] Waiting for JEI to finish reloading...
[10mai.2026 15:10:11.579] [Thread-15/INFO] [EMI/]: [EMI] Waiting for JEI to finish...
[10mai.2026 15:10:11.579] [Thread-15/INFO] [EMI/]: [EMI] [JEMI] JEI reloaded!
[10mai.2026 15:10:11.583] [Thread-15/INFO] [EMI/]: [EMI] Loading information from JEI...
[10mai.2026 15:10:11.583] [Thread-15/INFO] [EMI/]: [EMI] Processing JEI stacks...
[10mai.2026 15:10:11.585] [Thread-15/INFO] [EMI/]: [EMI] Processing JEI subtypes...
[10mai.2026 15:10:11.589] [Thread-15/INFO] [EMI/]: [EMI] Processing JEI recipes...
[10mai.2026 15:10:11.589] [Thread-15/INFO] [EMI/]: [EMI] [JEMI] Collecting data for Crafting
[10mai.2026 15:10:11.589] [Thread-15/INFO] [EMI/]: [EMI] Loading JEI data for Crafting
[10mai.2026 15:10:11.593] [Thread-15/INFO] [EMI/]: [EMI] [JEMI] Collecting data for Anvil
[10mai.2026 15:10:11.593] [Thread-15/INFO] [EMI/]: [EMI] Loading JEI data for Anvil
[10mai.2026 15:10:11.593] [Thread-15/INFO] [EMI/]: [EMI] [JEMI] Collecting data for Blasting
[10mai.2026 15:10:11.593] [Thread-15/INFO] [EMI/]: [EMI] Loading JEI data for Blasting
[10mai.2026 15:10:11.593] [Thread-15/INFO] [EMI/]: [EMI] [JEMI] Collecting data for Brewing
[10mai.2026 15:10:11.593] [Thread-15/INFO] [EMI/]: [EMI] Loading JEI data for Brewing
[10mai.2026 15:10:11.593] [Thread-15/INFO] [EMI/]: [EMI] [JEMI] Collecting data for Campfire Cooking
[10mai.2026 15:10:11.593] [Thread-15/INFO] [EMI/]: [EMI] Loading JEI data for Campfire Cooking
[10mai.2026 15:10:11.593] [Thread-15/INFO] [EMI/]: [EMI] [JEMI] Collecting data for Composting
[10mai.2026 15:10:11.593] [Thread-15/INFO] [EMI/]: [EMI] Loading JEI data for Composting
[10mai.2026 15:10:11.593] [Thread-15/INFO] [EMI/]: [EMI] [JEMI] Collecting data for Fuel
[10mai.2026 15:10:11.593] [Thread-15/INFO] [EMI/]: [EMI] Loading JEI data for Fuel
[10mai.2026 15:10:11.593] [Thread-15/INFO] [EMI/]: [EMI] [JEMI] Collecting data for Smelting
[10mai.2026 15:10:11.593] [Thread-15/INFO] [EMI/]: [EMI] Loading JEI data for Smelting
[10mai.2026 15:10:11.593] [Thread-15/INFO] [EMI/]: [EMI] [JEMI] Collecting data for Smithing Table
[10mai.2026 15:10:11.593] [Thread-15/INFO] [EMI/]: [EMI] Loading JEI data for Smithing Table
[10mai.2026 15:10:11.593] [Thread-15/INFO] [EMI/]: [EMI] [JEMI] Collecting data for Smoking
[10mai.2026 15:10:11.593] [Thread-15/INFO] [EMI/]: [EMI] Loading JEI data for Smoking
[10mai.2026 15:10:11.593] [Thread-15/INFO] [EMI/]: [EMI] [JEMI] Collecting data for Stonecutting
[10mai.2026 15:10:11.593] [Thread-15/INFO] [EMI/]: [EMI] Loading JEI data for Stonecutting
[10mai.2026 15:10:11.593] [Thread-15/INFO] [EMI/]: [EMI] [JEMI] Collecting data for Block Tags
[10mai.2026 15:10:11.593] [Thread-15/INFO] [EMI/]: [EMI] Loading JEI data for Block Tags
[10mai.2026 15:10:11.729] [Thread-15/INFO] [EMI/]: [EMI] [JEMI] Collecting data for Fluid Tags
[10mai.2026 15:10:11.729] [Thread-15/INFO] [EMI/]: [EMI] Loading JEI data for Fluid Tags
[10mai.2026 15:10:11.784] [Thread-15/INFO] [EMI/]: [EMI] [JEMI] Collecting data for Item Tags
[10mai.2026 15:10:11.784] [Thread-15/INFO] [EMI/]: [EMI] Loading JEI data for Item Tags
[10mai.2026 15:10:12.253] [Thread-15/INFO] [EMI/]: [EMI] [JEMI] Collecting data for Information
[10mai.2026 15:10:12.253] [Thread-15/INFO] [EMI/]: [EMI] Loading JEI data for Information
[10mai.2026 15:10:12.254] [Thread-15/INFO] [EMI/]: [EMI] Reloaded plugin from jemi in 675ms
[10mai.2026 15:10:12.254] [Thread-15/INFO] [EMI/]: [EMI] Baking index
[10mai.2026 15:10:12.382] [Thread-15/INFO] [EMI/]: [EMI] Registering late recipes
[10mai.2026 15:10:12.382] [Thread-15/INFO] [EMI/]: [EMI] Baking recipes
[10mai.2026 15:10:12.601] [Thread-15/ERROR] [EMI/]: [EMI] Untranslated recipe category ldlib:modular_ui
[10mai.2026 15:10:13.202] [Thread-15/INFO] [EMI/]: [EMI] Baked 51193 recipes in 819ms
[10mai.2026 15:10:13.252] [Thread-16/ERROR] [EMI/]: [EMI] Untranslated recipe category ldlib:modular_ui
[10mai.2026 15:10:13.295] [Thread-15/INFO] [EMI/]: [EMI] Baking search
[10mai.2026 15:10:13.836] [Thread-16/INFO] [EMI/]: [EMI] Baked recipes after reload in 635ms
[10mai.2026 15:10:14.318] [Thread-15/INFO] [EMI/]: [EMI] Finishing up
[10mai.2026 15:10:14.335] [Thread-15/INFO] [EMI/]: [EMI] Reloaded EMI in 13672ms
[10mai.2026 15:11:40.731] [Render thread/INFO] [net.minecraft.client.gui.components.ChatComponent/]: [System] [CHAT] Saved screenshot as 2026-05-10_15.11.40.png
[10mai.2026 15:14:11.018] [Server thread/INFO] [net.minecraft.client.server.IntegratedServer/]: Saving and pausing game...
[10mai.2026 15:14:11.026] [Server thread/INFO] [net.minecraft.server.MinecraftServer/]: Saving chunks for level 'ServerLevel[New World]'/minecraft:overworld
[10mai.2026 15:14:11.031] [Server thread/INFO] [net.minecraft.server.MinecraftServer/]: Saving chunks for level 'ServerLevel[New World]'/minecraft:the_nether
[10mai.2026 15:14:11.035] [Server thread/INFO] [net.minecraft.server.MinecraftServer/]: Saving chunks for level 'ServerLevel[New World]'/minecraft:the_end
